[Message:   BepInEx] BepInEx 5.4.23.5 - EscapeFromTarkov (9/25/2026 5:56:49 PM)
[Info   :   BepInEx] Running under Unity v0.16.9.4074
[Info   :   BepInEx] CLR runtime version: 4.0.30319.42000
[Info   :   BepInEx] Supports SRE: True
[Info   :   BepInEx] System platform: Bits64, Windows
[Message:   BepInEx] Preloader started
[Info   :   BepInEx] Loaded 1 patcher method from [BepInEx.Preloader 5.4.23.5]
[Info   :   BepInEx] Loaded 1 patcher method from [FixPluginTypesSerialization 1.0.0.0]
[Info   :   BepInEx] Loaded 1 patcher method from [SkillsExtended.Client.Prepatch 3.0.2.0]
[Info   :   BepInEx] Loaded 1 patcher method from [spt-prepatch 4.1.6.0]
[Info   :   BepInEx] Loaded 1 patcher method from [BlackDiv 1.0.0.0]
[Info   :   BepInEx] Loaded 1 patcher method from [MoreBotsPrepatch 1.0.0.0]
[Info   :   BepInEx] Loaded 1 patcher method from [TarkovDLSS45 1.0.0.0]
[Info   :   BepInEx] Loaded 1 patcher method from [UnityToolkit-Prepatcher 2.0.2.0]
[Info   :   BepInEx] Loaded 1 patcher method from [WTT-ContentBackportPatcher 2.0.2.0]
[Info   :   BepInEx] 9 patcher plugins loaded
[Warning:FixPluginTypesSerialization] Excluding 'Tyfon.UIFixes.dll' from Serialization Fix. It references Fika.Core which doesn't exist.
[Warning:FixPluginTypesSerialization] Excluding 'Tyfon.UIFixes.Net.dll' from Serialization Fix. It references Fika.Core which doesn't exist.
[Warning:FixPluginTypesSerialization] Excluding 'AllQuestsCheckmarks-Fika.dll' from Serialization Fix. It references Fika.Core which doesn't exist.
[Warning:FixPluginTypesSerialization] Excluding 'LoadAmmoAnimClientFika.dll' from Serialization Fix. It references Fika.Core which doesn't exist.
[Warning:FixPluginTypesSerialization] Excluding 'LootNetFika.dll' from Serialization Fix. It references Fika.Core which doesn't exist.
[Warning:FixPluginTypesSerialization] Excluding 'ozen.MagCheckInterrupt.dll' from Serialization Fix. It references Fika.Core which doesn't exist.
[Warning:FixPluginTypesSerialization] Excluding 'ozen.MagCheckInterrupt.Net.dll' from Serialization Fix. It references Fika.Core which doesn't exist.
[Warning:FixPluginTypesSerialization] Excluding 'WTT-ClientCommonLibFika.dll' from Serialization Fix. It references Fika.Core which doesn't exist.
[Info   :FixPluginTypesSerialization] Injected 105 plugins into Unity Native Serialization.
[Info   :FixPluginTypesSerialization] Running under Unity v2022.3.43.8735101
[Info   :FixPluginTypesSerialization] Found offsets for current version, using them.
[Info   :UnityToolkit-Prepatcher] Loading new version of assembly 'System.Runtime.CompilerServices.Unsafe.dll' from G:\G Games\SPT4.1\SPT4.1 GAME\BepInEx\patchers\UnityToolkit\System.Runtime.CompilerServices.Unsafe.dll
[Info   :   BepInEx] Patching [UnityEngine.CoreModule] with [BepInEx.Chainloader]
[Info   :   BepInEx] Patching [Assembly-CSharp] with [BlackDiv.Prepatch.WildSpawnTypePatch]
[Info   :   BepInEx] Patching [Assembly-CSharp] with [MoreBotsAPI.Prepatch.WildSpawnTypePatch]
[Info   :   BepInEx] Patching [Assembly-CSharp] with [SkillsExtended.SkillsExtendedPatcher]
[Info   :Skills Extended PrePatch] Patching Complete!
[Info   :   BepInEx] Patching [Assembly-CSharp] with [SPT.PrePatch.SptPrePatcher]
[Info   :   BepInEx] Patching [Unity.Postprocessing.Runtime] with [TarkovDLSS45.TarkovDLSS45]
[Info   :   BepInEx] Patching [System.Runtime.CompilerServices.Unsafe] with [UnityToolkit.Prepatcher.Patcher]
[Info   :   BepInEx] Patching [Assembly-CSharp] with [ContentBackportPatcher.EnvironmentUiTypePatch]
[Message:   BepInEx] Preloader finished
[Message:   BepInEx] Chainloader ready
[Message:   BepInEx] Chainloader started
[Info   :   BepInEx] 86 plugins to load
[Info   :   BepInEx] Loading [7Bpencil.HideoutSky 1.2.0]
[Info   :ModulePatch] Enabled patch Patch_HideoutController_HideoutAwake
[Info   :ModulePatch] Enabled patch Patch_HideoutController_OnDestroy
[Info   :ModulePatch] Enabled patch Patch_HideoutScreenOverlay_Show
[Info   :ModulePatch] Enabled patch Patch_HideoutScreenOverlay_ReturnToHomeScreen
[Info   :   BepInEx] Loading [LootNet 1.1.2]
[Info   :ModulePatch] Enabled patch RaidStartPatch
[Info   :ModulePatch] Enabled patch InventoryPatch
[Info   :ModulePatch] Enabled patch InventoryRemovePatch
[Info   :ModulePatch] Enabled patch InventoryScreenShowPatch
[Info   :ModulePatch] Enabled patch InventoryScreenClosePatch
[Info   :ModulePatch] Enabled patch RaidEndPatch
[Info   :ModulePatch] Enabled patch MenuScreenPatch
[Info   :   LootNet] [LootNet] Kill tracking patched across 2 type(s), death tracking across 3 type(s).
[Info   :   LootNet] LootNet v1.1.1 loaded!
[Info   :   BepInEx] Loading [LootNet.Fika 1.0.9]
[Info   :LootNet.Fika] Fika not installed
[Info   :   BepInEx] Loading [acidphantasm-botplacementsystem 2.1.0]
[Info   :ModulePatch] Enabled patch BossSpawnScenarioStopPatch
[Info   :ModulePatch] Enabled patch BotOwnerCreationPatch
[Info   :ModulePatch] Enabled patch PlayerOnDeadPatch
[Info   :ModulePatch] Enabled patch MenuLoadPatch
[Info   :ModulePatch] Enabled patch SetMaxBotCountPatch
[Info   :ModulePatch] Enabled patch BossSpawnScenarioSpawnProgressPatch
[Info   :ModulePatch] Enabled patch BossProgressiveRegressivePatch
[Info   :ModulePatch] Enabled patch PmcSpawnHookPatch
[Info   :ModulePatch] Enabled patch AssaultGroupPatch
[Info   :ModulePatch] Enabled patch NonWavesSpawnSystemPatch
[Info   :ModulePatch] Enabled patch TryToSpawnInZonePatch
[Info   :ModulePatch] Enabled patch IsPlayerEnemyPatch
[Info   :ModulePatch] Enabled patch BotsControllerInitPatch
[Info   :   BepInEx] Loading [acidphantasm-brightlasers 3.0.0]
[Info   :ModulePatch] Enabled patch LaserBeamAwakePatch
[Info   :ModulePatch] Enabled patch LaserBeamCreateLightPatch
[Info   :ModulePatch] Enabled patch LaserBeamLateUpdatePatch
[Info   :   BepInEx] Loading [acidphantasm-enablelabyrinth 1.1.0]
[Info   :ModulePatch] Enabled patch LocationSceneAwakePatch
[Info   :   BepInEx] Loading [AcksBerg-DisableVersionLabelInRaid 1.0.0]
[Info   :AcksBerg-DisableVersionLabelInRaid] DisableVersionLabel loaded
[Info   :   BepInEx] Loading [Amands's Graphics 1.8.0]
[Warning:  HarmonyX] com.Amanda.Graphics: You should only patch implemented methods/constructors to avoid issues. Patch the declared method void EFT.UI.BattleUIScreen<EFT.UI.EftBattleUIScreen+EftBattleUIScreenController, EFT.UI.Screens.EEftScreenType>::Show(EFT.GamePlayerOwner owner) instead of void EFT.UI.BattleUIScreen<EFT.UI.EftBattleUIScreen+EftBattleUIScreenController, EFT.UI.Screens.EEftScreenType>::Show(EFT.GamePlayerOwner owner).
[Info   :ModulePatch] Enabled patch AmandsBattleUIScreenPatch
[Info   :ModulePatch] Enabled patch AmandsGraphicsApplyNVGPatch
[Info   :ModulePatch] Enabled patch AmandsGraphicsCameraManagerPatch
[Info   :ModulePatch] Enabled patch AmandsGraphicsCycleScopesPatch
[Info   :ModulePatch] Enabled patch AmandsGraphicsFastBlurHitPatch
[Info   :ModulePatch] Enabled patch AmandsGraphicsFastBlurPatch
[Info   :ModulePatch] Enabled patch AmandsGraphicsHBAOPatch
[Info   :ModulePatch] Enabled patch AmandsGraphicsNVGPatch
[Info   :ModulePatch] Enabled patch AmandsGraphicsOnPlayerDamagedPatch
[Info   :ModulePatch] Enabled patch AmandsGraphicsOpticPatch
[Info   :ModulePatch] Enabled patch AmandsGraphicsOpticSightPatch
[Info   :ModulePatch] Enabled patch AmandsGraphicsPrismEffectsPatch
[Info   :ModulePatch] Enabled patch AmandsGraphicsTacticalComboVisualControllerPatch
[Info   :ModulePatch] Enabled patch AmandsPlayerPatch
[Info   :ModulePatch] Enabled patch AmandsPainkillerAddEffectPatch
[Info   :ModulePatch] Enabled patch AmandsPainkillerDeleteEffectPatch
[Info   :ModulePatch] Enabled patch AmandsPainTogglePatch
[Info   :Amands's Graphics PatchManager] Enabled 17 patches
[Info   :   BepInEx] Loading [SPT.Core 4.1.6]
[Info   :  SPT.Core] Loading: SPT.Core
[Info   :ModulePatch] Enabled patch ConsistencySinglePatch
[Info   :ModulePatch] Enabled patch ConsistencyMultiPatch
[Info   :ModulePatch] Enabled patch BattlEyePatch
[Info   :ModulePatch] Enabled patch UnityWebRequestPatch
[Info   :ModulePatch] Enabled patch WebSocketSslValidationPatch
[Info   :  SPT.Core] Completed: SPT.Core
[Info   :   BepInEx] Loading [Unity Toolkit 2.0.2]
[Info   :ModulePatch] Enabled patch InjectPlayerLoopSystems
[Info   :   BepInEx] Loading [CompatibilityHighlighter 1.3.0]
[Info   :ModulePatch] Enabled patch ItemViewHoverEnterPatch
[Info   :CompatibilityHighlighter] Enabled hover enter patch.
[Info   :ModulePatch] Enabled patch ItemViewHoverExitPatch
[Info   :CompatibilityHighlighter] Enabled hover exit patch.
[Info   :ModulePatch] Enabled patch ItemViewDragBeginPatch
[Info   :CompatibilityHighlighter] Enabled drag begin patch.
[Info   :ModulePatch] Enabled patch ItemViewDragEndPatch
[Info   :CompatibilityHighlighter] Enabled drag end patch.
[Info   :ModulePatch] Enabled patch ContainerSuppressionPatch
[Info   :CompatibilityHighlighter] Enabled container suppression patch.
[Info   :ModulePatch] Enabled patch HighlightColorPatch
[Info   :CompatibilityHighlighter] Enabled highlight color patch.
[Info   :ModulePatch] Enabled patch SlotOutlineColorPatch
[Info   :CompatibilityHighlighter] Enabled slot outline patch.
[Info   :ModulePatch] Enabled patch ItemUiContextRegisterViewPatch
[Info   :CompatibilityHighlighter] Enabled ItemUiContext register patch.
[Info   :ModulePatch] Enabled patch ItemUiContextUnregisterViewPatch
[Info   :CompatibilityHighlighter] Enabled ItemUiContext unregister patch.
[Info   :CompatibilityHighlighter] CompatibilityHighlighter loaded.
[Info   :   BepInEx] Loading [Configuration Manager 18.4]
[Info   :   BepInEx] Loading [DrakiaXYZ-BigBrain 1.5.0]
[Info   :DrakiaXYZ-BigBrain] Loading: DrakiaXYZ-BigBrain
[Info   :ModulePatch] Enabled patch BotBaseBrainActivatePatch
[Info   :ModulePatch] Enabled patch BotBrainCreateLogicNodePatch
[Info   :ModulePatch] Enabled patch BotBaseBrainUpdatePatch
[Info   :ModulePatch] Enabled patch BotAgentUpdatePatch
[Info   :ModulePatch] Enabled patch BotBaseBrainActivateLayerPatch
[Info   :ModulePatch] Enabled patch BotStandartBotBrainActivatePatch
[Info   :DrakiaXYZ-BigBrain] Completed: DrakiaXYZ-BigBrain
[Info   :   BepInEx] Loading [SAIN 4.5.1]
[Info   :RequestHandler] [REQUEST]: /sain/config
[Info   :RequestHandler] [REQUEST SUCCESSFUL] /sain/config
[Info   :RequestHandler] [REQUEST]: /sain/presets/custom/list
[Info   :RequestHandler] [REQUEST SUCCESSFUL] /sain/presets/custom/list
[Info   :RequestHandler] [REQUEST]: /sain/presets/defaults
[Info   :RequestHandler] [REQUEST SUCCESSFUL] /sain/presets/defaults
[Info   :RequestHandler] [REQUEST]: /sain/namepersonalities
[Info   :RequestHandler] [REQUEST SUCCESSFUL] /sain/namepersonalities
[Info   :RequestHandler] [REQUEST]: /sain/data/get
[Info   :RequestHandler] [REQUEST SUCCESSFUL] /sain/data/get
[Info   :RequestHandler] [REQUEST]: /sain/bottypes/exclusions
[Info   :RequestHandler] [REQUEST SUCCESSFUL] /sain/bottypes/exclusions
[Info   :ModulePatch] Enabled patch UpdateLightEnablePatch
[Info   :ModulePatch] Enabled patch UpdateLightEnablePatch2
[Info   :ModulePatch] Enabled patch ToggleNightVisionPatch
[Info   :ModulePatch] Enabled patch DisableLookUpdatePatch
[Info   :ModulePatch] Enabled patch GlobalLookSettingsPatch
[Info   :ModulePatch] Enabled patch NoAIESPPatch
[Info   :ModulePatch] Enabled patch BotLightTurnOnPatch
[Info   :ModulePatch] Enabled patch FlashbangDurationPatch
[Info   :ModulePatch] Enabled patch VisionSpeedPatch
[Info   :ModulePatch] Enabled patch WeatherVisionPatch
[Info   :ModulePatch] Enabled patch IsPointInVisibleSectorCallerPatch
[Info   :ModulePatch] Enabled patch IsPointInVisibleSectorPatch
[Info   :ModulePatch] Enabled patch VisionDistancePatch
[Info   :ModulePatch] Enabled patch CheckFlashlightPatch
[Info   :ModulePatch] Enabled patch PlayerHurtPatch
[Info   :ModulePatch] Enabled patch PlayerTalkPatch
[Info   :ModulePatch] Enabled patch BotTalkPatch
[Info   :ModulePatch] Enabled patch BotTalkManualUpdatePatch
[Info   :ModulePatch] Enabled patch BotShootPatch
[Info   :ModulePatch] Enabled patch SetGrenadePatch
[Info   :ModulePatch] Enabled patch ResetGrenadePatch
[Info   :ModulePatch] Enabled patch DisableGrenadesPatch
[Info   :ModulePatch] Enabled patch BotAimSteerPatch
[Info   :ModulePatch] Enabled patch HardAimDisablePatch1
[Info   :ModulePatch] Enabled patch HardAimDisablePatch2
[Info   :ModulePatch] Enabled patch PlayerHitReactionDisablePatch
[Info   :ModulePatch] Enabled patch HitAffectApplyPatch
[Info   :ModulePatch] Enabled patch DoHitAffectPatch
[Info   :ModulePatch] Enabled patch AimOffsetPatch
[Info   :ModulePatch] Enabled patch AimTimePatch
[Info   :ModulePatch] Enabled patch SmoothTurnPatch
[Info   :ModulePatch] Enabled patch BotSteeringPitchLimitPatch
[Info   :ModulePatch] Enabled patch SprintLookDirPatch
[Info   :ModulePatch] Enabled patch PlayerSetPosePatch
[Info   :ModulePatch] Enabled patch MovementContextIsAIPatch
[Info   :ModulePatch] Enabled patch CanBeSnappedPatch
[Info   :ModulePatch] Enabled patch GlobalShootSettingsPatch
[Info   :ModulePatch] Enabled patch StopShootCauseAnimatorPatch
[Info   :ModulePatch] Enabled patch PoseStaminaPatch
[Info   :ModulePatch] Enabled patch BotMoverManualUpdatePatch
[Info   :ModulePatch] Enabled patch BotMoverManualFixedUpdatePatch
[Info   :ModulePatch] Enabled patch AimStaminaPatch
[Info   :ModulePatch] Enabled patch CrawlPatch
[Info   :ModulePatch] Enabled patch EncumberedPatch
[Info   :ModulePatch] Enabled patch GrenadeCollisionPatch
[Info   :ModulePatch] Enabled patch GrenadeCollisionPatch2
[Info   :ModulePatch] Enabled patch TryPlayShootSoundPatch
[Info   :ModulePatch] Enabled patch OnWeaponModifiedPatch
[Info   :ModulePatch] Enabled patch SoundClipNameCheckerPatch2
[Info   :ModulePatch] Enabled patch TogglableSetPatch
[Info   :ModulePatch] Enabled patch SpawnInHandsSoundPatch
[Info   :ModulePatch] Enabled patch ActivateBotComponentPatch
[Info   :ModulePatch] Enabled patch AddBotComponentPatch
[Info   :ModulePatch] Enabled patch AddGameWorldPatch
[Info   :ModulePatch] Enabled patch GetBotControllerPatch
[Info   :ModulePatch] Enabled patch WorldTickPatch
[Info   :ModulePatch] Enabled patch BotOwnerActivatePatch
[Info   :ModulePatch] Enabled patch StopRequestExecutePatch
[Info   :ModulePatch] Enabled patch SetEnvironmentPatch
[Info   :ModulePatch] Enabled patch AddPointToSearchPatch
[Info   :ModulePatch] Enabled patch SetPanicPointPatch
[Info   :ModulePatch] Enabled patch HaveSeenEnemyPatch
[Info   :ModulePatch] Enabled patch TurnDamnLightOffPatch
[Info   :ModulePatch] Enabled patch ShallKnowEnemyPatch
[Info   :ModulePatch] Enabled patch ShallKnowEnemyLatePatch
[Info   :ModulePatch] Enabled patch GrenadeThrownActionPatch
[Info   :ModulePatch] Enabled patch GrenadeExplosionActionPatch
[Info   :ModulePatch] Enabled patch BlockVoiceRequestsPatch
[Info   :ModulePatch] Enabled patch BlockGrenadeThrowRequestsPatch
[Info   :ModulePatch] Enabled patch BlockRequestPatch
[Info   :ModulePatch] Enabled patch SetInHands_Empty
[Info   :ModulePatch] Enabled patch Proceed_Weapon_Patch
[Info   :ModulePatch] Enabled patch SetInHands_Weapon_Stationary_Patch
[Info   :ModulePatch] Enabled patch SetInHands_Knife_Patch
[Info   :ModulePatch] Enabled patch SetInHands_Grenade_Patch
[Info   :ModulePatch] Enabled patch SetInHands_Food_Patch
[Info   :ModulePatch] Enabled patch SetInHands_Meds_Patch1
[Info   :ModulePatch] Enabled patch SetInHands_Meds_Patch2
[Info   :ModulePatch] Enabled patch SetInHands_QuickUse_Patch1
[Info   :ModulePatch] Enabled patch SetInHands_QuickUse_Patch2
[Info   :ModulePatch] Enabled patch RunToEnemyUpdatePatch
[Info   :ModulePatch] Enabled patch EnableVaultPatch
[Info   :ModulePatch] Enabled patch FightShallReloadFixPatch
[Info   :ModulePatch] Enabled patch FixItemTakerPatch
[Info   :ModulePatch] Enabled patch FixItemTakerPatch2
[Info   :ModulePatch] Enabled patch RotateClampPatch
[Info   :ModulePatch] Enabled patch BotGroupAddEnemyPatch
[Info   :ModulePatch] Enabled patch BotMemoryAddEnemyPatch
[Info   :ModulePatch] Enabled patch StopSetToNavMeshPatch
[Info   :ModulePatch] Enabled patch StopSetToNavMeshPatch2
[Info   :ModulePatch] Enabled patch RemoveSkillIssueController
[Info   :ModulePatch] Enabled patch EnableUsecPmcKhorovodPatch
[Info   :ModulePatch] Enabled patch EnableBearPmcKhorovodPatch
[Info   :ModulePatch] Enabled patch TreeSoundPatch
[Info   :ModulePatch] Enabled patch DoorSoundPatch
[Info   :ModulePatch] Enabled patch DoorBreachSoundPatch
[Info   :ModulePatch] Enabled patch DryShotPatch
[Info   :ModulePatch] Enabled patch PlaySwitchHeadlightSoundPatch
[Info   :ModulePatch] Enabled patch LootingSoundPatch
[Info   :ModulePatch] Enabled patch AimSoundPatch
[Info   :ModulePatch] Enabled patch BulletImpactPatch
[Info   :ModulePatch] Enabled patch HearingSensorPatch
[Info   :ModulePatch] Enabled patch OnMakingShotPatch
[Info   :ModulePatch] Enabled patch RegisterShotPatch
[Info   :ModulePatch] Enabled patch SoundClipNameCheckerPatch
[Info   :ModulePatch] Enabled patch BodyPartToShootPatch
[Info   :SAIN PatchManager] Enabled 106 patches
[Info   :RequestHandler] [REQUEST]: /sain/bottypes/list
[Info   :RequestHandler] [REQUEST SUCCESSFUL] /sain/bottypes/list
[Info   :   BepInEx] Loading [MoreBotsAPI 2.1.1]
[Info   :MoreBotsAPI] Successfully added blackDivLead : 848420 to the excluded difficulties list
[Info   :MoreBotsAPI] Successfully added blackDivAssault : 848421 to the excluded difficulties list
[Info   :MoreBotsAPI] Successfully added blackDivBreacher : 848422 to the excluded difficulties list
[Info   :MoreBotsAPI] Successfully added blackDivSupport : 848423 to the excluded difficulties list
[Info   :MoreBotsAPI] Successfully added bossWedge : 848424 to the excluded difficulties list
[Info   :MoreBotsAPI] Successfully added blackDivIb : 848426 to the excluded difficulties list
[Info   :ModulePatch] Enabled patch TarkovInitPatch
[Info   :ModulePatch] Enabled patch FixRaidEndSpawnTypePatch
[Info   :ModulePatch] Enabled patch StandartBotBrainActivatePatch
[Info   :ModulePatch] Enabled patch SuitableFollowersListPatch
[Info   :ModulePatch] Enabled patch ShallBossAttackPatch
[Info   :ModulePatch] Enabled patch NewGamePatch
[Info   :ModulePatch] Enabled patch BotsControllerInitPatch
[Info   :ModulePatch] Enabled patch FactionRaidEndPatch
[Info   :ModulePatch] Enabled patch BotsGroupIsPlayerEnemyPatch
[Info   :MoreBotsAPI] Old WildSpawnTypeFromInt converter index: 28 EFT.EnumConverter`1[EFT.WildSpawnType]
[Info   :   BepInEx] Loading [BlackDiv 1.3.1]
[Info   :ModulePatch] Enabled patch TarkovInitPatch
[Info   :ModulePatch] Enabled patch BDNvgPatch
[Info   :   BepInEx] Loading [MoxoPixel-MenuOverhaul 1.3.0]
[Info   :MoxoPixel-MenuOverhaul] [Reflection] Resolved 11 members, missing 0.
[Info   :MoxoPixel-MenuOverhaul] [Reflection] Integrity check passed: all mapped members resolved.
[Info   :ModulePatch] Enabled patch MainMenuLayoutPatchAdapter
[Info   :ModulePatch] Enabled patch PlayerProfileViewPatchAdapter
[Info   :ModulePatch] Enabled patch DefaultUIButtonIdlePatchAdapter
[Info   :ModulePatch] Enabled patch DefaultUIButtonHoverPatchAdapter
[Info   :ModulePatch] Enabled patch OnGameStartedPatch
[Info   :ModulePatch] Enabled patch OnGameEndedPatch
[Info   :MoxoPixel-MenuOverhaul] Plugin MoxoPixel-MenuOverhaul version 1.3.0 loaded.
[Info   :   BepInEx] Loading [PitAlex-PitFireTeam 0.10.3]
[Info   :ModulePatch] Enabled patch BotGroupAddEnemyPatch
[Info   :ModulePatch] Enabled patch BotGroupReportEnemyPatch
[Info   :ModulePatch] Enabled patch BotGroupUsecEnemyPatch
[Info   :ModulePatch] Enabled patch BotGroupCalcGoalPatch
[Info   :ModulePatch] Enabled patch BotControllerEnemyPropagationSafetyPatch
[Info   :ModulePatch] Enabled patch PmcFriendlyFireRetaliationBridgePatch
[Info   :ModulePatch] Enabled patch BotMemoryDamagePatch
[Info   :ModulePatch] Enabled patch FollowerGoalEnemyClearRetentionPatch
[Info   :ModulePatch] Enabled patch ExUsecBrainHitPatch
[Info   :ModulePatch] Enabled patch BotOwnerIsFolowerPatch
[Info   :ModulePatch] Enabled patch BotOwnerManualUpdatePatch
[Info   :ModulePatch] Enabled patch BotOwnerActivatePatch
[Info   :ModulePatch] Enabled patch SessionLoadBotsEnglishVoicePatch
[Info   :ModulePatch] Enabled patch LootPatrolActiveLayerListPatch
[Info   :ModulePatch] Enabled patch LootPatrolDecisionBypassPatch
[Info   :ModulePatch] Enabled patch HostileNonCombatActiveLayerFilterPatch
[Info   :ModulePatch] Enabled patch AdvAssaultTargetFollowerGuardPatch
[Info   :ModulePatch] Enabled patch PatrolDataFollowerUpdateGuardPatch
[Info   :ModulePatch] Enabled patch AvoidDangerFollowerGuardPatch
[Info   :ModulePatch] Enabled patch FollowerNightVisionActivatePatch
[Info   :ModulePatch] Enabled patch FollowerNightVisionOnPatch
[Info   :ModulePatch] Enabled patch FollowerNightVisionOffPatch
[Info   :ModulePatch] Enabled patch PmcBearCombatLayerSuppressionPatch
[Info   :ModulePatch] Enabled patch PmcUsecCombatLayerSuppressionPatch
[Info   :ModulePatch] Enabled patch PmcFlankCombatLayerSuppressionPatch
[Info   :ModulePatch] Enabled patch FollowerSprintPatch
[Info   :ModulePatch] Enabled patch FollowerSprintStateDirectionPatch
[Info   :ModulePatch] Enabled patch BotReceiverFollowMeRecruitPatch
[Info   :ModulePatch] Enabled patch FollowRequestPatch
[Info   :ModulePatch] Enabled patch HoldRequestPatch
[Info   :ModulePatch] Enabled patch OpenDoorRequestPatch
[Info   :ModulePatch] Enabled patch FollowerDoorAutoClosePatch
[Info   :ModulePatch] Enabled patch FollowerBotRequestTakePatch
[Info   :ModulePatch] Enabled patch TeammateBackpackInspectionUpdatePatch
[Info   :ModulePatch] Enabled patch TeammateBackpackChangedContainerPatch
[Info   :ModulePatch] Enabled patch TeammateBackpackObserverStatePatch
[Info   :ModulePatch] Enabled patch TeammateBackpackExaminedPatch
[Info   :ModulePatch] Enabled patch TeammateBackpackKnownItemPatch
[Info   :ModulePatch] Enabled patch TeammateBackpackSearchedItemPatch
[Info   :ModulePatch] Enabled patch TeammateBackpackUnknownContentsPatch
[Info   :ModulePatch] Enabled patch TeammateBackpackSimpleStashLabelPatch
[Info   :ModulePatch] Enabled patch TeammateCorpseContainersPanelSearchPatch
[Info   :ModulePatch] Enabled patch TeammateCorpseEquipmentTabSearchPatch
[Info   :ModulePatch] Enabled patch TeammateCorpseDogtagMovePatch
[Info   :ModulePatch] Enabled patch TeammateCorpseDogtagRemovePatch
[Info   :ModulePatch] Enabled patch FollowerBotReceiverHardAimIgnorePatch
[Info   :ModulePatch] Enabled patch FollowerBotReceiverTiltIgnorePatch
[Info   :ModulePatch] Enabled patch FollowerBotReceiverPhraseIgnorePatch
[Info   :ModulePatch] Enabled patch FollowerBotReceiverGestureIgnorePatch
[Info   :ModulePatch] Enabled patch BotReceiverPhraseOverridePatch
[Info   :ModulePatch] Enabled patch BotsControllerPatch
[Info   :ModulePatch] Enabled patch BotsControllerStopPatch
[Info   :ModulePatch] Enabled patch LocalGameCleanupPatch
[Info   :ModulePatch] Enabled patch BotsEventsControllerSpawnPatch
[Info   :ModulePatch] Enabled patch BossSpawnWaveManagerClassPatch
[Info   :ModulePatch] Enabled patch UnlootableComponentPatch
[Info   :ModulePatch] Enabled patch ModRaidModdablePatch
[Info   :ModulePatch] Enabled patch ItemSpecificationPanelPatch
[Info   :ModulePatch] Enabled patch BotTalkTrySayPatch
[Info   :ModulePatch] Enabled patch BotTalkSayPatch
[Info   :ModulePatch] Enabled patch PlayerSayFollowerTalkPatch
[Info   :ModulePatch] Enabled patch FollowerWeaponTakenAfterDeathPatch
[Info   :ModulePatch] Enabled patch FollowerWeaponSelectorManualUpdatePatch
[Info   :ModulePatch] Enabled patch FollowerSupportNoAmmoMainSwitchPolicyPatch
[Info   :ModulePatch] Enabled patch FollowerHoldLingerReloadSuppressPatch
[Info   :ModulePatch] Enabled patch FollowerCombatReloadPermissionPatch
[Info   :ModulePatch] Enabled patch FollowerCombatReloadFallbackSuppressPatch
[Info   :ModulePatch] Enabled patch FollowerAimTimeProficiencyPatch
[Info   :ModulePatch] Enabled patch FollowerAimTargetPatch
[Info   :ModulePatch] Enabled patch FollowerShootDataSafetyPatch
[Info   :ModulePatch] Enabled patch FollowerShootFromPlaceCrouchPatch
[Info   :ModulePatch] Enabled patch FollowerGrenadeAvailabilityPatch
[Info   :ModulePatch] Enabled patch FollowerGrenadeCooldownPatch
[Info   :ModulePatch] Enabled patch FollowerGrenadeThrowFinishPatch
[Info   :ModulePatch] Enabled patch FollowerGrenadeReleasePatch
[Info   :ModulePatch] Enabled patch FollowerEnemyInfoCorrectionPatch
[Info   :ModulePatch] Enabled patch FollowerEnemyInfoSetVisibleCorrectionPatch
[Info   :ModulePatch] Enabled patch BulletImpactPatch
[Info   :ModulePatch] Enabled patch HearingSensorPatch
[Info   :ModulePatch] Enabled patch FootstepSoundPatch
[Info   :ModulePatch] Enabled patch PlayerSayPatch
[Info   :ModulePatch] Enabled patch PlayerContactAudioFallbackPatch
[Info   :ModulePatch] Enabled patch PlayerVoicePhraseAvailabilityInitPatch
[Info   :ModulePatch] Enabled patch PlayerVoicePhraseAvailabilityReplacePatch
[Info   :ModulePatch] Enabled patch PlayerKilledPatch
[Info   :ModulePatch] Enabled patch SessionResultKillListShowPatch
[Info   :ModulePatch] Enabled patch PlayerDeadFallbackPatch
[Info   :ModulePatch] Enabled patch PlayerMakingShotPatch
[Info   :ModulePatch] Enabled patch PlayerShotPatch
[Info   :ModulePatch] Enabled patch AddTeammateBackButtonPatch
[Info   :ModulePatch] Enabled patch AddTeammateSideSelectionStateClosePatch
[Info   :ModulePatch] Enabled patch AddTeammateNicknameFieldEndEditPatch
[Info   :ModulePatch] Enabled patch AddTeammateNicknameFieldInitPatch
[Info   :ModulePatch] Enabled patch AddTeammateNicknameFieldStatusPatch
[Info   :ModulePatch] Enabled patch AddTeammateNicknameValueChangedPatch
[Info   :ModulePatch] Enabled patch AddTeammateHeadSelectionOptionsPatch
[Info   :ModulePatch] Enabled patch AddTeammateFinishPatch
[Info   :ModulePatch] Enabled patch AIDataContructPatch
[Info   :ModulePatch] Enabled patch QuickPanelPatch
[Info   :ModulePatch] Enabled patch QuickPanelHurtPhrasePatch
[Info   :ModulePatch] Enabled patch QuickPanelUpdateBackpackInteractionPatch
[Info   :ModulePatch] Enabled patch GestureMenuPatch
[Info   :ModulePatch] Enabled patch CreatePhraseGroupPatch
[Info   :ModulePatch] Enabled patch CreateGesturesPatch
[Info   :ModulePatch] Enabled patch CustomPlayerGestureIntPatch
[Info   :ModulePatch] Enabled patch CustomPlayerGestureInteractionPatch
[Info   :ModulePatch] Enabled patch GestureCommandNamePatch
[Info   :ModulePatch] Enabled patch GestureMenuAvailablePhrasesPatch
[Info   :ModulePatch] Enabled patch ViewBackpackQuickPanelTextPatch
[Info   :ModulePatch] Enabled patch ViewBackpackQuickPanelItemTextPatch
[Info   :ModulePatch] Enabled patch EPhraseTriggerPatch
[Info   :ModulePatch] Enabled patch PlayPhraseOrGesturePatch
[Info   :ModulePatch] Enabled patch QuickMumbleStartViewBackpackPatch
[Info   :ModulePatch] Enabled patch BotReceiverGestureOverridePatch
[Info   :ModulePatch] Enabled patch RaidStartPatch
[Info   :ModulePatch] Enabled patch MainMenuControllerPatch
[Info   :ModulePatch] Enabled patch MainMenuControllerReadyScreenGatePatch
[Info   :ModulePatch] Enabled patch TarkovApplicationOnlineFallbackPatch
[Info   :ModulePatch] Enabled patch HideoutGameDisposeSyntheticRaidGuardPatch
[Info   :ModulePatch] Enabled patch MatchmakerPlayerControllerClassAddMemberPatch
[Info   :ModulePatch] Enabled patch MatchmakerPlayerControllerClassDisbandGroupPatch
[Info   :ModulePatch] Enabled patch MatchmakerPlayerControllerClassAbortPatch
[Info   :ModulePatch] Enabled patch MatchMakerAcceptScreenPatch
[Info   :ModulePatch] Enabled patch MatchMakerPlayerPreviewFollowerUiPatch
[Info   :ModulePatch] Enabled patch ContextInteractionsPlayerRemovePatch
[Info   :ModulePatch] Enabled patch TransitPointPatch
[Info   :ModulePatch] Enabled patch TransitWeaponHeatVisualPatch
[Info   :ModulePatch] Enabled patch MatchMakerSelectionLocationScreenPatch
[Info   :ModulePatch] Enabled patch SelectSpawnPointPatch
[Info   :ModulePatch] Enabled patch MatchmakerTimeHasComeShowPatch
[Info   :ModulePatch] Enabled patch PartyInfoPanelEquipmentHealthPatch
[Info   :ModulePatch] Enabled patch MenuScreenShowSquadControlPatch
[Info   :ModulePatch] Enabled patch MenuScreenReconnectVisibilitySquadControlPatch
[Info   :ModulePatch] Enabled patch MenuScreenMinimizedVisibilitySquadControlPatch
[Info   :ModulePatch] Enabled patch MatchMakerSideSelectionScreenShowPatch
[Info   :ModulePatch] Enabled patch MatchMakerSideSelectionScreenTranslateCommandPatch
[Info   :ModulePatch] Enabled patch MatchMakerSideSelectionScreenClosePatch
[Info   :ModulePatch] Enabled patch MainMenuControllerOpenSideSelectionGuardPatch
[Info   :ModulePatch] Enabled patch CurrentScreenTryReturnToRootScreenPatch
[Info   :ModulePatch] Enabled patch PlayerModelViewShowProfilePatch
[Info   :ModulePatch] Enabled patch MatchMakerGroupPreviewClosePlayerPatch
[Info   :ModulePatch] Enabled patch PlayerModelViewShowLastStatePatch
[Info   :ModulePatch] Enabled patch SocialNetworkClassPatch
[Info   :ModulePatch] Enabled patch FriendListInvitePlayerPanelPatch
[Info   :ModulePatch] Enabled patch TeammateContextMenuButtonsPatch
[Info   :ModulePatch] Enabled patch TeammateGroupContextMenuButtonsPatch
[Info   :ModulePatch] Enabled patch ChatInvitePlayersPanelRefreshPatch
[Info   :ModulePatch] Enabled patch ChatCreateDialoguePanelRefreshPatch
[Info   :ModulePatch] Enabled patch ChatFriendsRequestsPanelRefreshPatch
[Info   :ModulePatch] Enabled patch FriendRequestProfileViewPatch
[Info   :ModulePatch] Enabled patch FriendRequestAcceptRefreshPatch
[Info   :ModulePatch] Enabled patch FriendRequestAcceptAllRefreshPatch
[Info   :RequestHandler] [REQUEST]: /singleplayer/pitfireteam/lang
[Info   :RequestHandler] [REQUEST SUCCESSFUL] /singleplayer/pitfireteam/lang
[Info   :RequestHandler] [REQUEST]: /singleplayer/pitfireteam/settings
[Info   :RequestHandler] [REQUEST SUCCESSFUL] /singleplayer/pitfireteam/settings
[Info   :ModulePatch] Enabled patch FriendlyDropdownNamePatch
[Info   :ModulePatch] Enabled patch OtherPlayerProfileScreenPatch
[Info   :ModulePatch] Enabled patch OtherPlayerProfileScreenClosePatch
[Info   :ModulePatch] Enabled patch LoadoutEditorUnloadAmmoPatch
[Info   :ModulePatch] Enabled patch LoadoutEditorRepairContextInteractionPatch
[Info   :ModulePatch] Enabled patch LoadoutEditorRepairByKitPatch
[Info   :ModulePatch] Enabled patch LoadoutEditorRepairByTraderPatch
[Info   :ModulePatch] Enabled patch LoadoutEditorLockContextInteractionPatch
[Info   :ModulePatch] Enabled patch LoadoutEditorLockExecuteInteractionPatch
[Info   :ModulePatch] Enabled patch LoadoutEditorLockedContainerOpenPatch
[Info   :ModulePatch] Enabled patch LoadoutEditorLockedItemMovePatch
[Info   :ModulePatch] Enabled patch LoadoutEditorLockedDestinationPatch
[Info   :ModulePatch] Enabled patch TeammateEquipmentBuildsScreenShowPatch
[Info   :ModulePatch] Enabled patch TeammateEquipmentBuildsScreenVisualPatch
[Info   :ModulePatch] Enabled patch TeammateEquipmentBuildsScreenSelectionPatch
[Info   :ModulePatch] Enabled patch TeammateEquipmentBuildsMissingItemsPatch
[Info   :ModulePatch] Enabled patch TeammateEquipmentBuildsScreenBackButtonPatch
[Info   :ModulePatch] Enabled patch TeammateEquipmentBuildsScreenAltBackButtonPatch
[Info   :ModulePatch] Enabled patch TeammateEquipmentBuildsScreenEscapePatch
[Info   :ModulePatch] Enabled patch TeammateEquipmentBuildsScreenClosePatch
[Info   :ModulePatch] Enabled patch TeammateEquipmentBuildsScreenBuyButtonPatch
[Info   :ModulePatch] Enabled patch TeammateEquipmentBuildsSearchContextPatch
[Info   :ModulePatch] Enabled patch TeammateEquipmentBuildsInspectButtonsPatch
[Info   :ModulePatch] Enabled patch TeammateEquipmentBuildsListViewPatch
[Info   :   BepInEx] Loading [MergeConsumables 1.6.3]
[Info   :MergeConsumables] MC_Plugin has been loaded.
[Info   :ModulePatch] Enabled patch ConvertOperationResultToOperation_Patch
[Info   :ModulePatch] Enabled patch ExecutePossibleAction_Patch
[Info   :   BepInEx] Loading [Tyfon.UIFixes 6.0.3]
[Info   :Tyfon.UIFixes] Enabling 'Show Group Panel'; PIT Fireteam is present
[Info   :ModulePatch] Enabled patch NetworkTransactionPatch
[Warning:  HarmonyX] DialogWindowPatch: You should only patch implemented methods/constructors to avoid issues. Patch the declared method virtual void EFT.UI.DialogWindow<EFT.UI.DialogWindowContext>::Update() instead of virtual void EFT.UI.DialogWindow<EFT.UI.DialogWindowContext>::Update().
[Info   :ModulePatch] Enabled patch DialogWindowPatch
[Info   :ModulePatch] Enabled patch ItemUiContextWindowPatch
[Info   :ModulePatch] Enabled patch ErrorScreenPatch
[Info   :ModulePatch] Enabled patch AddOfferPatch
[Info   :ModulePatch] Enabled patch ClickOutPatch
[Info   :ModulePatch] Enabled patch ClickOutSplitDialogPatch
[Info   :ModulePatch] Enabled patch ClickOutItemsListPatch
[Info   :ModulePatch] Enabled patch ClickOutErrorScreenPatch
[Info   :ModulePatch] Enabled patch ActuallyReadMessagesPatch
[Info   :ModulePatch] Enabled patch ReadMessagesTimerPatch
[Info   :ModulePatch] Enabled patch AttachmentsAreNewPatch
[Info   :ModulePatch] Enabled patch MenuAttachmentsAreNewPatch
[Info   :ModulePatch] Enabled patch DialogueViewAttachmentsAreNewPatch
[Info   :ModulePatch] Enabled patch UpdateCountsAfterTransferPatch
[Info   :ModulePatch] Enabled patch DialogueViewSelectedPatch
[Info   :ModulePatch] Enabled patch MenuTaskBarPatch
[Info   :ModulePatch] Enabled patch SocialNetworkDisplayPatch
[Info   :ModulePatch] Enabled patch InvokeAttachmentsChangedPatch
[Info   :ModulePatch] Enabled patch HandleExpiredMessagesPatch
[Info   :ModulePatch] Enabled patch QuestTooltipPatch
[Info   :ModulePatch] Enabled patch ArmorTooltipPatch
[Info   :ModulePatch] Enabled patch SoftArmorTooltipPatch
[Info   :ModulePatch] Enabled patch FixWeaponBindsDisplayPatch
[Info   :ModulePatch] Enabled patch BoundItemViewTextPatch
[Info   :ModulePatch] Enabled patch BindPanelTextPatch
[Info   :ModulePatch] Enabled patch RotationPatch
[Info   :ModulePatch] Enabled patch FixVisibilityPatch
[Info   :ModulePatch] Enabled patch TranslateCommandHackPatch
[Info   :ModulePatch] Enabled patch LeaveHideoutPatch
[Info   :ModulePatch] Enabled patch MoneyPatch
[Info   :ModulePatch] Enabled patch BarterPatch
[Info   :ModulePatch] Enabled patch LazyLoadPatch
[Info   :ModulePatch] Enabled patch RestoreHideoutSearchPatch
[Info   :ModulePatch] Enabled patch SaveHideoutSearchPatch
[Info   :ModulePatch] Enabled patch CloseHideoutSearchPatch
[Info   :ModulePatch] Enabled patch FastHideoutSearchPatch
[Info   :ModulePatch] Enabled patch FixHideoutSearchAgainPatch
[Info   :ModulePatch] Enabled patch CancelScrollOnMouseWheelPatch
[Info   :ModulePatch] Enabled patch BlockHideoutEnterPatch
[Info   :ModulePatch] Enabled patch SelectAreaPatch
[Info   :ModulePatch] Enabled patch ChangeLevelPatch
[Info   :ModulePatch] Enabled patch PickInitialLevelPatch
[Info   :ModulePatch] Enabled patch ClearLevelPatch
[Info   :ModulePatch] Enabled patch SaveInspectWindowSizePatch
[Info   :ModulePatch] Enabled patch AddInspectWindowButtonsPatch
[Info   :ModulePatch] Enabled patch GrowInspectWindowDescriptionPatch
[Info   :ModulePatch] Enabled patch LeftRightKeybindsPatch
[Info   :ModulePatch] Enabled patch StatFontSizePatch
[Info   :ModulePatch] Enabled patch DescriptionFontSizePatch
[Info   :ModulePatch] Enabled patch CalculateModStatsPatch
[Info   :ModulePatch] Enabled patch CompareModStatsPatch
[Info   :ModulePatch] Enabled patch AddShowHideModStatsButtonPatch
[Info   :ModulePatch] Enabled patch FormatCompactValuesPatch
[Info   :ModulePatch] Enabled patch FormatFullValuesPatch
[Info   :ModulePatch] Enabled patch FixDurabilityBarPatch
[Info   :ModulePatch] Enabled patch HighlightSlotsPatch
[Info   :ModulePatch] Enabled patch HighlightFilledSlotsPatch
[Info   :ModulePatch] Enabled patch FixTraderCompatWithPatch
[Info   :ModulePatch] Enabled patch RemoveDoorActionsPatch
[Info   :ModulePatch] Enabled patch EnhanceStashScrollingPatch
[Info   :ModulePatch] Enabled patch EnchanceTraderStashScrollingPatch
[Info   :ModulePatch] Enabled patch EnhanceFleaScrollingPatch
[Info   :ModulePatch] Enabled patch EnhanceMailScrollingPatch
[Info   :ModulePatch] Enabled patch MouseScrollingSpeedPatch
[Info   :ModulePatch] Enabled patch LightScrollerSpeedPatch
[Info   :ModulePatch] Enabled patch EnhanceHideoutScrollingPatch
[Info   :ModulePatch] Enabled patch EnhanceTaskListScrollingPatch
[Info   :ModulePatch] Enabled patch OpenLastTaskPatch
[Info   :ModulePatch] Enabled patch ContainerStackPatch
[Info   :ModulePatch] Enabled patch TopUpStackPatch
[Info   :ModulePatch] Enabled patch DetectSwapSourceContainerPatch
[Info   :ModulePatch] Enabled patch CleanupSwapSourceContainerPatch
[Info   :ModulePatch] Enabled patch ToggleForceSwapPatch
[Info   :ModulePatch] Enabled patch HighlightSwapSourcePatch
[Info   :ModulePatch] Enabled patch GridViewAcceptItemPatch
[Info   :ModulePatch] Enabled patch GridViewCanAcceptSwapPatch
[Info   :ModulePatch] Enabled patch GridViewForceTrickTargetPatch
[Info   :ModulePatch] Enabled patch SlotCanAcceptSwapPatch
[Info   :ModulePatch] Enabled patch DetectGridHighlightPrecheckPatch
[Info   :ModulePatch] Enabled patch DetectSlotHighlightPrecheckPatch
[Info   :ModulePatch] Enabled patch WeaponApplyPatch
[Info   :ModulePatch] Enabled patch DetectFilterForSwapPatch
[Info   :ModulePatch] Enabled patch FixNoGridErrorPatch
[Info   :ModulePatch] Enabled patch SwapOperationRaiseEventsPatch
[Info   :ModulePatch] Enabled patch RememberSwapGridHoverPatch
[Info   :ModulePatch] Enabled patch InspectWindowUpdateStatsOnSwapPatch
[Info   :ModulePatch] Enabled patch FixAddModFirearmOperationPatch
[Info   :ModulePatch] Enabled patch HideScaryTooltipPatch
[Info   :ModulePatch] Enabled patch ScavInventorySplitPatch
[Info   :ModulePatch] Enabled patch SyncStashScrollPatch
[Info   :ModulePatch] Enabled patch SyncOfferStashScrollPatch
[Info   :ModulePatch] Enabled patch TransferConfirmPatch
[Info   :ModulePatch] Enabled patch PlayerModelPreviewPatch
[Info   :ModulePatch] Enabled patch DetectWeaponPresetCloseTypePatch
[Info   :ModulePatch] Enabled patch ConfirmDiscardWeaponPresetChangesPatch
[Info   :ModulePatch] Enabled patch SavePresetPatch
[Info   :ModulePatch] Enabled patch InstantSavePresetPatch
[Info   :ModulePatch] Enabled patch NoUnsavedChangesPatch
[Info   :ModulePatch] Enabled patch EditBuildScreenZoomPatch
[Info   :ModulePatch] Enabled patch WeaponModdingScreenZoomPatch
[Info   :ModulePatch] Enabled patch NoInventoryZoomPatch
[Info   :ModulePatch] Enabled patch EditBuildScreenPanPatch
[Info   :ModulePatch] Enabled patch WeaponModdingScreenPanPatch
[Warning:  HarmonyX] WeaponModdingScreenCursorPatch: You should only patch implemented methods/constructors to avoid issues. Patch the declared method virtual EFT.InputSystem.ECursorResult EFT.UI.ItemObserveScreen<EFT.UI.WeaponModding.WeaponModdingScreen+WeaponModdingScreenController, EFT.UI.WeaponModding.WeaponModdingScreen>::ShouldLockCursor() instead of virtual EFT.InputSystem.ECursorResult EFT.UI.ItemObserveScreen<EFT.UI.WeaponModding.WeaponModdingScreen+WeaponModdingScreenController, EFT.UI.WeaponModding.WeaponModdingScreen>::ShouldLockCursor().
[Info   :ModulePatch] Enabled patch WeaponModdingScreenCursorPatch
[Info   :ModulePatch] Enabled patch WeaponPreviewCameraNearClipPatch
[Info   :ModulePatch] Enabled patch MoveTaskbarPatch
[Info   :ModulePatch] Enabled patch DoNotToggleOnMouseOverPatch
[Info   :ModulePatch] Enabled patch ToggleOnOpenPatch
[Info   :ModulePatch] Enabled patch DropdownHeightPatch
[Info   :ModulePatch] Enabled patch OfferViewTweaksPatch
[Info   :ModulePatch] Enabled patch SearchFilterPatch
[Info   :ModulePatch] Enabled patch SearchPatch
[Info   :ModulePatch] Enabled patch SearchKeyPatch
[Info   :ModulePatch] Enabled patch SearchKeyHandbookPatch
[Info   :ModulePatch] Enabled patch RagfairScreenShowPatch
[Info   :ModulePatch] Enabled patch OfferViewListCategoryPickedPatch
[Info   :ModulePatch] Enabled patch OfferViewListDoneLoadingPatch
[Info   :ModulePatch] Enabled patch ChangedViewListTypePatch
[Info   :ModulePatch] Enabled patch PlaceOfferClickPatch
[Info   :ModulePatch] Enabled patch ClosePatch
[Info   :ModulePatch] Enabled patch AutopopulatePricesPatch
[Info   :ModulePatch] Enabled patch SetRequirementPatch
[Info   :ModulePatch] Enabled patch BulkTogglePatch
[Info   :ModulePatch] Enabled patch MultipleStacksPatch
[Info   :ModulePatch] Enabled patch AssortUnlocksPatch
[Info   :ModulePatch] Enabled patch AutofillQuestItemsPatch
[Info   :ModulePatch] Enabled patch ContextMenuNamesPatch
[Info   :ModulePatch] Enabled patch PositionSubMenuPatch
[Info   :ModulePatch] Enabled patch PositionInsuranceSubMenuPatch
[Info   :ModulePatch] Enabled patch DeclareSubInteractionsInventoryPatch
[Info   :ModulePatch] Enabled patch CreateSubInteractionsInventoryPatch
[Info   :ModulePatch] Enabled patch DeclareSubInteractionsTradingPatch
[Info   :ModulePatch] Enabled patch CreateSubInteractionsTradingPatch
[Info   :ModulePatch] Enabled patch SniffInteractionButtonCreationPatch
[Info   :ModulePatch] Enabled patch ChangeInteractionButtonCreationPatch
[Info   :ModulePatch] Enabled patch EnableInsureInnerItemsPatch
[Info   :ModulePatch] Enabled patch DisableInsureOnUninsurable
[Info   :ModulePatch] Enabled patch DisableLoadPresetOnBulletsPatch
[Info   :ModulePatch] Enabled patch EmptyModSlotMenuPatch
[Info   :ModulePatch] Enabled patch EmptyModSlotMenuRemovePatch
[Info   :ModulePatch] Enabled patch EmptySlotMenuPatch
[Info   :ModulePatch] Enabled patch EmptySlotMenuRemovePatch
[Info   :ModulePatch] Enabled patch OpenWhileSearchingPatch
[Info   :ModulePatch] Enabled patch ModdingSelectableItemContextPatch
[Info   :ModulePatch] Enabled patch ContextMenuFontSizePatch
[Info   :ModulePatch] Enabled patch GetBuySellTabsPatch
[Info   :ModulePatch] Enabled patch SwitchOnClickPatch
[Info   :ModulePatch] Enabled patch RefreshOnSwitchPatch
[Info   :ModulePatch] Enabled patch RestoreTraderPatch
[Info   :ModulePatch] Enabled patch RestoreTabPatch
[Info   :ModulePatch] Enabled patch RememberTraderAndTabPatch
[Info   :ModulePatch] Enabled patch RememberAutoselectPatch
[Info   :ModulePatch] Enabled patch RestoreAutoselectPatch
[Info   :ModulePatch] Enabled patch SniffChatPanelClosePatch
[Info   :ModulePatch] Enabled patch ReopenMessagesPatch
[Info   :ModulePatch] Enabled patch FocusTradeQuantityPatch
[Info   :ModulePatch] Enabled patch SelectAllPatch
[Info   :ModulePatch] Enabled patch RememberRepairerPatch
[Info   :ModulePatch] Enabled patch DefaultMaxRepairPatch
[Info   :ModulePatch] Enabled patch GridWindowButtonsPatch
[Info   :ModulePatch] Enabled patch LoadMagPresetsPatch
[Info   :ModulePatch] Enabled patch RemoveDefaultPresetNamePatch
[Info   :ModulePatch] Enabled patch RequirePresetNamePatch
[Info   :ModulePatch] Enabled patch WindowOpenPatch
[Info   :ModulePatch] Enabled patch WindowOpenPatch
[Info   :ModulePatch] Enabled patch WindowClosePatch
[Info   :ModulePatch] Enabled patch InventoryShowPatch
[Info   :ModulePatch] Enabled patch InventoryClosePatch
[Info   :ModulePatch] Enabled patch KeepWindowOnScreenPatch
[Info   :ModulePatch] Enabled patch KeepWindowOnScreenPatch
[Info   :ModulePatch] Enabled patch KeepWindowOnScreenPatch
[Info   :ModulePatch] Enabled patch KeepWindowOnScreenPatch
[Info   :ModulePatch] Enabled patch KeepWindowOnScreenPatch
[Info   :ModulePatch] Enabled patch KeepTopOnScreenPatch
[Info   :ModulePatch] Enabled patch BorderPrioritizedWindow
[Info   :ModulePatch] Enabled patch ItemUiContextPatch
[Info   :ModulePatch] Enabled patch HideoutItemViewRegisterContextPatch
[Info   :ModulePatch] Enabled patch TradingPanelRegisterContextPatch
[Info   :ModulePatch] Enabled patch TradingPanelUnregisterContextPatch
[Info   :ModulePatch] Enabled patch SelectCurrentContextPatch
[Info   :ModulePatch] Enabled patch DeselectCurrentContextPatch
[Info   :ModulePatch] Enabled patch AutoOpenPatch
[Info   :ModulePatch] Enabled patch DefaultBindPatch
[Info   :ModulePatch] Enabled patch EnableContextMenuPatch
[Info   :ModulePatch] Enabled patch SlowLoadingPatch
[Info   :ModulePatch] Enabled patch InitializeCommonUIPatch
[Info   :ModulePatch] Enabled patch InitializeMenuUIPatch
[Info   :ModulePatch] Enabled patch SelectOnMouseDownPatch
[Info   :ModulePatch] Enabled patch DeselectOnTradingItemViewClickPatch
[Info   :ModulePatch] Enabled patch HandleItemViewInitPatch
[Info   :ModulePatch] Enabled patch HandleItemViewKillPatch
[Info   :ModulePatch] Enabled patch BeginDragPatch
[Info   :ModulePatch] Enabled patch EndDragPatch
[Info   :ModulePatch] Enabled patch DeselectOnLockPatch
[Info   :ModulePatch] Enabled patch SelectAllPatch
[Info   :ModulePatch] Enabled patch DisableSplitPatch
[Info   :ModulePatch] Enabled patch DisableSplitTargetPatch
[Info   :ModulePatch] Enabled patch DisableMagnifyPatch
[Info   :ModulePatch] Enabled patch MoveOperationDontForgetAboutPinsPatch
[Info   :ModulePatch] Enabled patch RememberPinOperationsPatch
[Info   :ModulePatch] Enabled patch ItemViewClickPatch
[Info   :ModulePatch] Enabled patch ContextActionsPatch
[Info   :ModulePatch] Enabled patch MoreContextActionsPatch
[Info   :ModulePatch] Enabled patch ContextActionsInteractivePatch
[Info   :ModulePatch] Enabled patch AddOfferPatch
[Info   :ModulePatch] Enabled patch StopProcessesPatch
[Info   :ModulePatch] Enabled patch GridViewCanAcceptPatch
[Info   :ModulePatch] Enabled patch GridViewAcceptItemPatch
[Info   :ModulePatch] Enabled patch GridViewPickTargetPatch
[Info   :ModulePatch] Enabled patch GridViewDisableHighlightPatch
[Info   :ModulePatch] Enabled patch GridViewClearTooltipPatch
[Info   :ModulePatch] Enabled patch SlotViewCanAcceptPatch
[Info   :ModulePatch] Enabled patch SlotViewAcceptItemPatch
[Info   :ModulePatch] Enabled patch LoadMagazinePatch
[Info   :ModulePatch] Enabled patch LoadWeaponWithAmmoPatch
[Info   :ModulePatch] Enabled patch LoadMultiBarrelWeaponPatch
[Info   :ModulePatch] Enabled patch TradingTableCanAcceptPatch
[Info   :ModulePatch] Enabled patch TradingTableAcceptItemPatch
[Info   :ModulePatch] Enabled patch TradingTableGetHighlightColorPatch
[Info   :ModulePatch] Enabled patch FindSpotKeepRotationPatch
[Info   :ModulePatch] Enabled patch FindPlaceToPutPatch
[Info   :ModulePatch] Enabled patch AdjustQuickFindFlagsPatch
[Info   :ModulePatch] Enabled patch ReorderContainersPatch
[Info   :ModulePatch] Enabled patch AllowFindSameSpotPatch
[Info   :ModulePatch] Enabled patch ReloadCylinderPatch
[Info   :ModulePatch] Enabled patch FindCompatibleAmmoPatch
[Info   :ModulePatch] Enabled patch CheckItemFilterPatch
[Info   :ModulePatch] Enabled patch LoadAmmoPatch
[Info   :ModulePatch] Enabled patch FilterMagPresetsPatch
[Info   :ModulePatch] Enabled patch LoadPresetPatch
[Info   :ModulePatch] Enabled patch TradingPlayerPatch
[Info   :ModulePatch] Enabled patch TransferPlayerPatch
[Info   :ModulePatch] Enabled patch UnloadScavTransferPatch
[Info   :ModulePatch] Enabled patch NoScavStashPatch
[Info   :ModulePatch] Enabled patch ExecutePossibleActionSimulateFalsePatch
[Info   :ModulePatch] Enabled patch BlockPartialTransfersPatch
[Info   :ModulePatch] Enabled patch PutToolsBackPatch
[Info   :ModulePatch] Enabled patch RebindFoodMedsPatch
[Info   :ModulePatch] Enabled patch RebindGrenadesPatch
[Info   :ModulePatch] Enabled patch AddTwoKeyStatesPatch
[Info   :ModulePatch] Enabled patch AddOneKeyStatesPatch
[Info   :ModulePatch] Enabled patch UpdateInputPatch
[Info   :ModulePatch] Enabled patch ForceTacticalModePatch
[Info   :ModulePatch] Enabled patch ToggleInteractionPatch
[Info   :ModulePatch] Enabled patch ReorderGridsPatch
[Info   :ModulePatch] Enabled patch MoneyPanelPatch
[Info   :ModulePatch] Enabled patch MoneyPanelTMPTextPatch
[Info   :ModulePatch] Enabled patch HandbookWorkaroundPatch
[Info   :ModulePatch] Enabled patch LinkedSlotSearchPatch
[Info   :ModulePatch] Enabled patch MyOffersPatch
[Info   :ModulePatch] Enabled patch CreateButtonPatch
[Info   :ModulePatch] Enabled patch ShowButtonPatch
[Info   :ModulePatch] Enabled patch FilterPanelPatch
[Info   :ModulePatch] Enabled patch StackFirstPatch
[Info   :ModulePatch] Enabled patch ReloadInPlacePatch
[Info   :ModulePatch] Enabled patch ReloadInPlaceFindMagPatch
[Info   :ModulePatch] Enabled patch ReloadInPlaceFindSpotPatch
[Info   :ModulePatch] Enabled patch AlwaysSwapPatch
[Info   :ModulePatch] Enabled patch SwapIfNoSpacePatch
[Info   :ModulePatch] Enabled patch IconsPatch
[Info   :ModulePatch] Enabled patch ItemViewScalePatch
[Info   :ModulePatch] Enabled patch ItemUpdateInfoPatch
[Info   :ModulePatch] Enabled patch HideItemViewStatsPatch
[Info   :ModulePatch] Enabled patch OverrideGridItemViewTooltipPatch
[Info   :ModulePatch] Enabled patch NoPointerEnterPatch
[Info   :ModulePatch] Enabled patch NoPointerExitPatch
[Info   :ModulePatch] Enabled patch NoPointerClickPatch
[Info   :ModulePatch] Enabled patch RagfairScreenShowPatch
[Info   :ModulePatch] Enabled patch OnPurchaseClickedUpdatePatch
[Info   :ModulePatch] Enabled patch UnlockCursorPatch
[Info   :ModulePatch] Enabled patch OnDragEventPatch
[Info   :ModulePatch] Enabled patch OnDragEventPatch
[Info   :ModulePatch] Enabled patch OnDragEventPatch
[Info   :ModulePatch] Enabled patch OnDragEventPatch
[Info   :ModulePatch] Enabled patch OnDragEventPatch
[Info   :ModulePatch] Enabled patch HideoutCameraPatch
[Info   :ModulePatch] Enabled patch HideoutZoomPatch
[Info   :ModulePatch] Enabled patch LastResizePatch
[Info   :ModulePatch] Enabled patch MoveBeforeResizePatch
[Info   :ModulePatch] Enabled patch MoveBeforeUnfoldPatch
[Info   :ModulePatch] Enabled patch MoveOperationRollbackPatch
[Info   :ModulePatch] Enabled patch SwapOperationRollbackPatch
[Info   :ModulePatch] Enabled patch MoveBeforeNetworkTransactionPatch
[Info   :ModulePatch] Enabled patch SwapModsPatch
[Info   :ModulePatch] Enabled patch ModEquippedPatch
[Info   :ModulePatch] Enabled patch InspectLockedPatch
[Info   :ModulePatch] Enabled patch MoveCanExecutePatch
[Info   :ModulePatch] Enabled patch ModCanBeMovedPatch
[Info   :ModulePatch] Enabled patch CanDetachPatch
[Info   :ModulePatch] Enabled patch CanApplyPatch
[Info   :ModulePatch] Enabled patch LockedStatePatch
[Info   :ModulePatch] Enabled patch ArmorSlotAcceptRaidPatch
[Info   :ModulePatch] Enabled patch ModRaidModdablePatch
[Info   :ModulePatch] Enabled patch EmptyVitalPartsPatch
[Info   :ModulePatch] Enabled patch InAssemblePatch
[Info   :ModulePatch] Enabled patch LongerFullIdPatch
[Info   :ModulePatch] Enabled patch CheckIfAlreadyBuiltPatch
[Info   :ModulePatch] Enabled patch DisassembleAllPatch
[Info   :ModulePatch] Enabled patch OnEnterPatch
[Info   :ModulePatch] Enabled patch TagsOverCaptionsPatch
[Info   :ModulePatch] Enabled patch AddTagNewItemPatch
[Info   :ModulePatch] Enabled patch AddTagParsedItemPatch
[Info   :ModulePatch] Enabled patch TagAdditionalTypePatch
[Info   :ModulePatch] Enabled patch KeepTagsLocalPatch
[Info   :ModulePatch] Enabled patch BindableTacticalPatch
[Info   :ModulePatch] Enabled patch ReachableTacticalPatch
[Info   :ModulePatch] Enabled patch UseTacticalPatch
[Info   :ModulePatch] Enabled patch BindTacticalPatch
[Info   :ModulePatch] Enabled patch UnbindTacticalPatch
[Info   :ModulePatch] Enabled patch InitQuickBindsPatch
[Info   :ModulePatch] Enabled patch OperationQueuePatch
[Info   :ModulePatch] Enabled patch IntSliderPatch
[Info   :ModulePatch] Enabled patch StepSliderPatch
[Info   :ModulePatch] Enabled patch ModdingScreenListenOpenPatch
[Info   :ModulePatch] Enabled patch ModdingScreenListenClosePatch
[Info   :ModulePatch] Enabled patch SlotViewClickOpenPatch
[Info   :ModulePatch] Enabled patch ItemSelectionCellClickOpenPatch
[Info   :ModulePatch] Enabled patch EmptySlotRemovePointerDownPatch
[Info   :ModulePatch] Enabled patch EmptySlotInteractablePatch
[Info   :ModulePatch] Enabled patch EmptySlotClickPatch
[Info   :ModulePatch] Enabled patch BackgroundClickClosePatch
[Info   :ModulePatch] Enabled patch FixBlockedItemSwapPatch
[Info   :ModulePatch] Enabled patch FixPlayerInspectPatch
[Info   :ModulePatch] Enabled patch BigButtonPatch
[Info   :ModulePatch] Enabled patch DebounceStatusNotifyPatch
[Info   :ModulePatch] Enabled patch ModifyUnsearchedContainerPatch
[Info   :ModulePatch] Enabled patch StashPanelAdPatch
[Info   :ModulePatch] Enabled patch HideoutStashAdPatch
[Info   :ModulePatch] Enabled patch PaymentSlotsPatch
[Info   :ModulePatch] Enabled patch RequisiteChangePatch
[Info   :ModulePatch] Enabled patch ClosePatch
[Info   :ModulePatch] Enabled patch CreateIconsPatch
[Info   :ModulePatch] Enabled patch ShowIconsPatch
[Info   :ModulePatch] Enabled patch QuestListItemPatch
[Info   :ModulePatch] Enabled patch HandoverPatch
[Info   :ModulePatch] Enabled patch BuildsCategoriesPanelPatch
[Info   :ModulePatch] Enabled patch StockBuildsCheckboxPatch
[Info   :ModulePatch] Enabled patch IsInWishlistPatch
[Info   :ModulePatch] Enabled patch AreaDatasPatch
[Info   :ModulePatch] Enabled patch RequirementsPatch
[Info   :ModulePatch] Enabled patch ItemSpecificationWishlistPatch
[Info   :ModulePatch] Enabled patch TraderPurchaseWishlistItemPatch
[Info   :ModulePatch] Enabled patch GridItemViewWishlistPatch
[Info   :ModulePatch] Enabled patch FocusStashSearchPatch
[Info   :ModulePatch] Enabled patch OpenSearchPatch
[Info   :ModulePatch] Enabled patch AddSearchStashPatch
[Info   :ModulePatch] Enabled patch PositionSearchStashPatch
[Info   :ModulePatch] Enabled patch InternalReloadApplyItemPatch
[Info   :ModulePatch] Enabled patch IsLoadAmmoByTypePatch
[Info   :ModulePatch] Enabled patch AddLoadAmmoPatch
[Info   :ModulePatch] Enabled patch LoadAmmoIsActivePatch
[Info   :ModulePatch] Enabled patch UnloadChamberTooPatch
[Info   :ModulePatch] Enabled patch LoadBarrelPatch
[Info   :ModulePatch] Enabled patch LoadAmmoIsActivePatch
[Info   :ModulePatch] Enabled patch LoadAmmoIsInteractivePatch
[Info   :ModulePatch] Enabled patch LoadAmmoSubInteractionsPatch
[Info   :ModulePatch] Enabled patch UnloadAmmoPatch
[Info   :ModulePatch] Enabled patch CylinderMagApplyPatch
[Info   :ModulePatch] Enabled patch CylinderMagApplyWithoutRestrictionsPatch
[Info   :ModulePatch] Enabled patch LoadCylinderPatch
[Info   :ModulePatch] Enabled patch UnloadCylinderPatch
[Info   :ModulePatch] Enabled patch IsInteractivePatch
[Info   :ModulePatch] Enabled patch LoadAmmoSubInteractionsPatch
[Info   :ModulePatch] Enabled patch DisablePresetPatch
[Info   :ModulePatch] Enabled patch SuppressAlphanumericCommandsPatch
[Info   :ModulePatch] Enabled patch FirearmsUpdateModsPatch
[Info   :ModulePatch] Enabled patch FirearmsValidateScopeSmoothZoomPatch
[Info   :ModulePatch] Enabled patch PlayerCameraLateUpdateTranspiler
[Info   :ModulePatch] Enabled patch OpticRetriceUpdateTransformPatch
[Info   :ModulePatch] Enabled patch TransferMergePatch
[Info   :ModulePatch] Enabled patch NoFitOutlinePatch
[Info   :ModulePatch] Enabled patch HideNoFitOutlinePatch
[Info   :ModulePatch] Enabled patch SilencePixelPerfectSpriteScalerPatch
[Info   :ModulePatch] Enabled patch AimPatch
[Info   :ModulePatch] Enabled patch ReloadPatch
[Info   :ModulePatch] Enabled patch SprintPatch
[Info   :ModulePatch] Enabled patch PreSprintPatch
[Info   :ModulePatch] Enabled patch BreathPatch
[Info   :ModulePatch] Enabled patch MapKeyBindingsPatch
[Info   :ModulePatch] Enabled patch CompassGogglesPatch
[Info   :ModulePatch] Enabled patch FixGridPrepareItemsPatch
[Info   :ModulePatch] Enabled patch FixTraderFiltersPatch
[Info   :ModulePatch] Enabled patch InitPreviewPatch
[Info   :ModulePatch] Enabled patch KillPreviewPatch
[Info   :ModulePatch] Enabled patch RotateKeybindPatch
[Info   :ModulePatch] Enabled patch HideInviteUIPatch
[Info   :ModulePatch] Enabled patch ServicesSelectedPatch
[Info   :   BepInEx] Loading [BlackHawk-QuickSell 4.0.1]
[Info   :ModulePatch] Enabled patch ContextMenuShowPatch
[Info   :ModulePatch] Enabled patch ContextMenuShowMenuPatch
[Info   :ModulePatch] Enabled patch TooltipPatch
[Info   :ModulePatch] Enabled patch TooltipDelayPatch
[Info   :ModulePatch] Enabled patch ItemUiContextKeybindPatch
[Info   :   BepInEx] Loading [Borkel's Realistic NVGs 3.0.3]
[Info   :RequestHandler] [REQUEST]: /quicksell/getFleaPrices
[Info   :RequestHandler] [REQUEST SUCCESSFUL] /quicksell/getFleaPrices
[Info   :BlackHawk-QuickSell] QuickSell: loaded 7543 flea prices; cache now holds 7543.
[Info   :ModulePatch] Enabled patch NightVisionAwakePatch
[Info   :ModulePatch] Enabled patch NightVisionApplySettingsPatch
[Info   :ModulePatch] Enabled patch NightVisionRenderPatch
[Info   :ModulePatch] Enabled patch NightVisionSetMaskPatch
[Info   :ModulePatch] Enabled patch ThermalVisionSetMaterialPatch
[Info   :ModulePatch] Enabled patch SprintPatch
[Info   :ModulePatch] Enabled patch NightVisionSwitchPatch
[Info   :ModulePatch] Enabled patch IkLightAwakePatch
[Info   :ModulePatch] Enabled patch LaserBeamAwakePatch
[Info   :ModulePatch] Enabled patch LaserBeamLateUpdatePatch
[Info   :ModulePatch] Enabled patch GameStartedPatch
[Info   :Borkel's Realistic NVGs] Blocked 15 Amands Graphics NVG ambient writes.
[Info   :Borkel's Realistic NVGs] Amands Graphics NVG ambient changes disabled.
[Info   :Borkel's Realistic NVGs] Patches enabled successfully!
[Info   :   BepInEx] Loading [C11-TN4-Client 4.0.8]
[Info   :ModulePatch] Enabled patch NightVisionMaskApply
[Info   :ModulePatch] Enabled patch CurveRotatorPatch
[Info   :ModulePatch] Enabled patch AmpArmsEquipPatch
[Info   :   BepInEx] Loading [DrakiaXYZ-Waypoints 1.9.0]
[Info   :ModulePatch] Enabled patch DebugPatch
[Info   :ModulePatch] Enabled patch WaypointPatch
[Info   :ModulePatch] Enabled patch DoorLinkPatch
[Info   :ModulePatch] Enabled patch DoorLinkStateChangePatch
[Info   :ModulePatch] Enabled patch SwitchDoorBlockerPatch
[Info   :ModulePatch] Enabled patch ExfilDoorBlockerPatch
[Info   :ModulePatch] Enabled patch FindPathPatch
[Info   :   BepInEx] Loading [ORBIT 2.0.0]
[Info   :   BepInEx] Loading [Choo² Trader Modding 2.1.2]
[Info   :ModulePatch] Enabled patch EditBuildScreenPatch
[Info   :ModulePatch] Enabled patch EditBuildScreenShowPatch
[Info   :ModulePatch] Enabled patch EditBuildScreenClosePatch
[Info   :ModulePatch] Enabled patch EditBuildScreenAssembledWeaponPatch
[Info   :ModulePatch] Enabled patch DropDownPatch
[Info   :ModulePatch] Enabled patch DropDownPatchDeleteOverlays
[Info   :ModulePatch] Enabled patch ModdingScreenSlotViewPatch
[Info   :ModulePatch] Enabled patch WeaponUpdatePatch
[Info   :ModulePatch] Enabled patch ItemObserveScreenRefreshIconsPatch
[Info   :ModulePatch] Enabled patch ItemObserveScreenPatch
[Info   :   BepInEx] Loading [Skills Extended 3.0.2]
[Info   :ModulePatch] Enabled patch UpdateWeaponsPatch
[Info   :ModulePatch] Enabled patch BuffIconShowPatch
[Info   :ModulePatch] Enabled patch SkillIconShowPatch
[Info   :ModulePatch] Enabled patch SkillPanelDisablePatch
[Info   :ModulePatch] Enabled patch MovementContextSetSpeedLimitPatch
[Info   :ModulePatch] Enabled patch DoorSoundPatch
[Info   :ModulePatch] Enabled patch GetBarterPricePatch
[Info   :ModulePatch] Enabled patch RequiredItemsCountPatch
[Info   :ModulePatch] Enabled patch MeleeSpeedPatch
[Info   :ModulePatch] Enabled patch OnEnemyKillPatch
[Info   :ModulePatch] Enabled patch OnGameStartedPatch
[Info   :ModulePatch] Enabled patch ProneMoveStatePatch
[Info   :ModulePatch] Enabled patch ProneMoveVolumePatch
[Info   :ModulePatch] Enabled patch DoorActionPatch
[Info   :ModulePatch] Enabled patch CanWalkPatch
[Info   :ModulePatch] Enabled patch HealthEffectComponentPatch
[Info   :ModulePatch] Enabled patch HealthEffectUseTimePatch
[Info   :ModulePatch] Enabled patch SpawnPatch
[Warning:  HarmonyX] com.cj.skillsextended: You should only patch implemented methods/constructors to avoid issues. Patch the declared method int EFT.BaseSkill::get_SummaryLevel() instead of int EFT.BaseSkill::get_SummaryLevel().
[Info   :ModulePatch] Enabled patch AbstractSkillClassSummaryLevelPatch
[Info   :ModulePatch] Enabled patch PersonalBuffPatch
[Info   :ModulePatch] Enabled patch PersonalBuffFullStringPatch
[Info   :ModulePatch] Enabled patch StimulatorApplyBuffPatch
[Info   :ModulePatch] Enabled patch ElectronicsCursorPatch
[Info   :ModulePatch] Enabled patch ElectronicsAxesPatch
[Info   :ModulePatch] Enabled patch ElectronicsCommandsPatch
[Info   :ModulePatch] Enabled patch ElectronicsRaidStartPatch
[Info   :ModulePatch] Enabled patch ElectronicsKeycardPatch
[Info   :ModulePatch] Enabled patch CreatePhysicalSkillsPatch
[Info   :ModulePatch] Enabled patch SkillClassCtorPatch
[Info   :ModulePatch] Enabled patch SkillClassOnTriggerPatch
[Info   :ModulePatch] Enabled patch SkillManagerConstructorPatch
[Info   :Skills Extended PatchManager] Enabled 31 patches
[Info   :   BepInEx] Loading [SPT.Custom 4.1.6]
[Info   :SPT.Custom] Loading: SPT.Custom
[Info   :ModulePatch] Enabled patch EasyAssetsPatch
[Info   :ModulePatch] Enabled patch EasyBundlePatch
[Info   :ModulePatch] Enabled patch GameStartRequestPatch
[Info   :ModulePatch] Enabled patch DisableNonHalloweenExitsDuringEventPatch
[Info   :ModulePatch] Enabled patch SendFleaListingTaxAmountToServerPatch
[Info   :ModulePatch] Enabled patch AddTraitorScavsPatch
[Info   :RequestHandler] [REQUEST]: /singleplayer/bosstypes
[Info   :RequestHandler] [REQUEST SUCCESSFUL] /singleplayer/bosstypes
[Info   :ModulePatch] Enabled patch CustomAiPatch
[Info   :ModulePatch] Enabled patch SaveSettingsToSptFolderPatch
[Info   :ModulePatch] Enabled patch PatchPlayerPrefsSetInt
[Info   :ModulePatch] Enabled patch PatchPlayerPrefsSetFloat
[Info   :ModulePatch] Enabled patch PatchPlayerPrefsSetString
[Info   :ModulePatch] Enabled patch PatchPlayerPrefsGetInt
[Info   :ModulePatch] Enabled patch PatchPlayerPrefsGetFloat
[Info   :ModulePatch] Enabled patch PatchPlayerPrefsGetString
[Info   :ModulePatch] Enabled patch PatchPlayerPrefsHasKey
[Info   :ModulePatch] Enabled patch PatchPlayerPrefsDeleteKey
[Info   :ModulePatch] Enabled patch PatchPlayerPrefsDeleteAll
[Info   :ModulePatch] Enabled patch PatchPlayerPrefsSave
[Info   :ModulePatch] Enabled patch RedirectClientImageRequestsPatch
[Info   :ModulePatch] Enabled patch DisableGameModeAdjustButtonPatch
[Info   :ModulePatch] Enabled patch FixPmcSpawnParamsNullErrorPatch
[Info   :ModulePatch] Enabled patch SetPreRaidSettingsScreenDefaultsPatch
[Info   :ModulePatch] Enabled patch CoreDifficultyPatch
[Info   :ModulePatch] Enabled patch BotDifficultyPatch
[Info   :ModulePatch] Enabled patch VersionLabelPatch
[Info   :ModulePatch] Enabled patch FixScavWarNullErrorWithMarkOfUnknownPatch
[Info   :ModulePatch] Enabled patch MergeScavPmcQuestsOnInventoryLoadPatch
[Info   :ModulePatch] Enabled patch CopyPmcQuestsAndWishlistToPlayerScavPatch
[Info   :ModulePatch] Enabled patch FixBossesHavingNoFollowersOnMediumAiAmount
[Info   :ModulePatch] Enabled patch FixAirdropCrashPatch
[Info   :ModulePatch] Enabled patch FixAirdropFlareDisposePatch
[Info   :ModulePatch] Enabled patch MemoryCollectionPatch
[Info   :ModulePatch] Enabled patch LocaleManagerRaceConditionFixPatch
[Info   :ModulePatch] Enabled patch AddOfferFilterHangPatch
[Info   :ModulePatch] Enabled patch FixPrecipitationAmbientBlenderNullRefPatch
[Info   :ModulePatch] Enabled patch EnablePrestigeTabPatch
[Info   :ModulePatch] Enabled patch MatchStartServerLocationPatch
[Info   :ModulePatch] Enabled patch SpawnPointAIPlayerBotLimitPatch
[Info   :ModulePatch] Enabled patch SpawnPointNearestPlayerAIPatch
[Info   :ModulePatch] Enabled patch BotsControllerInitPatch
[Info   :ModulePatch] Enabled patch BotsEventsControllerActivatePatch
[Info   :ModulePatch] Enabled patch EnableInfectionUIPatch
[Info   :ModulePatch] Enabled patch KhorovodDisposeFix
[Info   :ModulePatch] Enabled patch FixKeylessDoorsPatch
[Info   :SPT.Custom] Completed: SPT.Custom
[Info   :   BepInEx] Loading [Use Items Anywhere 2.1.5]
[Info   :ModulePatch] Enabled patch BackpackRummageHandsPatch
[Info   :ModulePatch] Enabled patch ContainerSlotsPatch
[Info   :ModulePatch] Enabled patch GetThrowablePriorityGrenadesListPatch
[Info   :ModulePatch] Enabled patch GrenadeThrowingSlotsPatch
[Info   :ModulePatch] Enabled patch IsAtBindablePlace
[Info   :ModulePatch] Enabled patch IsAtReachablePlace
[Info   :ModulePatch] Enabled patch ItemAccessDelayPatch
[Info   :ModulePatch] Enabled patch PaymentSlotsPatch
[Info   :ModulePatch] Enabled patch QuickUseWheelAxesPatch
[Info   :ModulePatch] Enabled patch QuickUseWheelInputPatch
[Info   :Use Items Anywhere PatchManager] Enabled 10 patches
[Info   :   BepInEx] Loading [COD2EFT Inspector 0.7.0]
[Info   :COD2EFT Inspector] COD2EFT Inspector v0.7.0 loaded. Panel F9, screenshot Not set, output G:\G Games\SPT4.1\SPT4.1 GAME\COD2EFT_Screenshots
[Info   :COD2EFT Inspector] Game 1.0, Unity 2022.3.43f1, game folder G:\G Games\SPT4.1\SPT4.1 GAME
[Info   :COD2EFT Inspector]   type EFT.GameWorld: found
[Info   :COD2EFT Inspector]   type Comfort.Common.Singleton`1: found
[Info   :COD2EFT Inspector]   type EFT.Player: found
[Info   :COD2EFT Inspector]   type EFT.PlayerBody: found
[Info   :COD2EFT Inspector]   type EFT.UI.PlayerModelView: found
[Info   :COD2EFT Inspector]   type EFT.UI.TacticalClothingView: found
[Info   :COD2EFT Inspector]   type EFT.Visual.LoddedSkin: found
[Info   :COD2EFT Inspector] Photo mode: patched EFT.CameraControl.CameraManager.ForceSetPosition
[Info   :COD2EFT Inspector] Menu try-on: patched 2 PlayerModelView.Show overload(s)
[Info   :   BepInEx] Loading [LateToTheParty 3.1.1]
[Info   :LateToTheParty] Loading LateToTheParty...
[Info   :LateToTheParty] Loading LateToTheParty...getting configuration data...
[Info   :RequestHandler] [REQUEST]: /LateToTheParty/GetConfig
[Info   :RequestHandler] [REQUEST SUCCESSFUL] /LateToTheParty/GetConfig
[Info   :ModulePatch] Enabled patch MenuShowPatch
[Info   :ModulePatch] Enabled patch TarkovInitPatch
[Info   :ModulePatch] Enabled patch ReadyToPlayPatch
[Info   :ModulePatch] Enabled patch GameWorldOnDestroyPatch
[Info   :ModulePatch] Enabled patch WorldInteractiveObjectSkipEmitterPatch
[Info   :ModulePatch] Enabled patch StartLocalGamePatch
[Info   :ModulePatch] Enabled patch OnGameStartedPatch
[Info   :ModulePatch] Enabled patch OnItemAddedOrRemovedPatch
[Info   :ModulePatch] Enabled patch OnBeenKilledByAggressorPatch
[Info   :ModulePatch] Enabled patch OnBoxLandPatch
[Info   :ModulePatch] Enabled patch WorldInteractiveObjectPlaySoundPatch
[Info   :   BepInEx] Loading [SPT-UseLooseLoot 1.6.0]
[Info   :ModulePatch] Enabled patch MakeFoodMedsUsablePatch
[Info   :SPT-UseLooseLoot] [UseLooseLoot] Loaded.
[Info   :   BepInEx] Loading [HeadVoiceSelector Core 1.0.8]
[Info   :ModulePatch] Enabled patch OverallScreenPatch
[Info   :   BepInEx] Loading [Hj's Improved Customization UI 1.0.0]
[Info   :ModulePatch] Enabled patch CustomizationTabShowPatch
[Info   :ModulePatch] Enabled patch CustomizationTabClosePatch
[Info   :ModulePatch] Enabled patch CustomizationTabCleanupPatch
[Info   :ModulePatch] Enabled patch CustomizationPrepareSelectorsPatch
[Info   :ModulePatch] Enabled patch CustomizationUpdatePreviewPatch
[Info   :ModulePatch] Enabled patch CustomizationPlayVoicePatch
[Info   :ModulePatch] Enabled patch PreviewSoundPatch
[Info   :ModulePatch] Enabled patch PreviewSoundAtPointPatch
[Info   :ModulePatch] Enabled patch RagmanClothingShowPatch
[Info   :ModulePatch] Enabled patch RagmanClothingOffersPatch
[Info   :ModulePatch] Enabled patch RagmanClothingCardPatch
[Info   :ModulePatch] Enabled patch RagmanClothingCardStatePatch
[Info   :   BepInEx] Loading [Ragdoll Kinetics 1.2.0]
[Info   :Ragdoll Kinetics] Ragdoll Kinetics 1.2.0 loaded
[Info   :   BepInEx] Loading [inory-agonysfx 1.2.0]
[Info   :inory-AgonySFX] Agony SFX Plugin loaded. Applying patches...
[Info   :ModulePatch] Enabled patch DeathSoundPatch
[Info   :inory-AgonySFX] DeathSoundPatch applied.
[Info   :   BepInEx] Loading [Janky-HollywoodFX 3.0.0]
[Info   :Janky-HollywoodFX] Loading Impacts Bundle: G:\G Games\SPT4.1\SPT4.1 GAME\BepInEx\plugins\HollywoodFX\hollywoodfx
[Info   :   BepInEx] Loading [Janky-HollywoodGraphics 3.0.0]
[Info   :   BepInEx] Loading [MedicalAttention 4.1.3]
[Info   :   BepInEx] Loading [SpecialSlots 4.1.3]
[Info   :ModulePatch] Enabled patch SlotItemViewPatch
[Info   :   BepInEx] Loading [Kaeno-TraderScrolling 4.0.0]
[Info   :   BepInEx] Loading [ContinuousHealing 1.6.3]
[Info   :ContinuousHealing] CH_Plugin has been loaded.
[Info   :ModulePatch] Enabled patch CH_EndHeal_Patch
[Info   :ModulePatch] Enabled patch CH_CancelHeal_Patch
[Info   :ModulePatch] Enabled patch CH_StartHeal_Patch
[Info   :   BepInEx] Loading [HandsAreNotBusy 1.7.1]
[Info   :HandsAreNotBusy] HANB_Plugin has been loaded.
[Info   :ModulePatch] Enabled patch HANB_Patch
[Info   :   BepInEx] Loading [LetMeRightClick 1.1.1]
[Info   :LetMeRightClick] LMRC_Plugin has been loaded.
[Info   :ModulePatch] Enabled patch ItemUiContext_GetItemContextInteractions_Patch
[Info   :   BepInEx] Loading [Leonana69-Radar 1.3.4]
[Info   :Leonana69-Radar] Radar assets loaded.
[Info   :ModulePatch] Enabled patch GameStartPatch
[Info   :Leonana69-Radar] Radar plugin enabled.
[Info   :   BepInEx] Loading [WTT-ClientCommonLib 3.0.6]
[Info   :ModulePatch] Enabled patch ItemDroppedAtPlacePatch
[Info   :ModulePatch] Enabled patch BoomboxAudioPatch
[Info   :ModulePatch] Enabled patch ClothingBundleRendererPatch
[Info   :ModulePatch] Enabled patch CounterCreatorChildConditionsPatch
[Info   :ModulePatch] Enabled patch ConditionSerializerCtorPatch
[Warning:  HarmonyX] com.wtt.commonlib: You should only patch implemented methods/constructors to avoid issues. Patch the declared method bool EFT.Quests.Conditional<EFT.Quests.Quest>::IsConditionDone(EFT.Quests.Condition condition) instead of bool EFT.Quests.Conditional<EFT.Quests.Quest>::IsConditionDone(EFT.Quests.Condition condition).
[Info   :ModulePatch] Enabled patch CounterCreatorCompletionPatch
[Info   :ModulePatch] Enabled patch CreateConditionPatch
[Info   :ModulePatch] Enabled patch FaceCardViewInitPatch
[Info   :ModulePatch] Enabled patch FaceCardViewTogglePatch
[Info   :ModulePatch] Enabled patch FixCustomItemSortingOrderPatch
[Info   :ModulePatch] Enabled patch GetActionsPatch
[Info   :ModulePatch] Enabled patch GetConditionHandlersByZonePatch
[Info   :ModulePatch] Enabled patch HideoutCustomizationIconPatch
[Info   :ModulePatch] Enabled patch HideoutCustomizationTexturesPatch
[Info   :ModulePatch] Enabled patch HideSecretLockedQuestsPatch
[Info   :ModulePatch] Enabled patch LocalRaidEndedPatch
[Info   :ModulePatch] Enabled patch MenuLoadedPatch
[Info   :ModulePatch] Enabled patch OnGameStarted
[Info   :ModulePatch] Enabled patch ProduceViewShowPatch
[Info   :ModulePatch] Enabled patch ProduceViewLoadedPatch
[Info   :ModulePatch] Enabled patch SalvageQuestIconPatch
[Info   :ModulePatch] Enabled patch Salvage_AddTriggerZonePatch
[Info   :ModulePatch] Enabled patch Salvage_RemoveTriggerZonePatch
[Info   :ModulePatch] Enabled patch Salvage_InteractionsChangedPatch
[Info   :WTT-ClientCommonLib PatchManager] Enabled 24 patches
[Info   :RequestHandler] [REQUEST]: /singleplayer/bundles
[Info   :RequestHandler] [REQUEST]: /wttcommonlib/recipes/extended/get
[Info   :RequestHandler] [REQUEST SUCCESSFUL] /wttcommonlib/recipes/extended/get
[Info   :RequestHandler] [REQUEST]: /wttcommonlib/parents/custom/get
[Info   :RequestHandler] [REQUEST SUCCESSFUL] /wttcommonlib/parents/custom/get
[Info   :   BepInEx] Loading [Manimal-CSGas 2.0.0]
[Info   :Manimal-CSGas] CSGas loaded!
[Info   :RequestHandler] [REQUEST]: /csgas/masks
[Info   :ModulePatch] Enabled patch CsGasPrefabRepairPatch
[Info   :RequestHandler] [REQUEST SUCCESSFUL] /csgas/masks
[Info   :Manimal-CSGas] [CSGas] mask config loaded from server: 10 full masks, 3 respirators
[Info   :ModulePatch] Enabled patch CsGasEmissionKeyPatch
[Warning:  HarmonyX] AccessTools.Property: Could not find property for type EFT.Grenade and name Rigidbody
[Info   :ModulePatch] Enabled patch CsGasGrenadeInitFixPatch
[Info   :ModulePatch] Enabled patch CsGasCloudPatch
[Info   :ModulePatch] Enabled patch CsGasExplosionPatch
[Info   :ModulePatch] Enabled patch CsGasEmissionAttachPatch
[Info   :ModulePatch] Enabled patch CsGasHitDebuffMutePatch
[Info   :ModulePatch] Enabled patch CsGasHurtVoiceMutePatch
[Info   :ModulePatch] Enabled patch CsGasMedBlockPatch
[Warning:  HarmonyX] AccessTools.TypeByName: Could not find type named Fika.Core.Main.Players.FikaPlayer
[Info   :ModulePatch] Enabled patch CsGasWorldDisposePatch
[Info   :ModulePatch] Enabled patch CsGasBotHearingGuardPatch
[Info   :   BepInEx] Loading [WTT-ContentBackportClient 2.0.2]
[Info   :ModulePatch] Enabled patch SetMaxUniqueAnimationModIdPatch
[Info   :ModulePatch] Enabled patch MannequinPatch
[Info   :ModulePatch] Enabled patch EnvironmentUIAwakePatch
[Info   :ModulePatch] Enabled patch EnvironmentUISetEnvironmentPatch
[Info   :   BepInEx] Loading [tarkin.ladders.bep 1.0.4]
[Info   :   BepInEx] Loading [Manimal-InterchangeRework 1.0.6]
[Info   :ModulePatch] Enabled patch ActivationPatch
[Info   :Borkel's Realistic NVGs] Blocked 15 Amands Graphics NVG ambient writes.
[Info   :ModulePatch] Enabled patch UpdatePatch
[Info   :ModulePatch] Enabled patch LoadPresetReversePatch
[Info   :ModulePatch] Enabled patch LoadPresetPatch
[Info   :ModulePatch] Enabled patch BundledScenePatch
[Info   :ModulePatch] Enabled patch CullingSidecarPatch
[Info   :ModulePatch] Enabled patch AudioBakeSidecarPatch
[Info   :ModulePatch] Enabled patch AcousticMapPathPatch
[Info   :ModulePatch] Enabled patch AcousticMapLoadPatch
[Info   :ModulePatch] Enabled patch AcousticGeometryPathPatch
[Info   :ModulePatch] Enabled patch AcousticGeometryLoadPatch
[Info   :ModulePatch] Enabled patch RoomGeometryPatch
[Info   :ModulePatch] Enabled patch AreaLightInitPatch
[Info   :ModulePatch] Enabled patch TerrainSeasonPatch
[Info   :ModulePatch] Enabled patch BallisticTriggerPatch
[Info   :ModulePatch] Enabled patch CloudLayerPatch
[Info   :ModulePatch] Enabled patch EffectSoundPolicyPatch
[Info   :ModulePatch] Enabled patch DistanceAudioFadePatch
[Info   :ModulePatch] Enabled patch OwnedSoundGagPatch
[Info   :ModulePatch] Enabled patch AdvancedSoundPolicyPatch
[Info   :ModulePatch] Enabled patch FlareExitEventPatch
[Info   :ModulePatch] Enabled patch FlareExitQueuedNotificationPatch
[Info   :ModulePatch] Enabled patch DoorRelatedTriggerPatch
[Info   :ModulePatch] Enabled patch KeycardOperationPolicyPatch
[Info   :ModulePatch] Enabled patch SwitchInteractionLogPatch
[Info   :ModulePatch] Enabled patch SyncLoopInitPatch
[Info   :ModulePatch] Enabled patch SyncLoopPlayPatch
[Info   :ModulePatch] Enabled patch SyncLoopStopPatch
[Info   :ModulePatch] Enabled patch WaterRendererPatch
[Info   :ModulePatch] Enabled patch DistantShadowCacheParametersPatch
[Info   :ModulePatch] Enabled patch DistantShadowOrthoMatrixPatch
[Info   :ModulePatch] Enabled patch DistantShadowTransformPatch
[Info   :ModulePatch] Enabled patch NativeCameraPrefabPatch
[Info   :ModulePatch] Enabled patch AmbientBlendSystemInitPatch
[Info   :ModulePatch] Enabled patch DistantShadowCacheParametersPatch
[Info   :ModulePatch] Enabled patch DistantShadowOrthoMatrixPatch
[Info   :ModulePatch] Enabled patch DistantShadowTransformPatch
[Info   :ModulePatch] Enabled patch InjectNavmeshPatch
[Info   :Manimal-InterchangeRework] Interchange: Waypoints custom navmesh is skipped on the reworked Interchange; the scene's own navmesh is used.
[Info   :ModulePatch] Enabled patch NonWavesZonePatch
[Info   :ModulePatch] Enabled patch SpawnCachePatch
[Info   :Manimal-InterchangeRework] Interchange: BPS client scav selectors use Interchange _openedZones; dedicated boss zones remain available to boss spawning.
[Info   :Manimal-InterchangeRework] Manimal-InterchangeRework 1.0.6: replacement content requires a matching server manifest.
[Info   :   BepInEx] Loading [Manimal-Icebreaker 1.1.3]
[Info   :Manimal-Icebreaker] PerfectCullingRuntime.dll preloaded (icebreaker occlusion culling)
[Info   :ModulePatch] Enabled patch Patch_RejectShellCameraPrefab
[Info   :ModulePatch] Enabled patch Patch_CaptureLocationId
[Info   :ModulePatch] Enabled patch Patch_PhysicsAudit
[Info   :ModulePatch] Enabled patch Patch_Show
[Info   :ModulePatch] Enabled patch Patch_ReadyGate
[Info   :ModulePatch] Enabled patch Patch_ConsumeFare
[Info   :ModulePatch] Enabled patch Patch_IcebreakerPasscodes
[Info   :ModulePatch] Enabled patch Patch_BackendCount
[Info   :ModulePatch] Enabled patch Patch_GameCount
[Info   :ModulePatch] Enabled patch Patch_Visibility
[Info   :ModulePatch] Enabled patch Patch_IcebreakerLootDiag
[Info   :Manimal-Icebreaker] [Splash] 2 Icebreaker images available alongside the original splash images
[Warning:  HarmonyX] AccessTools.TypeByName: Could not find type named QuestingBots.Components.Spawning.PMCGenerator
[Warning:  HarmonyX] AccessTools.TypeByName: Could not find type named QuestingBots.Components.Spawning.PScavGenerator
[Info   :Manimal-Icebreaker] [CrewLayer] bigbrain layers registered (ExUsec/PmcBear/PmcUsec/PMC, crew 68 / hold 105 / rush 110)
[Info   :Manimal-Icebreaker] [WedgeBrain] native combat enabled; unfinished custom combat layers removed; close taunts retained
[Info   :Manimal-Icebreaker] Manimal-Icebreaker 1.1.3 loaded
[Info   :Manimal-Icebreaker] [Config] all settings at defaults
[Info   :   BepInEx] Loading [Manimal-LabsBoiler 2.0.0]
[Info   :Manimal-LabsBoiler] Manimal-LabsBoiler 2.0.0 loaded
[Info   :   BepInEx] Loading [Manimal-LighthouseRework 1.0.6]
[Info   :ModulePatch] Enabled patch LoadPresetAsyncReversePatch
[Info   :ModulePatch] Enabled patch LoadPresetAsyncPatch
[Info   :ModulePatch] Enabled patch GetPackedFilePathForGridPatch
[Info   :ModulePatch] Enabled patch ConstructorPatch
[Info   :ModulePatch] Enabled patch get_AbsoluteFilePathPatch
[Info   :ModulePatch] Enabled patch LoadMapAsyncPatch
[Info   :ModulePatch] Enabled patch get_AbsoluteFilePathPatch
[Info   :ModulePatch] Enabled patch LoadGeometryAsyncPatch
[Info   :ModulePatch] Enabled patch InitPatch
[Info   :ModulePatch] Enabled patch OnGameStartedPatch
[Info   :ModulePatch] Enabled patch ExitPatch
[Info   :ModulePatch] Enabled patch EnterPatch
[Info   :ModulePatch] Enabled patch StopPatch
[Info   :ModulePatch] Enabled patch BaseUpdatePatch
[Info   :ModulePatch] Enabled patch SpawnPatch
[Info   :ModulePatch] Enabled patch OnEnablePatch
[Info   :ModulePatch] Enabled patch InitPatch
[Info   :ModulePatch] Enabled patch PlaySoundPatch
[Info   :ModulePatch] Enabled patch LoadScenePatch
[Info   :ModulePatch] Enabled patch AwakePatch
[Info   :ModulePatch] Enabled patch BufferZoneContainerAwakePatch
[Info   :ModulePatch] Enabled patch KeeperZoneAwakePatch
[Info   :ModulePatch] Enabled patch set_GCEnabledPatch
[Info   :ModulePatch] Enabled patch LoadMapPathsConfigurationPatch
[Info   :ModulePatch] Enabled patch LoadBTRVehiclePatch
[Info   :ModulePatch] Enabled patch InitBTRServerPatch
[Info   :ModulePatch] Enabled patch InitBTROnClientPatch
[Info   :ModulePatch] Enabled patch OnGameStartedPatch
[Info   :ModulePatch] Enabled patch AudioLifecyclePatch
[Info   :ModulePatch] Enabled patch AudioLifecyclePatch
[Info   :ModulePatch] Enabled patch AudioLifecyclePatch
[Info   :ModulePatch] Enabled patch AudioLifecyclePatch
[Info   :ModulePatch] Enabled patch AudioLifecyclePatch
[Info   :ModulePatch] Enabled patch AudioLifecyclePatch
[Info   :ModulePatch] Enabled patch AudioLifecyclePatch
[Info   :ModulePatch] Enabled patch AudioLifecyclePatch
[Info   :ModulePatch] Enabled patch AudioLifecyclePatch
[Info   :ModulePatch] Enabled patch AudioLifecyclePatch
[Info   :ModulePatch] Enabled patch AudioLifecyclePatch
[Info   :ModulePatch] Enabled patch AudioLifecyclePatch
[Info   :ModulePatch] Enabled patch AudioLifecyclePatch
[Info   :ModulePatch] Enabled patch AudioLifecyclePatch
[Info   :ModulePatch] Enabled patch AudioLifecyclePatch
[Info   :ModulePatch] Enabled patch AudioLifecyclePatch
[Info   :ModulePatch] Enabled patch AudioLifecyclePatch
[Info   :ModulePatch] Enabled patch AudioLifecyclePatch
[Info   :ModulePatch] Enabled patch AudioLifecyclePatch
[Info   :ModulePatch] Enabled patch AudioLifecyclePatch
[Info   :ModulePatch] Enabled patch AudioLifecyclePatch
[Info   :ModulePatch] Enabled patch AudioLifecyclePatch
[Info   :ModulePatch] Enabled patch AudioLifecyclePatch
[Info   :ModulePatch] Enabled patch AudioLifecyclePatch
[Info   :ModulePatch] Enabled patch AudioLifecyclePatch
[Info   :ModulePatch] Enabled patch AudioLifecyclePatch
[Info   :ModulePatch] Enabled patch AudioLifecyclePatch
[Info   :ModulePatch] Enabled patch AudioLifecyclePatch
[Info   :ModulePatch] Enabled patch AudioLifecyclePatch
[Info   :ModulePatch] Enabled patch AudioLifecyclePatch
[Info   :ModulePatch] Enabled patch AudioLifecyclePatch
[Info   :ModulePatch] Enabled patch AudioLifecyclePatch
[Info   :ModulePatch] Enabled patch AudioLifecyclePatch
[Info   :ModulePatch] Enabled patch AudioLifecyclePatch
[Info   :ModulePatch] Enabled patch AudioLifecyclePatch
[Info   :ModulePatch] Enabled patch AudioLifecyclePatch
[Info   :ModulePatch] Enabled patch AudioLifecyclePatch
[Info   :ModulePatch] Enabled patch AudioLifecyclePatch
[Info   :ModulePatch] Enabled patch AudioLifecyclePatch
[Info   :ModulePatch] Enabled patch AudioLifecyclePatch
[Info   :ModulePatch] Enabled patch AudioLifecyclePatch
[Info   :ModulePatch] Enabled patch AudioLifecyclePatch
[Info   :ModulePatch] Enabled patch AudioLifecyclePatch
[Info   :ModulePatch] Enabled patch AudioLifecyclePatch
[Info   :ModulePatch] Enabled patch AudioLifecyclePatch
[Info   :ModulePatch] Enabled patch AudioLifecyclePatch
[Info   :ModulePatch] Enabled patch AudioLifecyclePatch
[Info   :ModulePatch] Enabled patch AudioLifecyclePatch
[Info   :ModulePatch] Enabled patch AudioLifecyclePatch
[Info   :ModulePatch] Enabled patch AudioLifecyclePatch
[Info   :ModulePatch] Enabled patch AudioLifecyclePatch
[Info   :ModulePatch] Enabled patch AudioLifecyclePatch
[Info   :ModulePatch] Enabled patch AudioLifecyclePatch
[Info   :ModulePatch] Enabled patch AudioLifecyclePatch
[Info   :ModulePatch] Enabled patch AudioLifecyclePatch
[Info   :ModulePatch] Enabled patch AudioLifecyclePatch
[Info   :ModulePatch] Enabled patch AudioLifecyclePatch
[Info   :ModulePatch] Enabled patch AudioLifecyclePatch
[Info   :ModulePatch] Enabled patch AudioLifecyclePatch
[Info   :ModulePatch] Enabled patch InitPatch
[Info   :ModulePatch] Enabled patch InjectNavmeshPatch
[Info   :Manimal-LighthouseRework] Lighthouse: Waypoints custom navmesh is skipped on the reworked Lighthouse; the scene's own navmesh is used.
[Info   :Manimal-LighthouseRework] Lighthouse loader registered. Matching client/server content is required; development test content requires explicit enablement.
[Info   :   BepInEx] Loading [Continuous Load Ammo 1.2.0]
[Info   :ModulePatch] Enabled patch ApplyMagPresetPatch
[Info   :ModulePatch] Enabled patch EnableContextPresetPatch
[Info   :ModulePatch] Enabled patch InventoryScreenClosePatch
[Info   :ModulePatch] Enabled patch OnClickPatch
[Info   :ModulePatch] Enabled patch PresetSubInteractionsPatch
[Info   :ModulePatch] Enabled patch RegisterPlayerPatch
[Info   :ModulePatch] Enabled patch SetSubInteractionsPatch
[Info   :ModulePatch] Enabled patch TasksScreenShowPatch
[Info   :ModulePatch] Enabled patch ItemsPanelShowPatch
[Info   :ModulePatch] Enabled patch MapScreenPatch
[Info   :ModulePatch] Enabled patch PlayerModelPatch
[Info   :ModulePatch] Enabled patch SkillsAndMasteringPatch
[Info   :ModulePatch] Enabled patch StopProcessesPatch
[Info   :Continuous Load Ammo PatchManager] Enabled 13 patches
[Info   :Continuous Load Ammo] Found EFT.Player+PlayerInventoryController+LoadMagazineProcess.Start
[Info   :Continuous Load Ammo] Found EFT.Player+PlayerInventoryController+UnloadMagazineProcess.Start
[Info   :Continuous Load Ammo] Enabled patch LoadingEndPatches
[Info   :Continuous Load Ammo] UI Fixes interop loaded successfully
[Info   :ModulePatch] Enabled patch MultiSelectStopLoadingPatch
[Info   :   BepInEx] Loading [Manimal-LoadAmmoAnim 2.0.0]
[Info   :Manimal-LoadAmmoAnim] LoadAmmoAnim loaded!
[Info   :ModulePatch] Enabled patch LoadAmmoAnimDetectPatch
[Info   :ModulePatch] Enabled patch LoadMagazineDrawDelayPatch
[Info   :ModulePatch] Enabled patch RaidStartBundleWarmPatch
[Info   :ModulePatch] Enabled patch SetInHandsBundlePatch
[Info   :ModulePatch] Enabled patch ClientUsableBundleCreateAsyncPatch
[Info   :ModulePatch] Enabled patch HandsControllerAnimationTypeBundlePatch
[Info   :ModulePatch] Enabled patch UsableBundleInterfaceDispatchPatch
[Info   :ModulePatch] Enabled patch ProcessEffectorsNullGuardPatch
[Info   :ModulePatch] Enabled patch VisualPassNullGuardPatch
[Info   :Manimal-LoadAmmoAnim] [LoadAmmoAnim] ContinuousLoadAmmo detected, enabling compat patches.
[Info   :ModulePatch] Enabled patch ClaSetEmptyHandsPatch
[Info   :ModulePatch] Enabled patch ClaStopOnHandsChangePatch
[Info   :ModulePatch] Enabled patch ClaTrySetLastEquippedWeaponPatch
[Info   :   BepInEx] Loading [MoxoPixel-HideoutShootout 1.8.0]
[Info   :   BepInEx] Loading [DynamicMaps 1.2.1]
[Warning:  HarmonyX] BattleUIScreenShowPatch: You should only patch implemented methods/constructors to avoid issues. Patch the declared method void EFT.UI.BattleUIScreen<EFT.UI.EftBattleUIScreen+EftBattleUIScreenController, EFT.UI.Screens.EEftScreenType>::Show(EFT.GamePlayerOwner owner) instead of void EFT.UI.BattleUIScreen<EFT.UI.EftBattleUIScreen+EftBattleUIScreenController, EFT.UI.Screens.EEftScreenType>::Show(EFT.GamePlayerOwner owner).
[Info   :ModulePatch] Enabled patch BattleUIScreenShowPatch
[Info   :ModulePatch] Enabled patch CommonUIAwakePatch
[Info   :ModulePatch] Enabled patch MapScreenShowPatch
[Info   :ModulePatch] Enabled patch MapScreenClosePatch
[Info   :ModulePatch] Enabled patch GameStartedPatch
[Info   :ModulePatch] Enabled patch GameWorldOnDestroyPatch
[Info   :ModulePatch] Enabled patch GameWorldUnregisterPlayerPatch
[Info   :ModulePatch] Enabled patch LootItemInitPatch
[Info   :ModulePatch] Enabled patch GameWorldDestroyLootPatch
[Info   :ModulePatch] Enabled patch AirdropBoxOnBoxLandPatch
[Info   :ModulePatch] Enabled patch PlayerOnDeadPatch
[Info   :ModulePatch] Enabled patch PlayerInventoryThrowItemPatch
[Info   :ModulePatch] Enabled patch ShowViewButtonPatch
[Info   :ModulePatch] Enabled patch MenuLoadPatch
[Info   :   BepInEx] Loading [PlayerEncumbranceBar 1.3.0]
[Info   :ModulePatch] Enabled patch HealthParametersShowPatch
[Info   :   BepInEx] Loading [SPT Casino 1.3.2]
[Info   :SPT Casino] [Casino] client loaded -- 5 tables
[Info   :   BepInEx] Loading [Magazine Check Interrupt 1.1.1]
[Info   :ModulePatch] Enabled patch AmmoDetailsPatch
[Info   :ModulePatch] Enabled patch CanQuickReloadPatch
[Info   :ModulePatch] Enabled patch OperationFactoryPatch
[Info   :ModulePatch] Enabled patch ReloadAnimationPatch
[Info   :ModulePatch] Enabled patch ReloadConflictPatch
[Info   :ModulePatch] Enabled patch ReloadFastAnimationPatch
[Info   :ModulePatch] Enabled patch RunUtilityOpPatch
[Info   :ModulePatch] Enabled patch UpdateBindingsPatch
[Info   :Magazine Check Interrupt PatchManager] Enabled 8 patches
[Info   :Magazine Check Interrupt] Initializing UI Fixes compatibility
[Info   :ModulePatch] Enabled patch CanExecuteSwapPatch
[Info   :   BepInEx] Loading [SPTBattleAmbience 2.4.0]
[Info   :ModulePatch] Enabled patch GameStartedPatch
[Info   :   BepInEx] Loading [HeadshotDarkness 1.2.5]
[Info   :ModulePatch] Enabled patch PlayUISoundPatch
[Info   :ModulePatch] Enabled patch OnGameStartedPatch
[Info   :ModulePatch] Enabled patch DeathFadeDisablePatch
[Info   :   BepInEx] Loading [Shadow Flicker Fix 1.5.3]
[Info   :ModulePatch] Enabled patch GameStartPatch
[Info   :ModulePatch] Enabled patch SetAntiAliasingPatch
[Info   :   BepInEx] Loading [ColorConverterAPI 1.2.0]
[Info   :ModulePatch] Enabled patch ColorConverterPatch
[Info   :   BepInEx] Loading [HiddenCaches 1.4.0]
[Info   :HiddenCaches] Loading plugin!
[Info   :ModulePatch] Enabled patch CachePatch
[Info   :ModulePatch] Enabled patch RaidEndPatch
[Info   :HiddenCaches] Loaded plugin!
[Info   :   BepInEx] Loading [Shibatsu-DynamicExternalResolution 1.1.2]
[Info   :ModulePatch] Enabled patch OpticSightOnEnablePath
[Info   :ModulePatch] Enabled patch OpticSightOnDisablePath
[Info   :ModulePatch] Enabled patch ClientFirearmControllerChangeAimingModePath
[Info   :Shibatsu-DynamicExternalResolution] Plugin Dynamic External Resolution is loaded!
[Info   :   BepInEx] Loading [SmajlecStamina 1.4.0]
[Info   :ModulePatch] Enabled patch PhysicalInitPatch
[Info   :ModulePatch] Enabled patch PhysicalSprintPatch
[Info   :ModulePatch] Enabled patch MovementContextUpdateCharacterControllerSpeedLimitPatch
[Info   :ModulePatch] Enabled patch MovementContextSprintAccelerationPatch
[Info   :ModulePatch] Enabled patch PlayerInitPatch
[Info   :ModulePatch] Enabled patch PlayerDisposePatch
[Info   :ModulePatch] Enabled patch ActiveHealthControllerAddFatiguePatch
[Info   :   BepInEx] Loading [Loot In Vicinity 3.0.6]
[Info   :Loot In Vicinity] [LIV] Validated locale packs: en.
[Info   :Loot In Vicinity] [LIV] Merged 2 locale entries for 'en'.
[Info   :ModulePatch] Enabled patch LocaleApplicationLanguagePatch
[Info   :Loot In Vicinity] [LIV] LocaleApplicationLanguagePatch enabled.
[Info   :ModulePatch] Enabled patch RaidStartedPatch
[Info   :Loot In Vicinity] [LIV] RaidStartedPatch enabled.
[Info   :ModulePatch] Enabled patch RaidEndPatch
[Info   :Loot In Vicinity] [LIV] RaidEndPatch enabled.
[Info   :ModulePatch] Enabled patch LootPanelOpenPatch
[Info   :Loot In Vicinity] [LIV] LootPanelOpenPatch enabled.
[Info   :ModulePatch] Enabled patch InventoryScreenClosePatch
[Info   :Loot In Vicinity] [LIV] InventoryScreenClosePatch enabled.
[Info   :ModulePatch] Enabled patch DestroyLootPatch
[Info   :Loot In Vicinity] [LIV] DestroyLootPatch enabled.
[Info   :ModulePatch] Enabled patch BotItemTakerRefreshPatch
[Info   :Loot In Vicinity] [LIV] BotItemTakerRefreshPatch enabled.
[Info   :ModulePatch] Enabled patch VicinityListedQuickFindFlagsPatch
[Info   :Loot In Vicinity] [LIV] VicinityListedQuickFindFlagsPatch enabled.
[Info   :ModulePatch] Enabled patch VicinityItemUiListedQuickFindPatch
[Info   :Loot In Vicinity] [LIV] VicinityItemUiListedQuickFindPatch enabled.
[Info   :ModulePatch] Enabled patch VicinityInteractionsMovePatch
[Info   :Loot In Vicinity] [LIV] VicinityInteractionsMovePatch enabled.
[Info   :ModulePatch] Enabled patch VicinityQuickFindPatch
[Info   :Loot In Vicinity] [LIV] VicinityQuickFindPatch enabled.
[Info   :ModulePatch] Enabled patch VicinityItemUiQuickFindPatch
[Info   :Loot In Vicinity] [LIV] VicinityItemUiQuickFindPatch enabled.
[Info   :ModulePatch] Enabled patch QuestItemMovePatch
[Info   :Loot In Vicinity] [LIV] QuestItemMovePatch enabled.
[Info   :ModulePatch] Enabled patch VicinityDiscardPatch
[Info   :Loot In Vicinity] [LIV] VicinityDiscardPatch enabled.
[Info   :ModulePatch] Enabled patch VicinityDiscardResultPatch
[Info   :Loot In Vicinity] [LIV] VicinityDiscardResultPatch enabled.
[Info   :ModulePatch] Enabled patch VicinityItemUseCleanupPatch
[Info   :Loot In Vicinity] [LIV] VicinityItemUseCleanupPatch enabled.
[Info   :ModulePatch] Enabled patch VicinityItemUseAllCleanupPatch
[Info   :Loot In Vicinity] [LIV] VicinityItemUseAllCleanupPatch enabled.
[Info   :ModulePatch] Enabled patch VicinityRemoveItemPatch
[Info   :Loot In Vicinity] [LIV] VicinityRemoveItemPatch enabled.
[Info   :Loot In Vicinity] [LIV] Loot In Vicinity v3.0.6 loaded.
[Info   :   BepInEx] Loading [SPT.Debugging 4.1.6]
[Info   :SPT.Debugging] Loading: SPT.Debugging
[Info   :ModulePatch] Enabled patch EndRaidDebug
[Info   :ModulePatch] Enabled patch LoggerClassLogPatch
[Info   :ModulePatch] Enabled patch ReloadClientPatch
[Info   :ModulePatch] Enabled patch EnableDebugCommandsPatch
[Info   :SPT.Debugging] Completed: SPT.Debugging
[Info   :   BepInEx] Loading [SPT.Singleplayer 4.1.6]
[Info   :SPT.Singleplayer] Loading: SPT.SinglePlayer
[Info   :ModulePatch] Enabled patch TinnitusFixPatch
[Info   :ModulePatch] Enabled patch EmptyInfilFixPatch
[Info   :ModulePatch] Enabled patch DisablePMCExtractsForScavsPatch
[Info   :ModulePatch] Enabled patch ScavExfilPatch
[Info   :ModulePatch] Enabled patch ScavProfileLoadPatch
[Info   :ModulePatch] Enabled patch ScavPrefabLoadPatch
[Info   :ModulePatch] Enabled patch LoadOfflineRaidScreenPatch
[Info   :ModulePatch] Enabled patch PluginErrorNotifierPatch
[Info   :ModulePatch] Enabled patch RemoveUsedBotProfilePatch
[Info   :ModulePatch] Enabled patch ScavLateStartPatch
[Info   :ModulePatch] Enabled patch ScavSellAllPriceStorePatch
[Info   :ModulePatch] Enabled patch ScavSellAllRequestPatch
[Info   :ModulePatch] Enabled patch ScavRepAdjustmentPatch
[Info   :ModulePatch] Enabled patch DisableWelcomeToPVEModeMessagePatch
[Info   :ModulePatch] Enabled patch DisableMatchmakerPlayerPreviewButtonsPatch
[Info   :ModulePatch] Enabled patch GetProfileAtEndOfRaidPatch
[Info   :ModulePatch] Enabled patch SendPlayerScavProfileToServerAfterRaidPatch
[Info   :ModulePatch] Enabled patch RemoveStashUpgradeLabelPatch
[Info   :ModulePatch] Enabled patch RemoveClothingItemExternalObtainLabelPatch
[Info   :ModulePatch] Enabled patch ForceRaidModeToLocalPatch
[Info   :ModulePatch] Enabled patch ScavIsPlayerEnemyPatch
[Info   :ModulePatch] Enabled patch FixKeyAlreadyExistsErrorOnAchievementPatch
[Info   :ModulePatch] Enabled patch ScavPrestigeFixPatch
[Info   :ModulePatch] Enabled patch DisableUseBSGServersCheckbox
[Info   :ModulePatch] Enabled patch PmcBotSidePatch
[Info   :ModulePatch] Enabled patch QuestAchievementRewardInRaidPatch
[Info   :ModulePatch] Enabled patch DisableReadyLocationReadyPatch
[Info   :ModulePatch] Enabled patch DisableMatchmakerOfflineRaidReadyPatch
[Info   :ModulePatch] Enabled patch DisableMatchmakerInsuranceReadyPatch
[Info   :ModulePatch] Enabled patch DisableBuffLoggingPatch
[Info   :ModulePatch] Enabled patch RemoveStashUpgradeLabelPatch2
[Info   :ModulePatch] Enabled patch RemoveTransitionRaidModeSetPatch
[Info   :ModulePatch] Enabled patch FixDisableBossSpawningOptionPatch
[Info   :ModulePatch] Enabled patch DisableHideoutCounterResetPatch
[Info   :SPT.Singleplayer] Completed: SPT.SinglePlayer
[Info   :   BepInEx] Loading [tarkin.hideoutuirevamp 1.1.1]
[Info   :   BepInEx] Loading [Terkoiz.Freecam 1.4.8]
[Info   :   BepInEx] Loading [Tyfon.HideoutInProgress 3.0.0]
[Info   :ModulePatch] Enabled patch LoadPatch
[Info   :ModulePatch] Enabled patch ButtonPatch
[Info   :ModulePatch] Enabled patch CountPatch
[Info   :ModulePatch] Enabled patch UpgradePatch
[Info   :ModulePatch] Enabled patch IsInWishlistPatch
[Info   :ModulePatch] Enabled patch GetWishlistPatch
[Info   :ModulePatch] Enabled patch RequirementsPatch
[Info   :   BepInEx] Loading [No Barrel Shadow 2.0.1]
[Info   :No Barrel Shadow] [NBS] Loaded 13 known light name(s) from light_names.json
[Info   :No Barrel Shadow] [NBS] Loaded 6 previously learned light name(s).
[Info   :No Barrel Shadow] No Barrel Shadow loaded — flashlight shadows disabled.
[Info   :   BepInEx] Loading [WTT-Armory 2.0.5]
[Info   :ModulePatch] Enabled patch UpdateWeaponVariablesPatch
[Info   :ModulePatch] Enabled patch ShootPatch
[Info   :ModulePatch] Enabled patch FireRatePatch
[Info   :ModulePatch] Enabled patch AutoFireRatePatch
[Info   :ModulePatch] Enabled patch ShotVectorPatch
[Info   :   BepInEx] Loading [ZGFueDkx-AllQuestsCheckmarks 1.4.0]
[Info   :ZGFueDkx-AllQuestsCheckmarks] Settings loaded
[Info   :ZGFueDkx-AllQuestsCheckmarks] Assets loaded
[Info   :ModulePatch] Enabled patch LocalGameStartPatch
[Info   :ModulePatch] Enabled patch QuestClassPatch
[Info   :ModulePatch] Enabled patch ProfileSelectionPatch
[Info   :ModulePatch] Enabled patch QuestItemViewPanelPatch
[Info   :ModulePatch] Enabled patch ItemSpecificationPanelPatch
[Info   :ModulePatch] Enabled patch UpdateApplicationLanguagePatch
[Info   :ZGFueDkx-AllQuestsCheckmarks] AllQuestCheckmarks by ZGFueDkx version 1.4.0 started
[Info   :   BepInEx] Loading [Arma Zoom 1.0.0]
[Info   :ModulePatch] Enabled patch ToggleAimPatch
[Info   :ModulePatch] Enabled patch SetAimIndexPatch
[Info   :ModulePatch] Enabled patch SetAimBoolPatch
[Info   : Arma Zoom] Arma Zoom 1.0.0 ready on Mouse1: click aims, hold zooms.
[Info   :   BepInEx] Loading [Separate Hostility 3.0.0]
[Info   :   BepInEx] Loading [HealingAutoCancel 1.1.0]
[Info   :ModulePatch] Enabled patch HealingAutoCancelPatch
[Info   :   BepInEx] Loading [BALL - BetterAmmoLoadingList 1.1.1]
[Info   :BALL - BetterAmmoLoadingList] Plugin loading...
[Info   :ModulePatch] Enabled patch CatchMenuLoadAmmoPatch
[Info   :BALL - BetterAmmoLoadingList] Plugin successful loaded!
[Info   :   BepInEx] Loading [Tyfon.Discarder 5.0.0]
[Info   :ModulePatch] Enabled patch ContextMenuNamesPatch
[Info   :ModulePatch] Enabled patch DiscardPatch
[Info   :ModulePatch] Enabled patch DiscardDialogPatch
[Info   :   BepInEx] Loading [DrakiaXYZ-GildedKeyStorage 2.1.1]
[Info   :ModulePatch] Enabled patch RemoveSlotItemsForMapEntryPatch
[Info   :ModulePatch] Enabled patch HideSpecialSlotGrids
[Info   :ModulePatch] Enabled patch LoggerBonePatch
[Info   :   BepInEx] Loading [DrakiaXYZ-QuickMoveToContainer 1.5.0]
[Info   :ModulePatch] Enabled patch QuickFindPatch
[Info   :ModulePatch] Enabled patch DisablePriorityWindowPatch
[Info   :   BepInEx] Loading [DrakiaXYZ-SearchOpenContainers 1.5.0]
[Info   :ModulePatch] Enabled patch ContainerMenuPatch
[Info   :   BepInEx] Loading [Sense 3.1.0]
[Info   :   BepInEx] Loading [DrakiaXYZ-TaskListFixes 1.8.0]
[Info   :ModulePatch] Enabled patch TasksScreenShowPatch
[Info   :ModulePatch] Enabled patch QuestProgressViewPatch
[Info   :ModulePatch] Enabled patch QuestsSortPanelSortPatch
[Info   :ModulePatch] Enabled patch QuestsSortPanelShowRestoreSortPatch
[Info   :ModulePatch] Enabled patch TasksPanelSortPatch
[Message:   BepInEx] Chainloader startup complete
[Info   :Manimal-Icebreaker] [Splash] selected 'splash_14' from 17 images
[Warning:PitAlex-PitFireTeam] Faction Hostilities is installed but will not register enemies because SeparateHostility is also installed. SeparateHostility keeps its broader PMC free-for-all behavior.
[Info   :RequestHandler] [REQUEST]: /skills-extended/get-keys
[Info   :RequestHandler] [REQUEST SUCCESSFUL] /skills-extended/get-keys
[Info   :RequestHandler] [REQUEST]: /skills-extended/get-skills-config
[Info   :RequestHandler] [REQUEST SUCCESSFUL] /skills-extended/get-skills-config
[Info   :RequestHandler] [REQUEST]: /singleplayer/settings/version
[Info   :RequestHandler] [REQUEST SUCCESSFUL] /singleplayer/settings/version
[Info   :RequestHandler] [REQUEST]: /singleplayer/release
[Info   :RequestHandler] [REQUEST SUCCESSFUL] /singleplayer/release
[Info   :ModulePatch] Enabled patch TraderScrollingPatch
[Info   :ModulePatch] Enabled patch PlayerCardPatch
[Info   :ModulePatch] Enabled patch Patch_GameWorld_Dispose
[Info   :ModulePatch] Enabled patch Patch_GameWorld_OnGameStarted
[Info   :ModulePatch] Enabled patch Patch_InteractionContextHelper_GetAvailableActions
[Info   :ModulePatch] Enabled patch Patch_MoveInputTranslator_TranslateAxes
[Info   :ModulePatch] Enabled patch Patch_Physical_CanClimb
[Info   :ModulePatch] Enabled patch Patch_Physical_CanVault
[Info   :ModulePatch] Enabled patch Patch_ObstacleCalculatorModel_DistanceToMainObstacle
[Info   :tarkin.ladders.bep PatchManager] Enabled 7 patches
[Info   :ModulePatch] Enabled patch Patch_ShootingRangeBehaviour_ManualEnterLocation
[Info   :ModulePatch] Enabled patch Patch_HideoutPlayer_SetPatrol
[Info   :ModulePatch] Enabled patch Patch_HideoutPlayerOwner_ExitShootingRange
[Info   :ModulePatch] Enabled patch Patch_HideoutPlayerOwner_TranslateExitScreenInput
[Info   :ModulePatch] Enabled patch Patch_BotSpawnLimiter_IncreaseUsedPlayerSpawns
[Info   :ModulePatch] Enabled patch Patch_BotOwner_Create_Diagnostics
[Info   :ModulePatch] Enabled patch Patch_BotCreatorClient_Activate_Diagnostics
[Warning:  HarmonyX] AccessTools.TypeByName: Could not find type named acidphantasm_botplacementsystem.Patches.BossProgressiveRegressivePatch
[Info   :MoxoPixel-HideoutShootout] Hideout Weapon Freedom loaded
[Info   :RequestHandler] [REQUEST]: /singleplayer/enableBSGlogging
[Info   :RequestHandler] [REQUEST SUCCESSFUL] /singleplayer/enableBSGlogging
[Info   :RequestHandler] [REQUEST]: /singleplayer/moddedTraders
[Info   :RequestHandler] [REQUEST SUCCESSFUL] /singleplayer/moddedTraders
[Info   :ModulePatch] Enabled patch Patch_AreaPanel_Show
[Info   :ModulePatch] Enabled patch Patch_AreasPanel_DoScroll
[Info   :ModulePatch] Enabled patch Patch_HideoutScreenOverlay_Awake
[Info   :ModulePatch] Enabled patch Patch_AreasPanel_Show
[Info   :ModulePatch] Enabled patch Patch_HideoutScreenOverlay_SetSelectedArea
[Info   :tarkin.hideoutuirevamp PatchManager] Enabled 5 patches
[Info   :ModulePatch] Enabled patch FreecamPatch
[Info   :ModulePatch] Enabled patch FallDamagePatch
[Info   :ModulePatch] Enabled patch ForceSetCameraPositionPatch
[Info   :ModulePatch] Enabled patch GameStartedPatch
[Info   :ModulePatch] Enabled patch AmandsPlayerPatch
[Info   :ModulePatch] Enabled patch AmandsKillPatch
[Info   :ModulePatch] Enabled patch AmandsSenseExfiltrationPatch
[Info   :ModulePatch] Enabled patch AmandsSensePrismEffectsPatch
[Info   :RequestHandler] [REQUEST]: /sain/presets/custom/list
[Info   :RequestHandler] [REQUEST SUCCESSFUL] /sain/presets/custom/list
[Info   :   LootNet] LootNet: loaded 8116 flea prices
[Info   :RequestHandler] [REQUEST SUCCESSFUL] /singleplayer/bundles
[Info   :RequestHandler] [REQUEST]: /wttcommonlib/voices/get
[Info   :RequestHandler] [REQUEST SUCCESSFUL] /wttcommonlib/voices/get
[Info   :RequestHandler] [REQUEST]: /wttcommonlib/slotimages/get
[Info   :RequestHandler] [REQUEST SUCCESSFUL] /wttcommonlib/slotimages/get
[Info   :RequestHandler] [REQUEST]: /wttcommonlib/riglayouts/get
[Info   :RequestHandler] [REQUEST SUCCESSFUL] /wttcommonlib/riglayouts/get
[Info   :RequestHandler] [REQUEST]: /wttcommonlib/audio/manifest/get
[Info   :RequestHandler] [REQUEST SUCCESSFUL] /wttcommonlib/audio/manifest/get
[Info   :RequestHandler] [REQUEST]: /wttcommonlib/hideout/icons/manifest
[Info   :RequestHandler] [REQUEST]: /wttcommonlib/hideout/marktextures/manifest
[Info   :RequestHandler] [REQUEST]: /wttcommonlib/spawnsystem/configs/get
[Info   :RequestHandler] [REQUEST SUCCESSFUL] /wttcommonlib/spawnsystem/configs/get
[Info   :RequestHandler] [REQUEST SUCCESSFUL] /wttcommonlib/hideout/marktextures/manifest
[Info   :RequestHandler] [REQUEST SUCCESSFUL] /wttcommonlib/hideout/icons/manifest
[Info   :RequestHandler] [REQUEST]: /singleplayer/pitfireteam/recovery-notice
[Info   :RequestHandler] [REQUEST SUCCESSFUL] /singleplayer/pitfireteam/recovery-notice
[Message:ModulePatch] SAIN detected, initializing SAIN interop for MoreBotsAPI.
[Info   :RequestHandler] [REQUEST]: /client/handbook/templates
[Info   :RequestHandler] [REQUEST SUCCESSFUL] /client/handbook/templates
[Info   :     ORBIT] F216: ORBIT 2.0.0 initialised
[Info   :ModulePatch] Enabled patch OrbitInitPatch
[Info   :ModulePatch] Enabled patch OrbitTickPatch
[Info   :ModulePatch] Enabled patch OrbitDisposePatch
[Info   :ModulePatch] Enabled patch DoorCarverShrinkPatch
[Info   :ModulePatch] Enabled patch DoorUnlockTracePatch
[Info   :ModulePatch] Enabled patch SoftTeleportTracePatch
[Info   :ModulePatch] Enabled patch HardTeleportTracePatch
[Info   :ModulePatch] Enabled patch MovementContextHumanizePatch
[Info   :ModulePatch] Enabled patch BotVaultingPatch
[Info   :ModulePatch] Enabled patch ManualFixedUpdateSkipPatch
[Info   :ModulePatch] Enabled patch DormantVisionPatch
[Info   :ModulePatch] Enabled patch AirdropLandedPatch
[Info   :ModulePatch] Enabled patch InventoryChangePatch
[Info   :ModulePatch] Enabled patch CorpseRegistrationPatch
[Info   :ModulePatch] Enabled patch RescueInterceptPatch
[Info   :ModulePatch] Enabled patch AssaultEnemyFarBypassPatch
[Info   :ModulePatch] Enabled patch ExfilLayerBypassPatch
[Info   :ModulePatch] Enabled patch PtrlBirdEyeBypassPatch
[Info   :RequestHandler] [REQUEST]: /orbit/config
[Info   :RequestHandler] [REQUEST SUCCESSFUL] /orbit/config
[Info   :     ORBIT] F216: Server config fetched (v2) - settings applied from the server web UI (/orbit)
[Info   :RequestHandler] [REQUEST]: /orbit/zones
[Info   :RequestHandler] [REQUEST SUCCESSFUL] /orbit/zones
[Info   :     ORBIT] F216: Server zones fetched (13 maps) - hotspots applied from the server web UI zone editor
[Info   :     ORBIT] BlackDivision: detected and takeover OFF — bots with role containing [blackDiv] will skip ORBIT
[Info   :     ORBIT] Disable ORBIT on raiders ON — Raiders (pmcBot) and Rogues (exUsec) running on BSG's vanilla brain.
[Info   :     ORBIT] F216: ORBIT 2.0.0 fully loaded — BrainManager wired
[Info   :Janky-HollywoodFX] Enabling Enhanced Shell Physics
[Info   :ModulePatch] Enabled patch GameWorldDisposePostfixPatch
[Info   :ModulePatch] Enabled patch GameWorldAwakePrefixPatch
[Info   :ModulePatch] Enabled patch GameWorldStartedPostfixPatch
[Info   :ModulePatch] Enabled patch ShotDelegateWrapperPatch
[Info   :ModulePatch] Enabled patch EffectsAwakePrefixPatch
[Info   :ModulePatch] Enabled patch EffectsAwakePostfixPatch
[Info   :ModulePatch] Enabled patch EffectsEmitPatch
[Info   :ModulePatch] Enabled patch TextureDecalsPainterVisCheckPatch
[Info   :ModulePatch] Enabled patch AmmoPoolObjectAutoDestroyPostfixPatch
[Info   :ModulePatch] Enabled patch ShellOnBouncePrefixPatch
[Info   :ModulePatch] Enabled patch FirearmControllerInitiateShotPrefixPatch
[Info   :ModulePatch] Enabled patch MuzzleManagerShotPrefixPatch
[Info   :ModulePatch] Enabled patch WeaponPrefabInitHotObjectsPostfixPatch
[Info   :ModulePatch] Enabled patch EffectsInitBlastControllerPatch
[Info   :ModulePatch] Enabled patch EffectsWipeDefaultExplosionSystemsPatch
[Info   :ModulePatch] Enabled patch EffectsEmitGrenadePatch
[Info   :ModulePatch] Enabled patch GameWorldInitConcussionPatch
[Info   :ModulePatch] Enabled patch PlayerPoolObjectRoleModelPostfixPatch
[Info   :ModulePatch] Enabled patch RagdollStartPrefixPatch
[Info   :ModulePatch] Enabled patch RagdollStartPostfixPatch
[Info   :ModulePatch] Enabled patch PlayerRigidbodySleepHierarchyTryPutToSleepPrefixPatch
[Info   :ModulePatch] Enabled patch RagdollM1PostfixPatch
[Info   :ModulePatch] Enabled patch AttachWeaponPostfixPatch
[Info   :ModulePatch] Enabled patch LootItemIsRigidBodyDonePrefixPatch
[Info   :ModulePatch] Enabled patch PlayerOnDeadPostfixPatch
[Info   :Janky-HollywoodFX] Initialization finished
[Info   :Janky-HollywoodFX] Logging disabled
[Info   :Janky-HollywoodGraphics] Amand's Graphics Mod detected, disabling HollywoodGraphics!
[Info   :Janky-HollywoodGraphics] Initialization finished
[Info   :Janky-HollywoodGraphics] Logging disabled
[Info   :RequestHandler] [REQUEST]: /dynamicmaps/load
[Info   :RequestHandler] [REQUEST]: /singleplayer/settings/version
[Info   :RequestHandler] [REQUEST SUCCESSFUL] /singleplayer/settings/version
[Info   :ModulePatch] Server version: SPT 4.1.6 - 731d7a
[Info   :RequestHandler] [REQUEST SUCCESSFUL] /dynamicmaps/load
[Info   :DynamicMaps] Loaded server config
[Info   :ZGFueDkx-AllQuestsCheckmarks] Loding locale: en
[Info   :RequestHandler] [REQUEST]: /roulette/state
[Info   :RequestHandler] [REQUEST SUCCESSFUL] /roulette/state
[Info   :RequestHandler] [REQUEST]: /singleplayer/clientmods
[Info   :RequestHandler] [REQUEST SUCCESSFUL] /singleplayer/clientmods
[Info   :DynamicMaps] Trying to attach to MapScreen
[Info   :DynamicMaps] Trying to load MapDef from path: G:\G Games\SPT4.1\SPT4.1 GAME\BepInEx\plugins\mpstark-dynamicmaps\Maps\Customs_TarkovDev\Customs_TarkovDev.jsonc
[Info   :DynamicMaps] Loaded MapDef with display name: Customs (TarkovDev)
[Info   :DynamicMaps] Trying to load MapDef from path: G:\G Games\SPT4.1\SPT4.1 GAME\BepInEx\plugins\mpstark-dynamicmaps\Maps\Factory_TarkovDev\Factory_TarkovDev.jsonc
[Info   :DynamicMaps] Loaded MapDef with display name: Factory (TarkovDev)
[Info   :DynamicMaps] Trying to load MapDef from path: G:\G Games\SPT4.1\SPT4.1 GAME\BepInEx\plugins\mpstark-dynamicmaps\Maps\GroundZero_TarkovDev\GroundZero_TarkovDev.jsonc
[Info   :DynamicMaps] Loaded MapDef with display name: Ground Zero (TarkovDev)
[Info   :DynamicMaps] Trying to load MapDef from path: G:\G Games\SPT4.1\SPT4.1 GAME\BepInEx\plugins\mpstark-dynamicmaps\Maps\Interchange_TarkovDev\Interchange_TarkovDev.jsonc
[Info   :DynamicMaps] Loaded MapDef with display name: Interchange (TarkovDev)
[Info   :DynamicMaps] Trying to load MapDef from path: G:\G Games\SPT4.1\SPT4.1 GAME\BepInEx\plugins\mpstark-dynamicmaps\Maps\Labs_TarkovDev\Labs_TarkovDev.jsonc
[Info   :DynamicMaps] Loaded MapDef with display name: Labs (TarkovDev)
[Info   :DynamicMaps] Trying to load MapDef from path: G:\G Games\SPT4.1\SPT4.1 GAME\BepInEx\plugins\mpstark-dynamicmaps\Maps\Labyrinth\Labyrinth_TarkovData.jsonc
[Info   :DynamicMaps] Loaded MapDef with display name: Labyrinth
[Info   :DynamicMaps] Trying to load MapDef from path: G:\G Games\SPT4.1\SPT4.1 GAME\BepInEx\plugins\mpstark-dynamicmaps\Maps\Lighthouse_TarkovData\Lighthouse_TarkovData.jsonc
[Info   :DynamicMaps] Loaded MapDef with display name: Lighthouse (TarkovData)
[Info   :DynamicMaps] Trying to load MapDef from path: G:\G Games\SPT4.1\SPT4.1 GAME\BepInEx\plugins\mpstark-dynamicmaps\Maps\Reserve_TarkovData\Reserve_TarkovData.jsonc
[Info   :DynamicMaps] Loaded MapDef with display name: Reserve (TarkovData)
[Info   :DynamicMaps] Trying to load MapDef from path: G:\G Games\SPT4.1\SPT4.1 GAME\BepInEx\plugins\mpstark-dynamicmaps\Maps\Shoreline_TarkovData\Shoreline_TarkovData.jsonc
[Info   :DynamicMaps] Loaded MapDef with display name: Shoreline (TarkovData)
[Info   :DynamicMaps] Trying to load MapDef from path: G:\G Games\SPT4.1\SPT4.1 GAME\BepInEx\plugins\mpstark-dynamicmaps\Maps\Streets_TarkovData\Streets_TarkovData.jsonc
[Info   :DynamicMaps] Loaded MapDef with display name: Streets of Tarkov (TarkovData)
[Info   :DynamicMaps] Trying to load MapDef from path: G:\G Games\SPT4.1\SPT4.1 GAME\BepInEx\plugins\mpstark-dynamicmaps\Maps\Woods_TarkovData\Woods_TarkovData.jsonc
[Info   :DynamicMaps] Loaded MapDef with display name: Woods (TarkovData)
[Info   :DynamicMaps] Precaching sprite: Maps/Customs_TarkovDev/Layers/Customs-Underground_Level.svg
[Info   :DynamicMaps] Precaching sprite: Maps/Customs_TarkovDev/Layers/Customs-Ground_Level.svg
[Info   :DynamicMaps] Precaching sprite: Maps/Customs_TarkovDev/Layers/Customs-Second_Floor.svg
[Info   :DynamicMaps] Precaching sprite: Maps/Customs_TarkovDev/Layers/Customs-Third_Floor.svg
[Info   :DynamicMaps] Precaching sprite: Maps/Customs_TarkovDev/Layers/Customs-Fourth_Floor.svg
[Info   :DynamicMaps] Precaching sprite: Maps/Factory_TarkovDev/Layers/Factory-Basement.svg
[Info   :DynamicMaps] Precaching sprite: Maps/Factory_TarkovDev/Layers/Factory-Ground_Floor.svg
[Info   :DynamicMaps] Precaching sprite: Maps/Factory_TarkovDev/Layers/Factory-Second_Floor.svg
[Info   :DynamicMaps] Precaching sprite: Maps/Factory_TarkovDev/Layers/Factory-Third_Floor.svg
[Info   :DynamicMaps] Precaching sprite: Maps/GroundZero_TarkovDev/Layers/GroundZero-Underground_Level.svg
[Info   :DynamicMaps] Precaching sprite: Maps/GroundZero_TarkovDev/Layers/GroundZero-Ground_Level.svg
[Info   :DynamicMaps] Precaching sprite: Maps/GroundZero_TarkovDev/Layers/GroundZero-Second_Floor.svg
[Info   :DynamicMaps] Precaching sprite: Maps/GroundZero_TarkovDev/Layers/GroundZero-Third_Floor.svg
[Info   :DynamicMaps] Precaching sprite: Maps/Interchange_TarkovDev/Layers/Interchange-Ground_Level.svg
[Info   :DynamicMaps] Precaching sprite: Maps/Interchange_TarkovDev/Layers/Interchange-First_Floor.svg
[Info   :DynamicMaps] Precaching sprite: Maps/Interchange_TarkovDev/Layers/Interchange-Second_Floor.svg
[Info   :DynamicMaps] Precaching sprite: Maps/Labs_TarkovDev/Layers/Labs_Technical_Level.svg
[Info   :DynamicMaps] Precaching sprite: Maps/Labs_TarkovDev/Layers/Labs_First_Level.svg
[Info   :DynamicMaps] Precaching sprite: Maps/Labs_TarkovDev/Layers/Labs_Second_Level.svg
[Info   :DynamicMaps] Precaching sprite: Maps/Labyrinth/Layers/Labyrinth.svg
[Info   :DynamicMaps] Precaching sprite: Maps/Lighthouse_TarkovData/Layers/Lighthouse.svg
[Info   :DynamicMaps] Precaching sprite: Maps/Reserve_TarkovData/Layers/Reserve-Bunkers.svg
[Info   :DynamicMaps] Precaching sprite: Maps/Reserve_TarkovData/Layers/Reserve-Ground_Level.svg
[Info   :DynamicMaps] Precaching sprite: Maps/Shoreline_TarkovData/Layers/Shoreline-Underground_Level.svg
[Info   :DynamicMaps] Precaching sprite: Maps/Shoreline_TarkovData/Layers/Shoreline-Ground_Level.svg
[Info   :DynamicMaps] Precaching sprite: Maps/Shoreline_TarkovData/Layers/Shoreline-Second_Floor.svg
[Info   :DynamicMaps] Precaching sprite: Maps/Shoreline_TarkovData/Layers/Shoreline-Third_Floor.svg
[Info   :DynamicMaps] Precaching sprite: Maps/Streets_TarkovData/Layers/StreetsOfTarkov-Underground_Level.svg
[Info   :DynamicMaps] Precaching sprite: Maps/Streets_TarkovData/Layers/StreetsOfTarkov-Ground_Level.svg
[Info   :DynamicMaps] Precaching sprite: Maps/Streets_TarkovData/Layers/StreetsOfTarkov-Second_Floor.svg
[Info   :DynamicMaps] Precaching sprite: Maps/Streets_TarkovData/Layers/StreetsOfTarkov-Third_Floor.svg
[Info   :DynamicMaps] Precaching sprite: Maps/Streets_TarkovData/Layers/StreetsOfTarkov-Fourth_Floor.svg
[Info   :DynamicMaps] Precaching sprite: Maps/Streets_TarkovData/Layers/StreetsOfTarkov-Fifth_Floor.svg
[Info   :DynamicMaps] Precaching sprite: Maps/Woods_TarkovData/Layers/Woods-Underground_Level.svg
[Info   :DynamicMaps] Precaching sprite: Maps/Woods_TarkovData/Layers/Woods-Ground_Level.svg
[Info   :DynamicMaps] Precaching sprite: Maps/Woods_TarkovData/Layers/Woods-Second_Floor.svg
[Info   :No Barrel Shadow] [NBS] Catalogued 33 flashlight-type item(s) for range/intensity adjustment.
[Info   :ZGFueDkx-AllQuestsCheckmarks] Requesting quests data...
[Info   :RequestHandler] [REQUEST]: /all-quests-checkmarks/quests
[Info   :RequestHandler] [REQUEST SUCCESSFUL] /all-quests-checkmarks/quests
[Info   :ZGFueDkx-AllQuestsCheckmarks] Parsing quests data...
[Info   :RequestHandler] [REQUEST]: /botplacementsystem/load
[Info   :RequestHandler] [REQUEST SUCCESSFUL] /botplacementsystem/load
[Info   :RequestHandler] [REQUEST]: /singleplayer/pitfireteam/teammates
[Info   :RequestHandler] [REQUEST SUCCESSFUL] /singleplayer/pitfireteam/teammates
[Info   :RequestHandler] [REQUEST]: /hip/load
[Info   :COD2EFT Inspector] Menu try-on: recorded PlayerModelView.Show(Profile, InventoryController, Action, Single, Nullable`1, Boolean)
[Info   :COD2EFT Inspector] Menu try-on: recorded PlayerModelView.Show(PlayerVisualRepresentation, InventoryController, Action, Single, Nullable`1, Boolean)
[Info   :RequestHandler] [REQUEST]: /singleplayer/pitfireteam/teammates
[Info   :RequestHandler] [REQUEST SUCCESSFUL] /singleplayer/pitfireteam/teammates
[Info   :BlackHawk-QuickSell] Global flea listing guard installed on 1 session method(s).
[Info   :RequestHandler] [REQUEST SUCCESSFUL] /hip/load
[Info   :SPT Casino] [Casino] task bar: MainMenu:MainMenuButton@105, Hideout:HideoutButton@284, Player:CharacterButton@1164, Trade:MerchantsButton@1342, RagFair:FleaMarketButton@1528, EditBuild:EditBuildButton@1706, Handbook:HandbookButton@1870, Chat:ChatButton@2055, NewsHub:NewsButton@2225, Settings:SettingsButton@2334
[Info   :SPT Casino] [Casino] switched off on the cloned tab: UnityEngine.UI.ToggleGroup, EFT.UI.AnimatedToggle, EFT.UI.LocalizedText, UnityEngine.UI.Button
[Info   :SPT Casino] [Casino] task-bar tab added, cloned from 'Hideout' on the left, sibling 2 of Tabs.
[Info   :SPT Casino] [Casino] tab, as laid out --
[Info   :SPT Casino]   template Hideout w=111.6 | HideoutButton w=111.6 [min -1 pref -1 flex -1] | Icon w=25 | Text w=64.6 'HIDEOUT' 16pt Center | NewInformation w=0 [min -1 pref -1 flex -1 ignored] | ProducedItems w=37.4 off | ProducedItemsLabel w=27.4 '0' 18pt auto TopLeft | FailedItems w=37.4 off | ProducedItemsLabel w=27.4 '0' 18pt auto TopLeft
[Info   :SPT Casino]   ours     CasinoTab w=101.9 | Hover w=101.9 off [min -1 pref -1 flex -1 ignored] | HideoutButton w=101.9 [min -1 pref -1 flex -1] | Icon w=25 [min -1 pref 25 flex -1] | Text w=54.9 'CASINO' 16pt Center | NewInformation w=0 [min -1 pref -1 flex -1 ignored] | ProducedItems w=37.4 off | ProducedItemsLabel w=27.4 '0' 18pt auto TopLeft | FailedItems w=37.4 off | ProducedItemsLabel w=27.4 '0' 18pt auto TopLeft
[Info   :SPT Casino] [Casino] task bar: 13 labels, 0 single word(s) broken across lines.
[Info   :SPT Casino] [Casino]   'MAIN MENU' w=88.2 lines=1
[Info   :SPT Casino] [Casino]   'HIDEOUT' w=64.6 lines=1
[Info   :SPT Casino] [Casino]   'CASINO' w=54.9 lines=1
[Info   :SPT Casino] [Casino]   'CHARACTER' w=86.2 lines=1
[Info   :SPT Casino] [Casino]   'TRADERS' w=65.9 lines=1
[Info   :SPT Casino] [Casino]   'FLEA MARKET' w=100.5 lines=1
[Info   :SPT Casino] [Casino]   'BUILDS' w=54.3 lines=1
[Info   :SPT Casino] [Casino]   'HANDBOOK' w=81.3 lines=1
[Info   :SPT Casino] [Casino]   'MESSENGER' w=88.9 lines=1
[Info   :SPT Casino] [Casino]   '2' w=9.8 lines=1
[Info   :SPT Casino] [Casino]   '2' w=9.8 lines=1
[Info   :SPT Casino] [Casino]   'SURVEY' w=56.9 lines=1
[Info   :SPT Casino] [Casino]   'HISTORY' w=100 lines=1
[Info   :HandsAreNotBusy] Added HANB Component to player: DEV
[Info   :COD2EFT Inspector] Research dump (for the outfit browser, stage 2):
[Info   :COD2EFT Inspector]   EFT.PlayerBody members:
    field  Boolean _active
    field  BodyRenderer[] _bodyRenderers
    field  CompositeDisposable _dispose
    field  InventoryEquipment _equipment
    field  HoodedDress _hoodedDress
    field  Boolean _isYourPlayer
    field  BindableState`1 _itemInHands
    field  Int32 _layer
    field  Transform _meshTransform
    field  String _playerProfileID
    field  EPlayerSide _side
    field  PluggableBone _watches
    field  InventoryEquipment <Equipment>k__BackingField
    field  Boolean <HasIntergratedArmor>k__BackingField
    field  Boolean <HaveHolster>k__BackingField
    field  BodyCustomization BodyCustomization
    field  BindableState`1 BodyCustomizationId
    field  Dictionary`2 BodySkins
    field  EClippingCustoms CustomizationClipping
    field  Boolean IsRightLegPistolHolster
    field  PlayerBones PlayerBones
    field  BindableState`1 PlayerSide
    field  BindableState`1 PointOfView
    field  Skeleton SkeletonHands
    field  Skeleton SkeletonRootJoint
    field  EquipmentSlot[] SlotNames
    field  DictionaryListHydra`2 SlotViews
    method Void Dispose()
    method Transform GetAlternativeHolsterBone(EquipmentSlot slotType)
    method Void GetBodyRenderersNonAlloc(List`1 preAllocatedRenederersList)
    method Void GetRenderersNonAlloc(List`1 preAllocatedRenederersList)
    method Transform GetSlotBone(EquipmentSlot slotType)
    method SlotView GetSlotViewByItem(Item item)
    method String GetSlotViewsDebugString()
    method Task Init(BodyCustomization customization, InventoryEquipment equipment, BindableState`1 itemInHands, Int32 layer, EPlayerSide playerSide, String playerProfileID, Dictionary`2 alternativeBones, Boolean isYourPlayer)
    method Task Init(BodyCustomization customization, Int32 layer, EPlayerSide playerSide)
    method Boolean IsVisible()
    method Void OnApplicationQuit()
    method Void OnDestroy()
    method Void OnSlotViewChanged()
    method Void SetSkin(KeyValuePair`2 part, Skeleton skeleton)
    method Void SetTemperatureForBody(Single tempCelsio)
    method Void SetWatches(WatchBundleInfo watchBundleInfo, Skeleton handsSkeleton)
    method Void UpdatePlayerRenders(EPointOfView pointOfView, EPlayerSide side)
    method Void ValidateHoodedDress(EquipmentSlot changedSlot)
    method Void ValidateHoodedDress(GameObject parentModel)
    prop   InventoryEquipment Equipment
    prop   Boolean HasIntergratedArmor
    prop   Boolean HaveHolster
    prop   Transform MeshTransform
[Info   :COD2EFT Inspector]   EFT.UI.PlayerModelView methods:
    method Void CG_method_2()
    method Void CG_method_3()
    method Void Close()
    method Void Destroy()
    method Void OnLoadingCompleted()
    method Task Show(Profile profile, InventoryController inventoryController, Action onCreated, Single update, Nullable`1 position, Boolean animateWeapon)
    method Task Show(PlayerVisualRepresentation playerVisual, InventoryController inventoryController, Action onCreated, Single update, Nullable`1 position, Boolean animateWeapon)
    method Void Update()
[Info   :COD2EFT Inspector]   EFT.UI.TacticalClothingView methods:
    method Void BuyOffer(ClothingItem clothing)
    method Void CG_Show(PointerEventData data)
    method Void CG_Show1(PointerEventData data)
    method Boolean CheckAvailable(Trader trader)
    method Void Close()
    method Task EquipItem(EBodyModelPart bodyPart, ClothingItem clothing)
    method Boolean GetPreviewState(ClothingItem clothingItem)
    method EClothingItemState GetState(ClothingItem clothingItem)
    method Void InitClothBundle(FullOffer offer, ClothingItem bodyPartView, EBodyModelPart bodyPart, String bundlePath)
    method Void ItemAddedHandler(AddItemEventArgs obj)
    method Void ItemRefreshedHandler(RefreshItemEventArgs obj)
    method Void ItemRemovedHandler(RemoveItemEventArgs obj)
    method Void LoadBundles(IEnumerable`1 clothing, Int32 requestIndex)
    method Void OnDrag(PointerEventData pointerData)
    method Task OnEquip(EBodyModelPart bodyPart, ClothingItem clothing)
    method Void OnTestFit(EBodyModelPart bodyPart, ClothingItem item)
    method Void PlayEquipSound()
    method Boolean RequirementsSatisfied(FullOffer offer)
    method Void SendEquippedItems()
    method Void Show(Trader trader, Profile profile, InventoryController inventoryController, OfflineHealthController healthController, QuestBook quests, AchievementsBook achievements, ItemUiContext context, IEftSession session)
    method Void ShowOffers(Trader trader)
    method Void ShowPreview()
    method Boolean TryDeselectOldView(IReadOnlyDictionary`2 views, EBodyModelPart bodyPart, ClothingItem newClothingItem)
    method Void Update()
    method Void UpdateCustomization(EBodyModelPart bodyPart, String customizationId)
    method Void UpdatePreview()
    method Void UpdateStashItems()
    method Void UpdateView(ClothingItem view)
    method Void UpdateViews()
[Info   :COD2EFT Inspector] Scan: 7 character(s): You (hideout); Menu preview: DEFAULT_PLAYER_playersuperior.bundle/PlayerSuperior(Clone)/Player; Menu preview: DEFAULT_PLAYER_ZOMBIE_playerzombie_superior.bundle/PlayerZombie_Superior(Clone)/Player_Zombie; Menu preview: DEFAULT_PLAYER_ZOMBIE_playerzombie_superior.bundle/PlayerZombie_Superior(Clone)/Player_Zombie; Menu preview: ModelPivot/RotationPivot/MenuPlayer; Menu preview: ModelPivot/RotationPivot/MenuPlayer; Menu preview: ModelPivot/RotationPivot/MenuPlayer. Showing 'You (hideout)':
[Info   :COD2EFT Inspector]   Head: mp_western_t9mi6_24_1_FBXFIX_EFT_head [body] 1 renderer(s): mp_western_t9mi6_24_1_Head
[Info   :COD2EFT Inspector]   Top: mp_western_t9mi6_24_1_FBXFIX_EFT_upper [body] 1 renderer(s): mp_western_t9mi6_24_1_Upper
[Info   :COD2EFT Inspector]   Pants: mp_western_t9mi6_24_1_FBXFIX_EFT_lower [body] 1 renderer(s): mp_western_t9mi6_24_1_Lower
[Info   :COD2EFT Inspector]   Hands (first-person): mp_western_t9mi6_24_1_FBXFIX_EFT_hands [body] 1 renderer(s): mp_western_t9mi6_24_1_Hands
[Info   :COD2EFT Inspector]   Gear: Weapon_root_3rd_anim [gear] 1 renderer(s): XYZ_1 (inactive)
[Info   :COD2EFT Inspector]   Other: Bend_Goal_Left [other] 1 renderer(s): Player/Root_Joint/Base HumanPelvis/Base HumanSpine1/Base HumanSpine2/Base HumanSpine3/Bend_Goal_Left/XYZ_1 (1) (inactive)
[Info   :COD2EFT Inspector]   Other: Bend_Goal_Right [other] 1 renderer(s): Player/Root_Joint/Base HumanPelvis/Base HumanSpine1/Base HumanSpine2/Base HumanSpine3/Bend_Goal_Right/XYZ_1 (inactive)
[Info   :COD2EFT Inspector] Input: player input off (GamePlayerOwner was on)
[Info   :COD2EFT Inspector] Outfit catalog: 564 entries. Server folder: G:\G Games\SPT4.1\SPT4.1 GAME\SPT_Runtime | vanilla: 420 entries from G:\G Games\SPT4.1\SPT4.1 GAME\SPT_Runtime\SPT_Data\database\templates\customization.json | mod c11-tn-4: 8 entries | mod RCTA_ClothingMod_Test: 4 entries | mod WTT-ContentBackport: 132 entries | 1 entry has no bundle file where expected
[Info   :COD2EFT Inspector] Photo mode on: camera 'FPS Camera', character rotation (53.66, 2.45)
[Info   :COD2EFT Inspector] Photo mode: camera components (for the background options): Transform, Camera, CinemachineBrain, SSAAPropagatorOpaque [image effect], SSAAPropagator [image effect], FakeCharacterGI (off) [image effect], Undithering [image effect], VolumetricLightRenderer, HBAO [image effect], NightVision, ThermalVision, BloomAndFlares (off) [image effect], AmbientOcclusion (off) [image effect], PrismEffects [image effect], GlobalFog [image effect], BloomAndFlares (off) [image effect], ColorCorrectionCurves (off) [image effect], ChromaticAberration (off) [image effect], CC_Vintage (off) [image effect], Antialiasing (off) [image effect], FastBlur (off) [image effect], DeathFade (off) [image effect], BloodOnScreen [image effect], PostprocessGrayscale [image effect], DistortCameraFX [image effect], EffectsController, CC_BleachBypass (off) [image effect], CC_ContrastVignette (off) [image effect], CC_DoubleVision (off) [image effect], CC_HueFocus (off) [image effect], CC_RadialBlur (off) [image effect], CC_Sharpen [image effect], CC_Technicolor (off) [image effect], CC_BrightnessContrastGamma (off) [image effect], TextureMask (off) [image effect], SSAOMask, DepthOfField (off) [image effect], VisorEffect (off) [image effect], GrenadeFlashScreenEffect (off) [image effect], EyeBurn (off) [image effect], HysteresisFilter (off), CC_FastVignette (off) [image effect], CC_Blend (off) [image effect], CC_Blend (off) [image effect], CC_Wiggle (off) [image effect], MotionBlur (off) [image effect], FrostbiteEffect (off) [image effect], PostProcessLayer [image effect], InventoryBlur (off) [image effect], GradingPostFX (off) [image effect], HideoutCameraFlashlight, HighLightMesh (off), AreaLightManager, SSAA, PostProcessVolume, CameraLodBiasController, RealisticNightVisionRenderer (off) [image effect], CC_Blend (off) [image effect], CC_Blend (off) [image effect], SSAAImpl [image effect], StreamingController, Reflex
[Info   :COD2EFT Inspector] Photo mode: character turned with Player.Rotate(Vector2, ...)
[Info   :COD2EFT Inspector] Photo mode: isolate: 6297 more renderer(s) hidden (6297 in all), 0 terrain(s), camera effects off: VolumetricLightRenderer, GlobalFog
[Warning:Manimal-Icebreaker] [PerfCensus] map=hideout grid=False packed=False sampler1238=False autocullCells=-1 crossVolumes=0 gridContentComps=0 populatedLodCells=0 lodGroups=1909 oneLod=954
[Info   :COD2EFT Inspector] A/B: 1 outfit(s) of [RCTA_ClothingMod_Test] + your own outfit
[Info   :COD2EFT Inspector] Wear: bundle loader: EFT.ObjectsFactory.LoadBundlesAndCreatePools(Pools pools, List`1 resources, AssemblyType assemblyType, YieldDelegate yield, IProgress`1 progress, CancellationToken ct)
[Info   :COD2EFT Inspector] Wear: target: HideoutPlayer 'PlayerSuperior(Clone)', PlayerBody #-1105154 at PlayerSuperior(Clone)/Player; items: Top 'mp western t9mi6 24 1 FBXFIX EFT upper' (id 6abc42fa649e46ae5037570f, bundle 'clothing/mp_western_t9mi6_24_1_fbxfix_eft_top.bundle', from RCTA_ClothingMod_Test); Pants 'mp western t9mi6 24 1 FBXFIX EFT lower' (id 6abc42fa77b6bc95a7375713, bundle 'clothing/mp_western_t9mi6_24_1_fbxfix_eft_bottom.bundle', from RCTA_ClothingMod_Test); Head 'mp western t9mi6 24 1 FBXFIX EFT head' (id 6abc42fa4d7993b8dd375714, bundle 'heads/mp_western_t9mi6_24_1_fbxfix_eft_head.bundle', from RCTA_ClothingMod_Test); Hands 'mp western t9mi6 24 1 FBXFIX EFT upper (hands)' (id 6abc42fae1f7a5ab70375710, bundle 'clothing/mp_western_t9mi6_24_1_fbxfix_eft_hands.bundle', from RCTA_ClothingMod_Test)
[Warning:COD2EFT Inspector] Wear: EFT.ObjectsFactory+PoolResourceInfo has no writable 'path'
[Warning:COD2EFT Inspector] Wear: EFT.ObjectsFactory+PoolResourceInfo has no writable 'rcid'
[Info   :COD2EFT Inspector] Wear: loading 4 bundle(s): clothing/mp_western_t9mi6_24_1_fbxfix_eft_top.bundle, clothing/mp_western_t9mi6_24_1_fbxfix_eft_bottom.bundle, heads/mp_western_t9mi6_24_1_fbxfix_eft_head.bundle, clothing/mp_western_t9mi6_24_1_fbxfix_eft_hands.bundle
[Info   :COD2EFT Inspector] Wear: loader arguments: Pools pools=null, List`1 resources=null, AssemblyType assemblyType=Local, YieldDelegate yield=null, IProgress`1 progress=null, CancellationToken ct=null
[Warning:COD2EFT Inspector] Wear: loader argument 'pools' (EFT.ObjectsFactory+Pools) is null: nothing of that type found
[Warning:COD2EFT Inspector] Wear: loader argument 'resources' (System.Collections.Generic.List`1[[EFT.ObjectsFactory+PoolResourceInfo, Assembly-CSharp, Version=0.0.0.0, Culture=neutral, PublicKeyToken=null]]) is null: nothing of that type found
[Warning:COD2EFT Inspector] Wear: loader argument 'yield' (Diz.Jobs.YieldDelegate) is null: nothing of that type found
[Warning:COD2EFT Inspector] Wear: loading the bundles failed, full exception: System.AggregateException: One or more errors occurred. (Value cannot be null.
Parameter name: source) ---> System.ArgumentNullException: Value cannot be null.
Parameter name: source
  at System.Linq.Enumerable.Where[TSource] (System.Collections.Generic.IEnumerable`1[T] source, System.Func`2[T,TResult] predicate) [0x0000d] in <a314714511a14f84b853c03efd8682b8>:0 
  at EFT.ObjectsFactory.LoadBundlesAndCreatePools (EFT.ObjectsFactory+Pools pools, System.Collections.Generic.List`1[T] resources, EFT.ObjectsFactory+AssemblyType assemblyType, Diz.Jobs.YieldDelegate yield, System.IProgress`1[T] progress, System.Threading.CancellationToken ct) [0x00078] in <cc2d80b06d5b4cb1a5816d2cc901d4c7>:0 
   --- End of inner exception stack trace ---
---> (Inner Exception #0) System.ArgumentNullException: Value cannot be null.
Parameter name: source
  at System.Linq.Enumerable.Where[TSource] (System.Collections.Generic.IEnumerable`1[T] source, System.Func`2[T,TResult] predicate) [0x0000d] in <a314714511a14f84b853c03efd8682b8>:0 
  at EFT.ObjectsFactory.LoadBundlesAndCreatePools (EFT.ObjectsFactory+Pools pools, System.Collections.Generic.List`1[T] resources, EFT.ObjectsFactory+AssemblyType assemblyType, Diz.Jobs.YieldDelegate yield, System.IProgress`1[T] progress, System.Threading.CancellationToken ct) [0x00078] in <cc2d80b06d5b4cb1a5816d2cc901d4c7>:0 <---

[Warning:COD2EFT Inspector] Wear: loading the bundles failed: ArgumentNullException: Value cannot be null. [parameter 'source'] at at System.Linq.Enumerable.Where[TSource] (System.Collections.Generic.IEnumerable`1[T] source, System.Func`2[T,TResult] predicate) [0x0000d] in <a314714511a14f84b853c03efd8682b8>:0 < at EFT.ObjectsFactory.LoadBundlesAndCreatePools (EFT.ObjectsFactory+Pools pools, System.Collections.Generic.List`1[T] resources, EFT.ObjectsFactory+AssemblyType assemblyType, Diz.Jobs.YieldDelegate yield, System.IProgress`1[T] progress, System.Threading.CancellationToken ct) [0x00078] in <cc2d80b06d5b4cb1a5816d2cc901d4c7>:0
[Info   :COD2EFT Inspector] Wear: diagnosis: Top 'mp western t9mi6 24 1 FBXFIX EFT upper' (id 6abc42fa649e46ae5037570f, bundle 'clothing/mp_western_t9mi6_24_1_fbxfix_eft_top.bundle', from RCTA_ClothingMod_Test): ArgumentNullException: Value cannot be null. [parameter 'source'] at at System.Linq.Enumerable.Where[TSource] (System.Collections.Generic.IEnumerable`1[T] source, System.Func`2[T,TResult] predicate) [0x0000d] in <a314714511a14f84b853c03efd8682b8>:0 < at EFT.ObjectsFactory.LoadBundlesAndCreatePools (EFT.ObjectsFactory+Pools pools, System.Collections.Generic.List`1[T] resources, EFT.ObjectsFactory+AssemblyType assemblyType, Diz.Jobs.YieldDelegate yield, System.IProgress`1[T] progress, System.Threading.CancellationToken ct) [0x00078] in <cc2d80b06d5b4cb1a5816d2cc901d4c7>:0
[Info   :COD2EFT Inspector] Wear: diagnosis: Pants 'mp western t9mi6 24 1 FBXFIX EFT lower' (id 6abc42fa77b6bc95a7375713, bundle 'clothing/mp_western_t9mi6_24_1_fbxfix_eft_bottom.bundle', from RCTA_ClothingMod_Test): ArgumentNullException: Value cannot be null. [parameter 'source'] at at System.Linq.Enumerable.Where[TSource] (System.Collections.Generic.IEnumerable`1[T] source, System.Func`2[T,TResult] predicate) [0x0000d] in <a314714511a14f84b853c03efd8682b8>:0 < at EFT.ObjectsFactory.LoadBundlesAndCreatePools (EFT.ObjectsFactory+Pools pools, System.Collections.Generic.List`1[T] resources, EFT.ObjectsFactory+AssemblyType assemblyType, Diz.Jobs.YieldDelegate yield, System.IProgress`1[T] progress, System.Threading.CancellationToken ct) [0x00078] in <cc2d80b06d5b4cb1a5816d2cc901d4c7>:0
[Info   :COD2EFT Inspector] Wear: diagnosis: Head 'mp western t9mi6 24 1 FBXFIX EFT head' (id 6abc42fa4d7993b8dd375714, bundle 'heads/mp_western_t9mi6_24_1_fbxfix_eft_head.bundle', from RCTA_ClothingMod_Test): ArgumentNullException: Value cannot be null. [parameter 'source'] at at System.Linq.Enumerable.Where[TSource] (System.Collections.Generic.IEnumerable`1[T] source, System.Func`2[T,TResult] predicate) [0x0000d] in <a314714511a14f84b853c03efd8682b8>:0 < at EFT.ObjectsFactory.LoadBundlesAndCreatePools (EFT.ObjectsFactory+Pools pools, System.Collections.Generic.List`1[T] resources, EFT.ObjectsFactory+AssemblyType assemblyType, Diz.Jobs.YieldDelegate yield, System.IProgress`1[T] progress, System.Threading.CancellationToken ct) [0x00078] in <cc2d80b06d5b4cb1a5816d2cc901d4c7>:0
[Info   :COD2EFT Inspector] Wear: diagnosis: Hands 'mp western t9mi6 24 1 FBXFIX EFT upper (hands)' (id 6abc42fae1f7a5ab70375710, bundle 'clothing/mp_western_t9mi6_24_1_fbxfix_eft_hands.bundle', from RCTA_ClothingMod_Test): ArgumentNullException: Value cannot be null. [parameter 'source'] at at System.Linq.Enumerable.Where[TSource] (System.Collections.Generic.IEnumerable`1[T] source, System.Func`2[T,TResult] predicate) [0x0000d] in <a314714511a14f84b853c03efd8682b8>:0 < at EFT.ObjectsFactory.LoadBundlesAndCreatePools (EFT.ObjectsFactory+Pools pools, System.Collections.Generic.List`1[T] resources, EFT.ObjectsFactory+AssemblyType assemblyType, Diz.Jobs.YieldDelegate yield, System.IProgress`1[T] progress, System.Threading.CancellationToken ct) [0x00078] in <cc2d80b06d5b4cb1a5816d2cc901d4c7>:0
[Warning:COD2EFT Inspector] Wear: bundle diagnosis: failing: Top 'mp western t9mi6 24 1 FBXFIX EFT upper' bundle 'clothing/mp_western_t9mi6_24_1_fbxfix_eft_top.bundle'; Pants 'mp western t9mi6 24 1 FBXFIX EFT lower' bundle 'clothing/mp_western_t9mi6_24_1_fbxfix_eft_bottom.bundle'; Head 'mp western t9mi6 24 1 FBXFIX EFT head' bundle 'heads/mp_western_t9mi6_24_1_fbxfix_eft_head.bundle'; Hands 'mp western t9mi6 24 1 FBXFIX EFT upper (hands)' bundle 'clothing/mp_western_t9mi6_24_1_fbxfix_eft_hands.bundle'
[Info   :COD2EFT Inspector] Bodies: 10 PlayerBody component(s) (main player: HideoutPlayer at hideout):
  #-1177004 active no owner
      at 26_equipment_presets_stand/level3/SpawnPoints/Stand3/ModelPivot/RotationPivot/MenuPlayer (scene bunker_2)
      shows Body=Top_mannequin,Feet=Pants_mannequin,Head=Head_mannequin
  #-1175574 active no owner
      at 26_equipment_presets_stand/level3/SpawnPoints/Stand2/ModelPivot/RotationPivot/MenuPlayer (scene bunker_2)
      shows Body=Top_mannequin,Feet=Pants_mannequin,Head=Head_mannequin
  #-1174142 active no owner
      at 26_equipment_presets_stand/level3/SpawnPoints/Stand1/ModelPivot/RotationPivot/MenuPlayer (scene bunker_2)
      shows Body=Top_mannequin,Feet=Pants_mannequin,Head=Head_mannequin
  #-1119302 INACTIVE menu view 'Common UI/MenuScreen/MainMenuPlayerModelView/PlayerMVObject'
      at Common UI/Common UI/MenuScreen/MainMenuPlayerModelView/PlayerMVObject/MenuPlayer (scene DontDestroyOnLoad)
      shows Head=mp_western_t9mi6_24_1_FBXFIX_EFT_head,Body=mp_western_t9mi6_24_1_FBXFIX_EFT_upper,Feet=mp_western_t9mi6_24_1_FBXFIX_EFT_lower
  #-1105954 active no owner
      at POOLS/Unloadable/DEFAULT_PLAYER_ZOMBIE_playerzombie_superior.bundle/PlayerZombie_Superior(Clone)/Player_Zombie (scene DontDestroyOnLoad)
      shows 
  #-1105154 active YOUR PLAYER HideoutPlayer 'PlayerSuperior(Clone)'  <- try-on target
      at PlayerSuperior(Clone)/Player (scene DontDestroyOnLoad)
      shows Head=mp_western_t9mi6_24_1_FBXFIX_EFT_head,Body=mp_western_t9mi6_24_1_FBXFIX_EFT_upper,Feet=mp_western_t9mi6_24_1_FBXFIX_EFT_lower,Hands=mp_western_t9mi6_24_1_FBXFIX_EFT_hands
  #-1103280 active no owner
      at POOLS/Unloadable/DEFAULT_PLAYER_ZOMBIE_playerzombie_superior.bundle/PlayerZombie_Superior(Clone)/Player_Zombie (scene DontDestroyOnLoad)
      shows 
  #-1102480 active no owner
      at POOLS/Unloadable/DEFAULT_PLAYER_playersuperior.bundle/PlayerSuperior(Clone)/Player (scene DontDestroyOnLoad)
      shows 
  #-1098382 INACTIVE no owner
      at POOLS/Unloadable/DEFAULT_PLAYER_ZOMBIE_playerzombie_superior.bundle/InactiveGameObject/PlayerZombie_Superior/Player_Zombie (scene DontDestroyOnLoad)
      shows 
  #-1097574 INACTIVE no owner
      at POOLS/Unloadable/DEFAULT_PLAYER_playersuperior.bundle/InactiveGameObject/PlayerSuperior/Player (scene DontDestroyOnLoad)
      shows 
[Warning:COD2EFT Inspector] A/B: skipped 'mp western t9mi6 24 1 FBXFIX EFT': Try-on failed: loading the bundles failed: ArgumentNullException: Value cannot be null. [parameter 'source'] at at System.Linq.Enumerable.Where[TSource] (System.Collections.Generic.IEnumerable`1[T] source, System.Func`2[T,TResult] predicate) [0x0000d] in <a314714511a14f84b853c03efd8682b8>:0 < at EFT.ObjectsFactory.LoadBundlesAndCreatePools (EFT.ObjectsFactory+Pools pools, System.Collections.Generic.List`1[T] resources, EFT.ObjectsFactory+AssemblyType assemblyType, Diz.Jobs.YieldDelegate yield, System.IProgress`1[T] progress, System.Threading.CancellationToken ct) [0x00078] in <cc2d80b06d5b4cb1a5816d2cc901d4c7>:0 | failing: Top 'mp western t9mi6 24 1 FBXFIX EFT upper' bundle 'clothing/mp_western_t9mi6_24_1_fbxfix_eft_top.bundle'; Pants 'mp western t9mi6 24 1 FBXFIX EFT lower' bundle 'clothing/mp_western_t9mi6_24_1_fbxfix_eft_bottom.bundle'; Head 'mp western t9mi6 24 1 FBXFIX EFT head' bundle 'heads/mp_western_t9mi6_24_1_fbxfix_eft_head.bundle'; Hands 'mp western t9mi6 24 1 FBXFIX EFT upper (hands)' bundle 'clothing/mp_western_t9mi6_24_1_fbxfix_eft_hands.bundle'
[Info   :COD2EFT Inspector] Wear: target: HideoutPlayer 'PlayerSuperior(Clone)', PlayerBody #-1105154 at PlayerSuperior(Clone)/Player; items: Top 'mp western t9mi6 24 1 FBXFIX EFT upper' (id 6abc42fa649e46ae5037570f, bundle 'clothing/mp_western_t9mi6_24_1_fbxfix_eft_top.bundle', from RCTA_ClothingMod_Test); Pants 'mp western t9mi6 24 1 FBXFIX EFT lower' (id 6abc42fa77b6bc95a7375713, bundle 'clothing/mp_western_t9mi6_24_1_fbxfix_eft_bottom.bundle', from RCTA_ClothingMod_Test); Head 'mp western t9mi6 24 1 FBXFIX EFT head' (id 6abc42fa4d7993b8dd375714, bundle 'heads/mp_western_t9mi6_24_1_fbxfix_eft_head.bundle', from RCTA_ClothingMod_Test); Hands 'mp western t9mi6 24 1 FBXFIX EFT upper (hands)' (id 6abc42fae1f7a5ab70375710, bundle 'clothing/mp_western_t9mi6_24_1_fbxfix_eft_hands.bundle', from RCTA_ClothingMod_Test)
[Info   :COD2EFT Inspector] Wear: loading 4 bundle(s): clothing/mp_western_t9mi6_24_1_fbxfix_eft_top.bundle, clothing/mp_western_t9mi6_24_1_fbxfix_eft_bottom.bundle, heads/mp_western_t9mi6_24_1_fbxfix_eft_head.bundle, clothing/mp_western_t9mi6_24_1_fbxfix_eft_hands.bundle
[Warning:COD2EFT Inspector] Wear: loading the bundles failed, full exception: System.AggregateException: One or more errors occurred. (Value cannot be null.
Parameter name: source) ---> System.ArgumentNullException: Value cannot be null.
Parameter name: source
  at System.Linq.Enumerable.Where[TSource] (System.Collections.Generic.IEnumerable`1[T] source, System.Func`2[T,TResult] predicate) [0x0000d] in <a314714511a14f84b853c03efd8682b8>:0 
  at EFT.ObjectsFactory.LoadBundlesAndCreatePools (EFT.ObjectsFactory+Pools pools, System.Collections.Generic.List`1[T] resources, EFT.ObjectsFactory+AssemblyType assemblyType, Diz.Jobs.YieldDelegate yield, System.IProgress`1[T] progress, System.Threading.CancellationToken ct) [0x00078] in <cc2d80b06d5b4cb1a5816d2cc901d4c7>:0 
   --- End of inner exception stack trace ---
---> (Inner Exception #0) System.ArgumentNullException: Value cannot be null.
Parameter name: source
  at System.Linq.Enumerable.Where[TSource] (System.Collections.Generic.IEnumerable`1[T] source, System.Func`2[T,TResult] predicate) [0x0000d] in <a314714511a14f84b853c03efd8682b8>:0 
  at EFT.ObjectsFactory.LoadBundlesAndCreatePools (EFT.ObjectsFactory+Pools pools, System.Collections.Generic.List`1[T] resources, EFT.ObjectsFactory+AssemblyType assemblyType, Diz.Jobs.YieldDelegate yield, System.IProgress`1[T] progress, System.Threading.CancellationToken ct) [0x00078] in <cc2d80b06d5b4cb1a5816d2cc901d4c7>:0 <---

[Warning:COD2EFT Inspector] Wear: loading the bundles failed: ArgumentNullException: Value cannot be null. [parameter 'source'] at at System.Linq.Enumerable.Where[TSource] (System.Collections.Generic.IEnumerable`1[T] source, System.Func`2[T,TResult] predicate) [0x0000d] in <a314714511a14f84b853c03efd8682b8>:0 < at EFT.ObjectsFactory.LoadBundlesAndCreatePools (EFT.ObjectsFactory+Pools pools, System.Collections.Generic.List`1[T] resources, EFT.ObjectsFactory+AssemblyType assemblyType, Diz.Jobs.YieldDelegate yield, System.IProgress`1[T] progress, System.Threading.CancellationToken ct) [0x00078] in <cc2d80b06d5b4cb1a5816d2cc901d4c7>:0
[Info   :COD2EFT Inspector] Wear: diagnosis: Top 'mp western t9mi6 24 1 FBXFIX EFT upper' (id 6abc42fa649e46ae5037570f, bundle 'clothing/mp_western_t9mi6_24_1_fbxfix_eft_top.bundle', from RCTA_ClothingMod_Test): ArgumentNullException: Value cannot be null. [parameter 'source'] at at System.Linq.Enumerable.Where[TSource] (System.Collections.Generic.IEnumerable`1[T] source, System.Func`2[T,TResult] predicate) [0x0000d] in <a314714511a14f84b853c03efd8682b8>:0 < at EFT.ObjectsFactory.LoadBundlesAndCreatePools (EFT.ObjectsFactory+Pools pools, System.Collections.Generic.List`1[T] resources, EFT.ObjectsFactory+AssemblyType assemblyType, Diz.Jobs.YieldDelegate yield, System.IProgress`1[T] progress, System.Threading.CancellationToken ct) [0x00078] in <cc2d80b06d5b4cb1a5816d2cc901d4c7>:0
[Info   :COD2EFT Inspector] Wear: diagnosis: Pants 'mp western t9mi6 24 1 FBXFIX EFT lower' (id 6abc42fa77b6bc95a7375713, bundle 'clothing/mp_western_t9mi6_24_1_fbxfix_eft_bottom.bundle', from RCTA_ClothingMod_Test): ArgumentNullException: Value cannot be null. [parameter 'source'] at at System.Linq.Enumerable.Where[TSource] (System.Collections.Generic.IEnumerable`1[T] source, System.Func`2[T,TResult] predicate) [0x0000d] in <a314714511a14f84b853c03efd8682b8>:0 < at EFT.ObjectsFactory.LoadBundlesAndCreatePools (EFT.ObjectsFactory+Pools pools, System.Collections.Generic.List`1[T] resources, EFT.ObjectsFactory+AssemblyType assemblyType, Diz.Jobs.YieldDelegate yield, System.IProgress`1[T] progress, System.Threading.CancellationToken ct) [0x00078] in <cc2d80b06d5b4cb1a5816d2cc901d4c7>:0
[Info   :COD2EFT Inspector] Wear: diagnosis: Head 'mp western t9mi6 24 1 FBXFIX EFT head' (id 6abc42fa4d7993b8dd375714, bundle 'heads/mp_western_t9mi6_24_1_fbxfix_eft_head.bundle', from RCTA_ClothingMod_Test): ArgumentNullException: Value cannot be null. [parameter 'source'] at at System.Linq.Enumerable.Where[TSource] (System.Collections.Generic.IEnumerable`1[T] source, System.Func`2[T,TResult] predicate) [0x0000d] in <a314714511a14f84b853c03efd8682b8>:0 < at EFT.ObjectsFactory.LoadBundlesAndCreatePools (EFT.ObjectsFactory+Pools pools, System.Collections.Generic.List`1[T] resources, EFT.ObjectsFactory+AssemblyType assemblyType, Diz.Jobs.YieldDelegate yield, System.IProgress`1[T] progress, System.Threading.CancellationToken ct) [0x00078] in <cc2d80b06d5b4cb1a5816d2cc901d4c7>:0
[Info   :COD2EFT Inspector] Wear: diagnosis: Hands 'mp western t9mi6 24 1 FBXFIX EFT upper (hands)' (id 6abc42fae1f7a5ab70375710, bundle 'clothing/mp_western_t9mi6_24_1_fbxfix_eft_hands.bundle', from RCTA_ClothingMod_Test): ArgumentNullException: Value cannot be null. [parameter 'source'] at at System.Linq.Enumerable.Where[TSource] (System.Collections.Generic.IEnumerable`1[T] source, System.Func`2[T,TResult] predicate) [0x0000d] in <a314714511a14f84b853c03efd8682b8>:0 < at EFT.ObjectsFactory.LoadBundlesAndCreatePools (EFT.ObjectsFactory+Pools pools, System.Collections.Generic.List`1[T] resources, EFT.ObjectsFactory+AssemblyType assemblyType, Diz.Jobs.YieldDelegate yield, System.IProgress`1[T] progress, System.Threading.CancellationToken ct) [0x00078] in <cc2d80b06d5b4cb1a5816d2cc901d4c7>:0
[Warning:COD2EFT Inspector] Wear: bundle diagnosis: failing: Top 'mp western t9mi6 24 1 FBXFIX EFT upper' bundle 'clothing/mp_western_t9mi6_24_1_fbxfix_eft_top.bundle'; Pants 'mp western t9mi6 24 1 FBXFIX EFT lower' bundle 'clothing/mp_western_t9mi6_24_1_fbxfix_eft_bottom.bundle'; Head 'mp western t9mi6 24 1 FBXFIX EFT head' bundle 'heads/mp_western_t9mi6_24_1_fbxfix_eft_head.bundle'; Hands 'mp western t9mi6 24 1 FBXFIX EFT upper (hands)' bundle 'clothing/mp_western_t9mi6_24_1_fbxfix_eft_hands.bundle'
[Info   :COD2EFT Inspector] Bodies: 10 PlayerBody component(s) (main player: HideoutPlayer at hideout):
  #-1177004 active no owner
      at 26_equipment_presets_stand/level3/SpawnPoints/Stand3/ModelPivot/RotationPivot/MenuPlayer (scene bunker_2)
      shows Body=Top_mannequin,Feet=Pants_mannequin,Head=Head_mannequin
  #-1175574 active no owner
      at 26_equipment_presets_stand/level3/SpawnPoints/Stand2/ModelPivot/RotationPivot/MenuPlayer (scene bunker_2)
      shows Body=Top_mannequin,Feet=Pants_mannequin,Head=Head_mannequin
  #-1174142 active no owner
      at 26_equipment_presets_stand/level3/SpawnPoints/Stand1/ModelPivot/RotationPivot/MenuPlayer (scene bunker_2)
      shows Body=Top_mannequin,Feet=Pants_mannequin,Head=Head_mannequin
  #-1119302 INACTIVE menu view 'Common UI/MenuScreen/MainMenuPlayerModelView/PlayerMVObject'
      at Common UI/Common UI/MenuScreen/MainMenuPlayerModelView/PlayerMVObject/MenuPlayer (scene DontDestroyOnLoad)
      shows Head=mp_western_t9mi6_24_1_FBXFIX_EFT_head,Body=mp_western_t9mi6_24_1_FBXFIX_EFT_upper,Feet=mp_western_t9mi6_24_1_FBXFIX_EFT_lower
  #-1105954 active no owner
      at POOLS/Unloadable/DEFAULT_PLAYER_ZOMBIE_playerzombie_superior.bundle/PlayerZombie_Superior(Clone)/Player_Zombie (scene DontDestroyOnLoad)
      shows 
  #-1105154 active YOUR PLAYER HideoutPlayer 'PlayerSuperior(Clone)'  <- try-on target
      at PlayerSuperior(Clone)/Player (scene DontDestroyOnLoad)
      shows Head=mp_western_t9mi6_24_1_FBXFIX_EFT_head,Body=mp_western_t9mi6_24_1_FBXFIX_EFT_upper,Feet=mp_western_t9mi6_24_1_FBXFIX_EFT_lower,Hands=mp_western_t9mi6_24_1_FBXFIX_EFT_hands
  #-1103280 active no owner
      at POOLS/Unloadable/DEFAULT_PLAYER_ZOMBIE_playerzombie_superior.bundle/PlayerZombie_Superior(Clone)/Player_Zombie (scene DontDestroyOnLoad)
      shows 
  #-1102480 active no owner
      at POOLS/Unloadable/DEFAULT_PLAYER_playersuperior.bundle/PlayerSuperior(Clone)/Player (scene DontDestroyOnLoad)
      shows 
  #-1098382 INACTIVE no owner
      at POOLS/Unloadable/DEFAULT_PLAYER_ZOMBIE_playerzombie_superior.bundle/InactiveGameObject/PlayerZombie_Superior/Player_Zombie (scene DontDestroyOnLoad)
      shows 
  #-1097574 INACTIVE no owner
      at POOLS/Unloadable/DEFAULT_PLAYER_playersuperior.bundle/InactiveGameObject/PlayerSuperior/Player (scene DontDestroyOnLoad)
      shows 
[Warning:COD2EFT Inspector] A/B: skipped 'your own outfit (reference)': Try-on failed: loading the bundles failed: ArgumentNullException: Value cannot be null. [parameter 'source'] at at System.Linq.Enumerable.Where[TSource] (System.Collections.Generic.IEnumerable`1[T] source, System.Func`2[T,TResult] predicate) [0x0000d] in <a314714511a14f84b853c03efd8682b8>:0 < at EFT.ObjectsFactory.LoadBundlesAndCreatePools (EFT.ObjectsFactory+Pools pools, System.Collections.Generic.List`1[T] resources, EFT.ObjectsFactory+AssemblyType assemblyType, Diz.Jobs.YieldDelegate yield, System.IProgress`1[T] progress, System.Threading.CancellationToken ct) [0x00078] in <cc2d80b06d5b4cb1a5816d2cc901d4c7>:0 | failing: Top 'mp western t9mi6 24 1 FBXFIX EFT upper' bundle 'clothing/mp_western_t9mi6_24_1_fbxfix_eft_top.bundle'; Pants 'mp western t9mi6 24 1 FBXFIX EFT lower' bundle 'clothing/mp_western_t9mi6_24_1_fbxfix_eft_bottom.bundle'; Head 'mp western t9mi6 24 1 FBXFIX EFT head' bundle 'heads/mp_western_t9mi6_24_1_fbxfix_eft_head.bundle'; Hands 'mp western t9mi6 24 1 FBXFIX EFT upper (hands)' bundle 'clothing/mp_western_t9mi6_24_1_fbxfix_eft_hands.bundle'
[Info   :COD2EFT Inspector] A/B done: 0 turntable(s) of 4 screenshots in G:\G Games\SPT4.1\SPT4.1 GAME\COD2EFT_Screenshots
[Info   :COD2EFT Inspector] Screenshot saved: G:\G Games\SPT4.1\SPT4.1 GAME\COD2EFT_Screenshots\20260929-195650_mp_western_t9mi6_24_1_FBXFIX_EFT_head+mp_western_t9mi6_24_1_FBXFIX_EFT_upper+mp_western_t9mi6_24_1_FBXFIX_EFT_lower_front_alpha.png (5120x2880, supersize 2, 0 HUD canvases hidden, 0 meshes hidden)
[Info   :COD2EFT Inspector] Screenshot saved: G:\G Games\SPT4.1\SPT4.1 GAME\COD2EFT_Screenshots\20260929-195651_mp_western_t9mi6_24_1_FBXFIX_EFT_head+mp_western_t9mi6_24_1_FBXFIX_EFT_upper+mp_western_t9mi6_24_1_FBXFIX_EFT_lower_left_alpha.png (5120x2880, supersize 2, 0 HUD canvases hidden, 0 meshes hidden)
[Info   :COD2EFT Inspector] Screenshot saved: G:\G Games\SPT4.1\SPT4.1 GAME\COD2EFT_Screenshots\20260929-195653_mp_western_t9mi6_24_1_FBXFIX_EFT_head+mp_western_t9mi6_24_1_FBXFIX_EFT_upper+mp_western_t9mi6_24_1_FBXFIX_EFT_lower_back_alpha.png (5120x2880, supersize 2, 0 HUD canvases hidden, 0 meshes hidden)
[Info   :COD2EFT Inspector] Screenshot saved: G:\G Games\SPT4.1\SPT4.1 GAME\COD2EFT_Screenshots\20260929-195654_mp_western_t9mi6_24_1_FBXFIX_EFT_head+mp_western_t9mi6_24_1_FBXFIX_EFT_upper+mp_western_t9mi6_24_1_FBXFIX_EFT_lower_right_alpha.png (5120x2880, supersize 2, 0 HUD canvases hidden, 0 meshes hidden)
[Info   :COD2EFT Inspector] Wear: target: HideoutPlayer 'PlayerSuperior(Clone)', PlayerBody #-1105154 at PlayerSuperior(Clone)/Player; items: Head 'Basilevs' (id 68fb88b9d4b0e9617502c1c4, bundle 'assets/content/characters/character/prefabs/bear_head_vas_tattoo.bundle', from WTT-ContentBackport)
[Info   :COD2EFT Inspector] Wear: loading 1 bundle(s): assets/content/characters/character/prefabs/bear_head_vas_tattoo.bundle
[Warning:COD2EFT Inspector] Wear: loading the bundles failed, full exception: System.AggregateException: One or more errors occurred. (Value cannot be null.
Parameter name: source) ---> System.ArgumentNullException: Value cannot be null.
Parameter name: source
  at System.Linq.Enumerable.Where[TSource] (System.Collections.Generic.IEnumerable`1[T] source, System.Func`2[T,TResult] predicate) [0x0000d] in <a314714511a14f84b853c03efd8682b8>:0 
  at EFT.ObjectsFactory.LoadBundlesAndCreatePools (EFT.ObjectsFactory+Pools pools, System.Collections.Generic.List`1[T] resources, EFT.ObjectsFactory+AssemblyType assemblyType, Diz.Jobs.YieldDelegate yield, System.IProgress`1[T] progress, System.Threading.CancellationToken ct) [0x00078] in <cc2d80b06d5b4cb1a5816d2cc901d4c7>:0 
   --- End of inner exception stack trace ---
---> (Inner Exception #0) System.ArgumentNullException: Value cannot be null.
Parameter name: source
  at System.Linq.Enumerable.Where[TSource] (System.Collections.Generic.IEnumerable`1[T] source, System.Func`2[T,TResult] predicate) [0x0000d] in <a314714511a14f84b853c03efd8682b8>:0 
  at EFT.ObjectsFactory.LoadBundlesAndCreatePools (EFT.ObjectsFactory+Pools pools, System.Collections.Generic.List`1[T] resources, EFT.ObjectsFactory+AssemblyType assemblyType, Diz.Jobs.YieldDelegate yield, System.IProgress`1[T] progress, System.Threading.CancellationToken ct) [0x00078] in <cc2d80b06d5b4cb1a5816d2cc901d4c7>:0 <---

[Warning:COD2EFT Inspector] Wear: loading the bundles failed: ArgumentNullException: Value cannot be null. [parameter 'source'] at at System.Linq.Enumerable.Where[TSource] (System.Collections.Generic.IEnumerable`1[T] source, System.Func`2[T,TResult] predicate) [0x0000d] in <a314714511a14f84b853c03efd8682b8>:0 < at EFT.ObjectsFactory.LoadBundlesAndCreatePools (EFT.ObjectsFactory+Pools pools, System.Collections.Generic.List`1[T] resources, EFT.ObjectsFactory+AssemblyType assemblyType, Diz.Jobs.YieldDelegate yield, System.IProgress`1[T] progress, System.Threading.CancellationToken ct) [0x00078] in <cc2d80b06d5b4cb1a5816d2cc901d4c7>:0
[Info   :COD2EFT Inspector] Wear: diagnosis: Head 'Basilevs' (id 68fb88b9d4b0e9617502c1c4, bundle 'assets/content/characters/character/prefabs/bear_head_vas_tattoo.bundle', from WTT-ContentBackport): ArgumentNullException: Value cannot be null. [parameter 'source'] at at System.Linq.Enumerable.Where[TSource] (System.Collections.Generic.IEnumerable`1[T] source, System.Func`2[T,TResult] predicate) [0x0000d] in <a314714511a14f84b853c03efd8682b8>:0 < at EFT.ObjectsFactory.LoadBundlesAndCreatePools (EFT.ObjectsFactory+Pools pools, System.Collections.Generic.List`1[T] resources, EFT.ObjectsFactory+AssemblyType assemblyType, Diz.Jobs.YieldDelegate yield, System.IProgress`1[T] progress, System.Threading.CancellationToken ct) [0x00078] in <cc2d80b06d5b4cb1a5816d2cc901d4c7>:0
[Warning:COD2EFT Inspector] Wear: bundle diagnosis: failing: Head 'Basilevs' bundle 'assets/content/characters/character/prefabs/bear_head_vas_tattoo.bundle'
[Info   :COD2EFT Inspector] Bodies: 10 PlayerBody component(s) (main player: HideoutPlayer at hideout):
  #-1177004 active no owner
      at 26_equipment_presets_stand/level3/SpawnPoints/Stand3/ModelPivot/RotationPivot/MenuPlayer (scene bunker_2)
      shows Body=Top_mannequin,Feet=Pants_mannequin,Head=Head_mannequin
  #-1175574 active no owner
      at 26_equipment_presets_stand/level3/SpawnPoints/Stand2/ModelPivot/RotationPivot/MenuPlayer (scene bunker_2)
      shows Body=Top_mannequin,Feet=Pants_mannequin,Head=Head_mannequin
  #-1174142 active no owner
      at 26_equipment_presets_stand/level3/SpawnPoints/Stand1/ModelPivot/RotationPivot/MenuPlayer (scene bunker_2)
      shows Body=Top_mannequin,Feet=Pants_mannequin,Head=Head_mannequin
  #-1119302 INACTIVE menu view 'Common UI/MenuScreen/MainMenuPlayerModelView/PlayerMVObject'
      at Common UI/Common UI/MenuScreen/MainMenuPlayerModelView/PlayerMVObject/MenuPlayer (scene DontDestroyOnLoad)
      shows Head=mp_western_t9mi6_24_1_FBXFIX_EFT_head,Body=mp_western_t9mi6_24_1_FBXFIX_EFT_upper,Feet=mp_western_t9mi6_24_1_FBXFIX_EFT_lower
  #-1105954 active no owner
      at POOLS/Unloadable/DEFAULT_PLAYER_ZOMBIE_playerzombie_superior.bundle/PlayerZombie_Superior(Clone)/Player_Zombie (scene DontDestroyOnLoad)
      shows 
  #-1105154 active YOUR PLAYER HideoutPlayer 'PlayerSuperior(Clone)'  <- try-on target
      at PlayerSuperior(Clone)/Player (scene DontDestroyOnLoad)
      shows Head=mp_western_t9mi6_24_1_FBXFIX_EFT_head,Body=mp_western_t9mi6_24_1_FBXFIX_EFT_upper,Feet=mp_western_t9mi6_24_1_FBXFIX_EFT_lower,Hands=mp_western_t9mi6_24_1_FBXFIX_EFT_hands
  #-1103280 active no owner
      at POOLS/Unloadable/DEFAULT_PLAYER_ZOMBIE_playerzombie_superior.bundle/PlayerZombie_Superior(Clone)/Player_Zombie (scene DontDestroyOnLoad)
      shows 
  #-1102480 active no owner
      at POOLS/Unloadable/DEFAULT_PLAYER_playersuperior.bundle/PlayerSuperior(Clone)/Player (scene DontDestroyOnLoad)
      shows 
  #-1098382 INACTIVE no owner
      at POOLS/Unloadable/DEFAULT_PLAYER_ZOMBIE_playerzombie_superior.bundle/InactiveGameObject/PlayerZombie_Superior/Player_Zombie (scene DontDestroyOnLoad)
      shows 
  #-1097574 INACTIVE no owner
      at POOLS/Unloadable/DEFAULT_PLAYER_playersuperior.bundle/InactiveGameObject/PlayerSuperior/Player (scene DontDestroyOnLoad)
      shows 
[Info   :COD2EFT Inspector] Wear: target: HideoutPlayer 'PlayerSuperior(Clone)', PlayerBody #-1105154 at PlayerSuperior(Clone)/Player; items: Top 'mp western t9mi6 24 1 FBXFIX EFT upper' (id 6abc42fa649e46ae5037570f, bundle 'clothing/mp_western_t9mi6_24_1_fbxfix_eft_top.bundle', from RCTA_ClothingMod_Test); Pants 'mp western t9mi6 24 1 FBXFIX EFT lower' (id 6abc42fa77b6bc95a7375713, bundle 'clothing/mp_western_t9mi6_24_1_fbxfix_eft_bottom.bundle', from RCTA_ClothingMod_Test); Head 'mp western t9mi6 24 1 FBXFIX EFT head' (id 6abc42fa4d7993b8dd375714, bundle 'heads/mp_western_t9mi6_24_1_fbxfix_eft_head.bundle', from RCTA_ClothingMod_Test); Hands 'mp western t9mi6 24 1 FBXFIX EFT upper (hands)' (id 6abc42fae1f7a5ab70375710, bundle 'clothing/mp_western_t9mi6_24_1_fbxfix_eft_hands.bundle', from RCTA_ClothingMod_Test)
[Info   :COD2EFT Inspector] Wear: loading 4 bundle(s): clothing/mp_western_t9mi6_24_1_fbxfix_eft_top.bundle, clothing/mp_western_t9mi6_24_1_fbxfix_eft_bottom.bundle, heads/mp_western_t9mi6_24_1_fbxfix_eft_head.bundle, clothing/mp_western_t9mi6_24_1_fbxfix_eft_hands.bundle
[Warning:COD2EFT Inspector] Wear: loading the bundles failed, full exception: System.AggregateException: One or more errors occurred. (Value cannot be null.
Parameter name: source) ---> System.ArgumentNullException: Value cannot be null.
Parameter name: source
  at System.Linq.Enumerable.Where[TSource] (System.Collections.Generic.IEnumerable`1[T] source, System.Func`2[T,TResult] predicate) [0x0000d] in <a314714511a14f84b853c03efd8682b8>:0 
  at EFT.ObjectsFactory.LoadBundlesAndCreatePools (EFT.ObjectsFactory+Pools pools, System.Collections.Generic.List`1[T] resources, EFT.ObjectsFactory+AssemblyType assemblyType, Diz.Jobs.YieldDelegate yield, System.IProgress`1[T] progress, System.Threading.CancellationToken ct) [0x00078] in <cc2d80b06d5b4cb1a5816d2cc901d4c7>:0 
   --- End of inner exception stack trace ---
---> (Inner Exception #0) System.ArgumentNullException: Value cannot be null.
Parameter name: source
  at System.Linq.Enumerable.Where[TSource] (System.Collections.Generic.IEnumerable`1[T] source, System.Func`2[T,TResult] predicate) [0x0000d] in <a314714511a14f84b853c03efd8682b8>:0 
  at EFT.ObjectsFactory.LoadBundlesAndCreatePools (EFT.ObjectsFactory+Pools pools, System.Collections.Generic.List`1[T] resources, EFT.ObjectsFactory+AssemblyType assemblyType, Diz.Jobs.YieldDelegate yield, System.IProgress`1[T] progress, System.Threading.CancellationToken ct) [0x00078] in <cc2d80b06d5b4cb1a5816d2cc901d4c7>:0 <---

[Warning:COD2EFT Inspector] Wear: loading the bundles failed: ArgumentNullException: Value cannot be null. [parameter 'source'] at at System.Linq.Enumerable.Where[TSource] (System.Collections.Generic.IEnumerable`1[T] source, System.Func`2[T,TResult] predicate) [0x0000d] in <a314714511a14f84b853c03efd8682b8>:0 < at EFT.ObjectsFactory.LoadBundlesAndCreatePools (EFT.ObjectsFactory+Pools pools, System.Collections.Generic.List`1[T] resources, EFT.ObjectsFactory+AssemblyType assemblyType, Diz.Jobs.YieldDelegate yield, System.IProgress`1[T] progress, System.Threading.CancellationToken ct) [0x00078] in <cc2d80b06d5b4cb1a5816d2cc901d4c7>:0
[Info   :COD2EFT Inspector] Wear: diagnosis: Top 'mp western t9mi6 24 1 FBXFIX EFT upper' (id 6abc42fa649e46ae5037570f, bundle 'clothing/mp_western_t9mi6_24_1_fbxfix_eft_top.bundle', from RCTA_ClothingMod_Test): ArgumentNullException: Value cannot be null. [parameter 'source'] at at System.Linq.Enumerable.Where[TSource] (System.Collections.Generic.IEnumerable`1[T] source, System.Func`2[T,TResult] predicate) [0x0000d] in <a314714511a14f84b853c03efd8682b8>:0 < at EFT.ObjectsFactory.LoadBundlesAndCreatePools (EFT.ObjectsFactory+Pools pools, System.Collections.Generic.List`1[T] resources, EFT.ObjectsFactory+AssemblyType assemblyType, Diz.Jobs.YieldDelegate yield, System.IProgress`1[T] progress, System.Threading.CancellationToken ct) [0x00078] in <cc2d80b06d5b4cb1a5816d2cc901d4c7>:0
[Info   :COD2EFT Inspector] Wear: diagnosis: Pants 'mp western t9mi6 24 1 FBXFIX EFT lower' (id 6abc42fa77b6bc95a7375713, bundle 'clothing/mp_western_t9mi6_24_1_fbxfix_eft_bottom.bundle', from RCTA_ClothingMod_Test): ArgumentNullException: Value cannot be null. [parameter 'source'] at at System.Linq.Enumerable.Where[TSource] (System.Collections.Generic.IEnumerable`1[T] source, System.Func`2[T,TResult] predicate) [0x0000d] in <a314714511a14f84b853c03efd8682b8>:0 < at EFT.ObjectsFactory.LoadBundlesAndCreatePools (EFT.ObjectsFactory+Pools pools, System.Collections.Generic.List`1[T] resources, EFT.ObjectsFactory+AssemblyType assemblyType, Diz.Jobs.YieldDelegate yield, System.IProgress`1[T] progress, System.Threading.CancellationToken ct) [0x00078] in <cc2d80b06d5b4cb1a5816d2cc901d4c7>:0
[Info   :COD2EFT Inspector] Wear: diagnosis: Head 'mp western t9mi6 24 1 FBXFIX EFT head' (id 6abc42fa4d7993b8dd375714, bundle 'heads/mp_western_t9mi6_24_1_fbxfix_eft_head.bundle', from RCTA_ClothingMod_Test): ArgumentNullException: Value cannot be null. [parameter 'source'] at at System.Linq.Enumerable.Where[TSource] (System.Collections.Generic.IEnumerable`1[T] source, System.Func`2[T,TResult] predicate) [0x0000d] in <a314714511a14f84b853c03efd8682b8>:0 < at EFT.ObjectsFactory.LoadBundlesAndCreatePools (EFT.ObjectsFactory+Pools pools, System.Collections.Generic.List`1[T] resources, EFT.ObjectsFactory+AssemblyType assemblyType, Diz.Jobs.YieldDelegate yield, System.IProgress`1[T] progress, System.Threading.CancellationToken ct) [0x00078] in <cc2d80b06d5b4cb1a5816d2cc901d4c7>:0
[Info   :COD2EFT Inspector] Wear: diagnosis: Hands 'mp western t9mi6 24 1 FBXFIX EFT upper (hands)' (id 6abc42fae1f7a5ab70375710, bundle 'clothing/mp_western_t9mi6_24_1_fbxfix_eft_hands.bundle', from RCTA_ClothingMod_Test): ArgumentNullException: Value cannot be null. [parameter 'source'] at at System.Linq.Enumerable.Where[TSource] (System.Collections.Generic.IEnumerable`1[T] source, System.Func`2[T,TResult] predicate) [0x0000d] in <a314714511a14f84b853c03efd8682b8>:0 < at EFT.ObjectsFactory.LoadBundlesAndCreatePools (EFT.ObjectsFactory+Pools pools, System.Collections.Generic.List`1[T] resources, EFT.ObjectsFactory+AssemblyType assemblyType, Diz.Jobs.YieldDelegate yield, System.IProgress`1[T] progress, System.Threading.CancellationToken ct) [0x00078] in <cc2d80b06d5b4cb1a5816d2cc901d4c7>:0
[Warning:COD2EFT Inspector] Wear: bundle diagnosis: failing: Top 'mp western t9mi6 24 1 FBXFIX EFT upper' bundle 'clothing/mp_western_t9mi6_24_1_fbxfix_eft_top.bundle'; Pants 'mp western t9mi6 24 1 FBXFIX EFT lower' bundle 'clothing/mp_western_t9mi6_24_1_fbxfix_eft_bottom.bundle'; Head 'mp western t9mi6 24 1 FBXFIX EFT head' bundle 'heads/mp_western_t9mi6_24_1_fbxfix_eft_head.bundle'; Hands 'mp western t9mi6 24 1 FBXFIX EFT upper (hands)' bundle 'clothing/mp_western_t9mi6_24_1_fbxfix_eft_hands.bundle'
[Info   :COD2EFT Inspector] Bodies: 10 PlayerBody component(s) (main player: HideoutPlayer at hideout):
  #-1177004 active no owner
      at 26_equipment_presets_stand/level3/SpawnPoints/Stand3/ModelPivot/RotationPivot/MenuPlayer (scene bunker_2)
      shows Body=Top_mannequin,Feet=Pants_mannequin,Head=Head_mannequin
  #-1175574 active no owner
      at 26_equipment_presets_stand/level3/SpawnPoints/Stand2/ModelPivot/RotationPivot/MenuPlayer (scene bunker_2)
      shows Body=Top_mannequin,Feet=Pants_mannequin,Head=Head_mannequin
  #-1174142 active no owner
      at 26_equipment_presets_stand/level3/SpawnPoints/Stand1/ModelPivot/RotationPivot/MenuPlayer (scene bunker_2)
      shows Body=Top_mannequin,Feet=Pants_mannequin,Head=Head_mannequin
  #-1119302 INACTIVE menu view 'Common UI/MenuScreen/MainMenuPlayerModelView/PlayerMVObject'
      at Common UI/Common UI/MenuScreen/MainMenuPlayerModelView/PlayerMVObject/MenuPlayer (scene DontDestroyOnLoad)
      shows Head=mp_western_t9mi6_24_1_FBXFIX_EFT_head,Body=mp_western_t9mi6_24_1_FBXFIX_EFT_upper,Feet=mp_western_t9mi6_24_1_FBXFIX_EFT_lower
  #-1105954 active no owner
      at POOLS/Unloadable/DEFAULT_PLAYER_ZOMBIE_playerzombie_superior.bundle/PlayerZombie_Superior(Clone)/Player_Zombie (scene DontDestroyOnLoad)
      shows 
  #-1105154 active YOUR PLAYER HideoutPlayer 'PlayerSuperior(Clone)'  <- try-on target
      at PlayerSuperior(Clone)/Player (scene DontDestroyOnLoad)
      shows Head=mp_western_t9mi6_24_1_FBXFIX_EFT_head,Body=mp_western_t9mi6_24_1_FBXFIX_EFT_upper,Feet=mp_western_t9mi6_24_1_FBXFIX_EFT_lower,Hands=mp_western_t9mi6_24_1_FBXFIX_EFT_hands
  #-1103280 active no owner
      at POOLS/Unloadable/DEFAULT_PLAYER_ZOMBIE_playerzombie_superior.bundle/PlayerZombie_Superior(Clone)/Player_Zombie (scene DontDestroyOnLoad)
      shows 
  #-1102480 active no owner
      at POOLS/Unloadable/DEFAULT_PLAYER_playersuperior.bundle/PlayerSuperior(Clone)/Player (scene DontDestroyOnLoad)
      shows 
  #-1098382 INACTIVE no owner
      at POOLS/Unloadable/DEFAULT_PLAYER_ZOMBIE_playerzombie_superior.bundle/InactiveGameObject/PlayerZombie_Superior/Player_Zombie (scene DontDestroyOnLoad)
      shows 
  #-1097574 INACTIVE no owner
      at POOLS/Unloadable/DEFAULT_PLAYER_playersuperior.bundle/InactiveGameObject/PlayerSuperior/Player (scene DontDestroyOnLoad)
      shows 
[Info   :COD2EFT Inspector] Wear: target: HideoutPlayer 'PlayerSuperior(Clone)', PlayerBody #-1105154 at PlayerSuperior(Clone)/Player; items: Top 'BEAR Arktika' (id 697a1a3801958b2b7b0cce7a, bundle 'assets/content/characters/character/prefabs/top_bear_winterset_2.bundle', from WTT-ContentBackport); Pants 'BEAR Arktika' (id 697a1a91dd691ac297075dde, bundle 'assets/content/characters/character/prefabs/pants_bear_winterset_2.bundle', from WTT-ContentBackport); Hands 'BEAR Arktika (hands)' (id 697a1ae6e418da3bd10ca7b8, bundle 'assets/content/hands/hands_bear_winterset_2/hands_bear_winterset_2.skin.bundle', from WTT-ContentBackport)
[Info   :COD2EFT Inspector] Wear: loading 3 bundle(s): assets/content/characters/character/prefabs/top_bear_winterset_2.bundle, assets/content/characters/character/prefabs/pants_bear_winterset_2.bundle, assets/content/hands/hands_bear_winterset_2/hands_bear_winterset_2.skin.bundle
[Warning:COD2EFT Inspector] Wear: loading the bundles failed, full exception: System.AggregateException: One or more errors occurred. (Value cannot be null.
Parameter name: source) ---> System.ArgumentNullException: Value cannot be null.
Parameter name: source
  at System.Linq.Enumerable.Where[TSource] (System.Collections.Generic.IEnumerable`1[T] source, System.Func`2[T,TResult] predicate) [0x0000d] in <a314714511a14f84b853c03efd8682b8>:0 
  at EFT.ObjectsFactory.LoadBundlesAndCreatePools (EFT.ObjectsFactory+Pools pools, System.Collections.Generic.List`1[T] resources, EFT.ObjectsFactory+AssemblyType assemblyType, Diz.Jobs.YieldDelegate yield, System.IProgress`1[T] progress, System.Threading.CancellationToken ct) [0x00078] in <cc2d80b06d5b4cb1a5816d2cc901d4c7>:0 
   --- End of inner exception stack trace ---
---> (Inner Exception #0) System.ArgumentNullException: Value cannot be null.
Parameter name: source
  at System.Linq.Enumerable.Where[TSource] (System.Collections.Generic.IEnumerable`1[T] source, System.Func`2[T,TResult] predicate) [0x0000d] in <a314714511a14f84b853c03efd8682b8>:0 
  at EFT.ObjectsFactory.LoadBundlesAndCreatePools (EFT.ObjectsFactory+Pools pools, System.Collections.Generic.List`1[T] resources, EFT.ObjectsFactory+AssemblyType assemblyType, Diz.Jobs.YieldDelegate yield, System.IProgress`1[T] progress, System.Threading.CancellationToken ct) [0x00078] in <cc2d80b06d5b4cb1a5816d2cc901d4c7>:0 <---

[Warning:COD2EFT Inspector] Wear: loading the bundles failed: ArgumentNullException: Value cannot be null. [parameter 'source'] at at System.Linq.Enumerable.Where[TSource] (System.Collections.Generic.IEnumerable`1[T] source, System.Func`2[T,TResult] predicate) [0x0000d] in <a314714511a14f84b853c03efd8682b8>:0 < at EFT.ObjectsFactory.LoadBundlesAndCreatePools (EFT.ObjectsFactory+Pools pools, System.Collections.Generic.List`1[T] resources, EFT.ObjectsFactory+AssemblyType assemblyType, Diz.Jobs.YieldDelegate yield, System.IProgress`1[T] progress, System.Threading.CancellationToken ct) [0x00078] in <cc2d80b06d5b4cb1a5816d2cc901d4c7>:0
[Info   :COD2EFT Inspector] Wear: diagnosis: Top 'BEAR Arktika' (id 697a1a3801958b2b7b0cce7a, bundle 'assets/content/characters/character/prefabs/top_bear_winterset_2.bundle', from WTT-ContentBackport): ArgumentNullException: Value cannot be null. [parameter 'source'] at at System.Linq.Enumerable.Where[TSource] (System.Collections.Generic.IEnumerable`1[T] source, System.Func`2[T,TResult] predicate) [0x0000d] in <a314714511a14f84b853c03efd8682b8>:0 < at EFT.ObjectsFactory.LoadBundlesAndCreatePools (EFT.ObjectsFactory+Pools pools, System.Collections.Generic.List`1[T] resources, EFT.ObjectsFactory+AssemblyType assemblyType, Diz.Jobs.YieldDelegate yield, System.IProgress`1[T] progress, System.Threading.CancellationToken ct) [0x00078] in <cc2d80b06d5b4cb1a5816d2cc901d4c7>:0
[Info   :COD2EFT Inspector] Wear: diagnosis: Pants 'BEAR Arktika' (id 697a1a91dd691ac297075dde, bundle 'assets/content/characters/character/prefabs/pants_bear_winterset_2.bundle', from WTT-ContentBackport): ArgumentNullException: Value cannot be null. [parameter 'source'] at at System.Linq.Enumerable.Where[TSource] (System.Collections.Generic.IEnumerable`1[T] source, System.Func`2[T,TResult] predicate) [0x0000d] in <a314714511a14f84b853c03efd8682b8>:0 < at EFT.ObjectsFactory.LoadBundlesAndCreatePools (EFT.ObjectsFactory+Pools pools, System.Collections.Generic.List`1[T] resources, EFT.ObjectsFactory+AssemblyType assemblyType, Diz.Jobs.YieldDelegate yield, System.IProgress`1[T] progress, System.Threading.CancellationToken ct) [0x00078] in <cc2d80b06d5b4cb1a5816d2cc901d4c7>:0
[Info   :COD2EFT Inspector] Wear: diagnosis: Hands 'BEAR Arktika (hands)' (id 697a1ae6e418da3bd10ca7b8, bundle 'assets/content/hands/hands_bear_winterset_2/hands_bear_winterset_2.skin.bundle', from WTT-ContentBackport): ArgumentNullException: Value cannot be null. [parameter 'source'] at at System.Linq.Enumerable.Where[TSource] (System.Collections.Generic.IEnumerable`1[T] source, System.Func`2[T,TResult] predicate) [0x0000d] in <a314714511a14f84b853c03efd8682b8>:0 < at EFT.ObjectsFactory.LoadBundlesAndCreatePools (EFT.ObjectsFactory+Pools pools, System.Collections.Generic.List`1[T] resources, EFT.ObjectsFactory+AssemblyType assemblyType, Diz.Jobs.YieldDelegate yield, System.IProgress`1[T] progress, System.Threading.CancellationToken ct) [0x00078] in <cc2d80b06d5b4cb1a5816d2cc901d4c7>:0
[Warning:COD2EFT Inspector] Wear: bundle diagnosis: failing: Top 'BEAR Arktika' bundle 'assets/content/characters/character/prefabs/top_bear_winterset_2.bundle'; Pants 'BEAR Arktika' bundle 'assets/content/characters/character/prefabs/pants_bear_winterset_2.bundle'; Hands 'BEAR Arktika (hands)' bundle 'assets/content/hands/hands_bear_winterset_2/hands_bear_winterset_2.skin.bundle'
[Info   :COD2EFT Inspector] Bodies: 10 PlayerBody component(s) (main player: HideoutPlayer at hideout):
  #-1177004 active no owner
      at 26_equipment_presets_stand/level3/SpawnPoints/Stand3/ModelPivot/RotationPivot/MenuPlayer (scene bunker_2)
      shows Body=Top_mannequin,Feet=Pants_mannequin,Head=Head_mannequin
  #-1175574 active no owner
      at 26_equipment_presets_stand/level3/SpawnPoints/Stand2/ModelPivot/RotationPivot/MenuPlayer (scene bunker_2)
      shows Body=Top_mannequin,Feet=Pants_mannequin,Head=Head_mannequin
  #-1174142 active no owner
      at 26_equipment_presets_stand/level3/SpawnPoints/Stand1/ModelPivot/RotationPivot/MenuPlayer (scene bunker_2)
      shows Body=Top_mannequin,Feet=Pants_mannequin,Head=Head_mannequin
  #-1119302 INACTIVE menu view 'Common UI/MenuScreen/MainMenuPlayerModelView/PlayerMVObject'
      at Common UI/Common UI/MenuScreen/MainMenuPlayerModelView/PlayerMVObject/MenuPlayer (scene DontDestroyOnLoad)
      shows Head=mp_western_t9mi6_24_1_FBXFIX_EFT_head,Body=mp_western_t9mi6_24_1_FBXFIX_EFT_upper,Feet=mp_western_t9mi6_24_1_FBXFIX_EFT_lower
  #-1105954 active no owner
      at POOLS/Unloadable/DEFAULT_PLAYER_ZOMBIE_playerzombie_superior.bundle/PlayerZombie_Superior(Clone)/Player_Zombie (scene DontDestroyOnLoad)
      shows 
  #-1105154 active YOUR PLAYER HideoutPlayer 'PlayerSuperior(Clone)'  <- try-on target
      at PlayerSuperior(Clone)/Player (scene DontDestroyOnLoad)
      shows Head=mp_western_t9mi6_24_1_FBXFIX_EFT_head,Body=mp_western_t9mi6_24_1_FBXFIX_EFT_upper,Feet=mp_western_t9mi6_24_1_FBXFIX_EFT_lower,Hands=mp_western_t9mi6_24_1_FBXFIX_EFT_hands
  #-1103280 active no owner
      at POOLS/Unloadable/DEFAULT_PLAYER_ZOMBIE_playerzombie_superior.bundle/PlayerZombie_Superior(Clone)/Player_Zombie (scene DontDestroyOnLoad)
      shows 
  #-1102480 active no owner
      at POOLS/Unloadable/DEFAULT_PLAYER_playersuperior.bundle/PlayerSuperior(Clone)/Player (scene DontDestroyOnLoad)
      shows 
  #-1098382 INACTIVE no owner
      at POOLS/Unloadable/DEFAULT_PLAYER_ZOMBIE_playerzombie_superior.bundle/InactiveGameObject/PlayerZombie_Superior/Player_Zombie (scene DontDestroyOnLoad)
      shows 
  #-1097574 INACTIVE no owner
      at POOLS/Unloadable/DEFAULT_PLAYER_playersuperior.bundle/InactiveGameObject/PlayerSuperior/Player (scene DontDestroyOnLoad)
      shows 
[Info   :COD2EFT Inspector] Wear: target: HideoutPlayer 'PlayerSuperior(Clone)', PlayerBody #-1105154 at PlayerSuperior(Clone)/Player; items: Top 'mp western t9mi6 24 1 FBXFIX EFT upper' (id 6abc42fa649e46ae5037570f, bundle 'clothing/mp_western_t9mi6_24_1_fbxfix_eft_top.bundle', from RCTA_ClothingMod_Test); Pants 'mp western t9mi6 24 1 FBXFIX EFT lower' (id 6abc42fa77b6bc95a7375713, bundle 'clothing/mp_western_t9mi6_24_1_fbxfix_eft_bottom.bundle', from RCTA_ClothingMod_Test); Head 'mp western t9mi6 24 1 FBXFIX EFT head' (id 6abc42fa4d7993b8dd375714, bundle 'heads/mp_western_t9mi6_24_1_fbxfix_eft_head.bundle', from RCTA_ClothingMod_Test); Hands 'mp western t9mi6 24 1 FBXFIX EFT upper (hands)' (id 6abc42fae1f7a5ab70375710, bundle 'clothing/mp_western_t9mi6_24_1_fbxfix_eft_hands.bundle', from RCTA_ClothingMod_Test)
[Info   :COD2EFT Inspector] Wear: loading 4 bundle(s): clothing/mp_western_t9mi6_24_1_fbxfix_eft_top.bundle, clothing/mp_western_t9mi6_24_1_fbxfix_eft_bottom.bundle, heads/mp_western_t9mi6_24_1_fbxfix_eft_head.bundle, clothing/mp_western_t9mi6_24_1_fbxfix_eft_hands.bundle
[Warning:COD2EFT Inspector] Wear: loading the bundles failed, full exception: System.AggregateException: One or more errors occurred. (Value cannot be null.
Parameter name: source) ---> System.ArgumentNullException: Value cannot be null.
Parameter name: source
  at System.Linq.Enumerable.Where[TSource] (System.Collections.Generic.IEnumerable`1[T] source, System.Func`2[T,TResult] predicate) [0x0000d] in <a314714511a14f84b853c03efd8682b8>:0 
  at EFT.ObjectsFactory.LoadBundlesAndCreatePools (EFT.ObjectsFactory+Pools pools, System.Collections.Generic.List`1[T] resources, EFT.ObjectsFactory+AssemblyType assemblyType, Diz.Jobs.YieldDelegate yield, System.IProgress`1[T] progress, System.Threading.CancellationToken ct) [0x00078] in <cc2d80b06d5b4cb1a5816d2cc901d4c7>:0 
   --- End of inner exception stack trace ---
---> (Inner Exception #0) System.ArgumentNullException: Value cannot be null.
Parameter name: source
  at System.Linq.Enumerable.Where[TSource] (System.Collections.Generic.IEnumerable`1[T] source, System.Func`2[T,TResult] predicate) [0x0000d] in <a314714511a14f84b853c03efd8682b8>:0 
  at EFT.ObjectsFactory.LoadBundlesAndCreatePools (EFT.ObjectsFactory+Pools pools, System.Collections.Generic.List`1[T] resources, EFT.ObjectsFactory+AssemblyType assemblyType, Diz.Jobs.YieldDelegate yield, System.IProgress`1[T] progress, System.Threading.CancellationToken ct) [0x00078] in <cc2d80b06d5b4cb1a5816d2cc901d4c7>:0 <---

[Warning:COD2EFT Inspector] Wear: loading the bundles failed: ArgumentNullException: Value cannot be null. [parameter 'source'] at at System.Linq.Enumerable.Where[TSource] (System.Collections.Generic.IEnumerable`1[T] source, System.Func`2[T,TResult] predicate) [0x0000d] in <a314714511a14f84b853c03efd8682b8>:0 < at EFT.ObjectsFactory.LoadBundlesAndCreatePools (EFT.ObjectsFactory+Pools pools, System.Collections.Generic.List`1[T] resources, EFT.ObjectsFactory+AssemblyType assemblyType, Diz.Jobs.YieldDelegate yield, System.IProgress`1[T] progress, System.Threading.CancellationToken ct) [0x00078] in <cc2d80b06d5b4cb1a5816d2cc901d4c7>:0
[Info   :COD2EFT Inspector] Wear: diagnosis: Top 'mp western t9mi6 24 1 FBXFIX EFT upper' (id 6abc42fa649e46ae5037570f, bundle 'clothing/mp_western_t9mi6_24_1_fbxfix_eft_top.bundle', from RCTA_ClothingMod_Test): ArgumentNullException: Value cannot be null. [parameter 'source'] at at System.Linq.Enumerable.Where[TSource] (System.Collections.Generic.IEnumerable`1[T] source, System.Func`2[T,TResult] predicate) [0x0000d] in <a314714511a14f84b853c03efd8682b8>:0 < at EFT.ObjectsFactory.LoadBundlesAndCreatePools (EFT.ObjectsFactory+Pools pools, System.Collections.Generic.List`1[T] resources, EFT.ObjectsFactory+AssemblyType assemblyType, Diz.Jobs.YieldDelegate yield, System.IProgress`1[T] progress, System.Threading.CancellationToken ct) [0x00078] in <cc2d80b06d5b4cb1a5816d2cc901d4c7>:0
[Info   :COD2EFT Inspector] Wear: diagnosis: Pants 'mp western t9mi6 24 1 FBXFIX EFT lower' (id 6abc42fa77b6bc95a7375713, bundle 'clothing/mp_western_t9mi6_24_1_fbxfix_eft_bottom.bundle', from RCTA_ClothingMod_Test): ArgumentNullException: Value cannot be null. [parameter 'source'] at at System.Linq.Enumerable.Where[TSource] (System.Collections.Generic.IEnumerable`1[T] source, System.Func`2[T,TResult] predicate) [0x0000d] in <a314714511a14f84b853c03efd8682b8>:0 < at EFT.ObjectsFactory.LoadBundlesAndCreatePools (EFT.ObjectsFactory+Pools pools, System.Collections.Generic.List`1[T] resources, EFT.ObjectsFactory+AssemblyType assemblyType, Diz.Jobs.YieldDelegate yield, System.IProgress`1[T] progress, System.Threading.CancellationToken ct) [0x00078] in <cc2d80b06d5b4cb1a5816d2cc901d4c7>:0
[Info   :COD2EFT Inspector] Wear: diagnosis: Head 'mp western t9mi6 24 1 FBXFIX EFT head' (id 6abc42fa4d7993b8dd375714, bundle 'heads/mp_western_t9mi6_24_1_fbxfix_eft_head.bundle', from RCTA_ClothingMod_Test): ArgumentNullException: Value cannot be null. [parameter 'source'] at at System.Linq.Enumerable.Where[TSource] (System.Collections.Generic.IEnumerable`1[T] source, System.Func`2[T,TResult] predicate) [0x0000d] in <a314714511a14f84b853c03efd8682b8>:0 < at EFT.ObjectsFactory.LoadBundlesAndCreatePools (EFT.ObjectsFactory+Pools pools, System.Collections.Generic.List`1[T] resources, EFT.ObjectsFactory+AssemblyType assemblyType, Diz.Jobs.YieldDelegate yield, System.IProgress`1[T] progress, System.Threading.CancellationToken ct) [0x00078] in <cc2d80b06d5b4cb1a5816d2cc901d4c7>:0
[Info   :COD2EFT Inspector] Wear: diagnosis: Hands 'mp western t9mi6 24 1 FBXFIX EFT upper (hands)' (id 6abc42fae1f7a5ab70375710, bundle 'clothing/mp_western_t9mi6_24_1_fbxfix_eft_hands.bundle', from RCTA_ClothingMod_Test): ArgumentNullException: Value cannot be null. [parameter 'source'] at at System.Linq.Enumerable.Where[TSource] (System.Collections.Generic.IEnumerable`1[T] source, System.Func`2[T,TResult] predicate) [0x0000d] in <a314714511a14f84b853c03efd8682b8>:0 < at EFT.ObjectsFactory.LoadBundlesAndCreatePools (EFT.ObjectsFactory+Pools pools, System.Collections.Generic.List`1[T] resources, EFT.ObjectsFactory+AssemblyType assemblyType, Diz.Jobs.YieldDelegate yield, System.IProgress`1[T] progress, System.Threading.CancellationToken ct) [0x00078] in <cc2d80b06d5b4cb1a5816d2cc901d4c7>:0
[Warning:COD2EFT Inspector] Wear: bundle diagnosis: failing: Top 'mp western t9mi6 24 1 FBXFIX EFT upper' bundle 'clothing/mp_western_t9mi6_24_1_fbxfix_eft_top.bundle'; Pants 'mp western t9mi6 24 1 FBXFIX EFT lower' bundle 'clothing/mp_western_t9mi6_24_1_fbxfix_eft_bottom.bundle'; Head 'mp western t9mi6 24 1 FBXFIX EFT head' bundle 'heads/mp_western_t9mi6_24_1_fbxfix_eft_head.bundle'; Hands 'mp western t9mi6 24 1 FBXFIX EFT upper (hands)' bundle 'clothing/mp_western_t9mi6_24_1_fbxfix_eft_hands.bundle'
[Info   :COD2EFT Inspector] Bodies: 10 PlayerBody component(s) (main player: HideoutPlayer at hideout):
  #-1177004 active no owner
      at 26_equipment_presets_stand/level3/SpawnPoints/Stand3/ModelPivot/RotationPivot/MenuPlayer (scene bunker_2)
      shows Body=Top_mannequin,Feet=Pants_mannequin,Head=Head_mannequin
  #-1175574 active no owner
      at 26_equipment_presets_stand/level3/SpawnPoints/Stand2/ModelPivot/RotationPivot/MenuPlayer (scene bunker_2)
      shows Body=Top_mannequin,Feet=Pants_mannequin,Head=Head_mannequin
  #-1174142 active no owner
      at 26_equipment_presets_stand/level3/SpawnPoints/Stand1/ModelPivot/RotationPivot/MenuPlayer (scene bunker_2)
      shows Body=Top_mannequin,Feet=Pants_mannequin,Head=Head_mannequin
  #-1119302 INACTIVE menu view 'Common UI/MenuScreen/MainMenuPlayerModelView/PlayerMVObject'
      at Common UI/Common UI/MenuScreen/MainMenuPlayerModelView/PlayerMVObject/MenuPlayer (scene DontDestroyOnLoad)
      shows Head=mp_western_t9mi6_24_1_FBXFIX_EFT_head,Body=mp_western_t9mi6_24_1_FBXFIX_EFT_upper,Feet=mp_western_t9mi6_24_1_FBXFIX_EFT_lower
  #-1105954 active no owner
      at POOLS/Unloadable/DEFAULT_PLAYER_ZOMBIE_playerzombie_superior.bundle/PlayerZombie_Superior(Clone)/Player_Zombie (scene DontDestroyOnLoad)
      shows 
  #-1105154 active YOUR PLAYER HideoutPlayer 'PlayerSuperior(Clone)'  <- try-on target
      at PlayerSuperior(Clone)/Player (scene DontDestroyOnLoad)
      shows Head=mp_western_t9mi6_24_1_FBXFIX_EFT_head,Body=mp_western_t9mi6_24_1_FBXFIX_EFT_upper,Feet=mp_western_t9mi6_24_1_FBXFIX_EFT_lower,Hands=mp_western_t9mi6_24_1_FBXFIX_EFT_hands
  #-1103280 active no owner
      at POOLS/Unloadable/DEFAULT_PLAYER_ZOMBIE_playerzombie_superior.bundle/PlayerZombie_Superior(Clone)/Player_Zombie (scene DontDestroyOnLoad)
      shows 
  #-1102480 active no owner
      at POOLS/Unloadable/DEFAULT_PLAYER_playersuperior.bundle/PlayerSuperior(Clone)/Player (scene DontDestroyOnLoad)
      shows 
  #-1098382 INACTIVE no owner
      at POOLS/Unloadable/DEFAULT_PLAYER_ZOMBIE_playerzombie_superior.bundle/InactiveGameObject/PlayerZombie_Superior/Player_Zombie (scene DontDestroyOnLoad)
      shows 
  #-1097574 INACTIVE no owner
      at POOLS/Unloadable/DEFAULT_PLAYER_playersuperior.bundle/InactiveGameObject/PlayerSuperior/Player (scene DontDestroyOnLoad)
      shows 
[Info   :COD2EFT Inspector] Wear: target: HideoutPlayer 'PlayerSuperior(Clone)', PlayerBody #-1105154 at PlayerSuperior(Clone)/Player; items: Top 'mp western t9mi6 24 1 FBXFIX EFT upper' (id 6abc42fa649e46ae5037570f, bundle 'clothing/mp_western_t9mi6_24_1_fbxfix_eft_top.bundle', from RCTA_ClothingMod_Test); Pants 'mp western t9mi6 24 1 FBXFIX EFT lower' (id 6abc42fa77b6bc95a7375713, bundle 'clothing/mp_western_t9mi6_24_1_fbxfix_eft_bottom.bundle', from RCTA_ClothingMod_Test); Head 'mp western t9mi6 24 1 FBXFIX EFT head' (id 6abc42fa4d7993b8dd375714, bundle 'heads/mp_western_t9mi6_24_1_fbxfix_eft_head.bundle', from RCTA_ClothingMod_Test); Hands 'mp western t9mi6 24 1 FBXFIX EFT upper (hands)' (id 6abc42fae1f7a5ab70375710, bundle 'clothing/mp_western_t9mi6_24_1_fbxfix_eft_hands.bundle', from RCTA_ClothingMod_Test)
[Info   :COD2EFT Inspector] Wear: loading 4 bundle(s): clothing/mp_western_t9mi6_24_1_fbxfix_eft_top.bundle, clothing/mp_western_t9mi6_24_1_fbxfix_eft_bottom.bundle, heads/mp_western_t9mi6_24_1_fbxfix_eft_head.bundle, clothing/mp_western_t9mi6_24_1_fbxfix_eft_hands.bundle
[Warning:COD2EFT Inspector] Wear: loading the bundles failed, full exception: System.AggregateException: One or more errors occurred. (Value cannot be null.
Parameter name: source) ---> System.ArgumentNullException: Value cannot be null.
Parameter name: source
  at System.Linq.Enumerable.Where[TSource] (System.Collections.Generic.IEnumerable`1[T] source, System.Func`2[T,TResult] predicate) [0x0000d] in <a314714511a14f84b853c03efd8682b8>:0 
  at EFT.ObjectsFactory.LoadBundlesAndCreatePools (EFT.ObjectsFactory+Pools pools, System.Collections.Generic.List`1[T] resources, EFT.ObjectsFactory+AssemblyType assemblyType, Diz.Jobs.YieldDelegate yield, System.IProgress`1[T] progress, System.Threading.CancellationToken ct) [0x00078] in <cc2d80b06d5b4cb1a5816d2cc901d4c7>:0 
   --- End of inner exception stack trace ---
---> (Inner Exception #0) System.ArgumentNullException: Value cannot be null.
Parameter name: source
  at System.Linq.Enumerable.Where[TSource] (System.Collections.Generic.IEnumerable`1[T] source, System.Func`2[T,TResult] predicate) [0x0000d] in <a314714511a14f84b853c03efd8682b8>:0 
  at EFT.ObjectsFactory.LoadBundlesAndCreatePools (EFT.ObjectsFactory+Pools pools, System.Collections.Generic.List`1[T] resources, EFT.ObjectsFactory+AssemblyType assemblyType, Diz.Jobs.YieldDelegate yield, System.IProgress`1[T] progress, System.Threading.CancellationToken ct) [0x00078] in <cc2d80b06d5b4cb1a5816d2cc901d4c7>:0 <---

[Warning:COD2EFT Inspector] Wear: loading the bundles failed: ArgumentNullException: Value cannot be null. [parameter 'source'] at at System.Linq.Enumerable.Where[TSource] (System.Collections.Generic.IEnumerable`1[T] source, System.Func`2[T,TResult] predicate) [0x0000d] in <a314714511a14f84b853c03efd8682b8>:0 < at EFT.ObjectsFactory.LoadBundlesAndCreatePools (EFT.ObjectsFactory+Pools pools, System.Collections.Generic.List`1[T] resources, EFT.ObjectsFactory+AssemblyType assemblyType, Diz.Jobs.YieldDelegate yield, System.IProgress`1[T] progress, System.Threading.CancellationToken ct) [0x00078] in <cc2d80b06d5b4cb1a5816d2cc901d4c7>:0
[Info   :COD2EFT Inspector] Wear: diagnosis: Top 'mp western t9mi6 24 1 FBXFIX EFT upper' (id 6abc42fa649e46ae5037570f, bundle 'clothing/mp_western_t9mi6_24_1_fbxfix_eft_top.bundle', from RCTA_ClothingMod_Test): ArgumentNullException: Value cannot be null. [parameter 'source'] at at System.Linq.Enumerable.Where[TSource] (System.Collections.Generic.IEnumerable`1[T] source, System.Func`2[T,TResult] predicate) [0x0000d] in <a314714511a14f84b853c03efd8682b8>:0 < at EFT.ObjectsFactory.LoadBundlesAndCreatePools (EFT.ObjectsFactory+Pools pools, System.Collections.Generic.List`1[T] resources, EFT.ObjectsFactory+AssemblyType assemblyType, Diz.Jobs.YieldDelegate yield, System.IProgress`1[T] progress, System.Threading.CancellationToken ct) [0x00078] in <cc2d80b06d5b4cb1a5816d2cc901d4c7>:0
[Info   :COD2EFT Inspector] Wear: diagnosis: Pants 'mp western t9mi6 24 1 FBXFIX EFT lower' (id 6abc42fa77b6bc95a7375713, bundle 'clothing/mp_western_t9mi6_24_1_fbxfix_eft_bottom.bundle', from RCTA_ClothingMod_Test): ArgumentNullException: Value cannot be null. [parameter 'source'] at at System.Linq.Enumerable.Where[TSource] (System.Collections.Generic.IEnumerable`1[T] source, System.Func`2[T,TResult] predicate) [0x0000d] in <a314714511a14f84b853c03efd8682b8>:0 < at EFT.ObjectsFactory.LoadBundlesAndCreatePools (EFT.ObjectsFactory+Pools pools, System.Collections.Generic.List`1[T] resources, EFT.ObjectsFactory+AssemblyType assemblyType, Diz.Jobs.YieldDelegate yield, System.IProgress`1[T] progress, System.Threading.CancellationToken ct) [0x00078] in <cc2d80b06d5b4cb1a5816d2cc901d4c7>:0
[Info   :COD2EFT Inspector] Wear: diagnosis: Head 'mp western t9mi6 24 1 FBXFIX EFT head' (id 6abc42fa4d7993b8dd375714, bundle 'heads/mp_western_t9mi6_24_1_fbxfix_eft_head.bundle', from RCTA_ClothingMod_Test): ArgumentNullException: Value cannot be null. [parameter 'source'] at at System.Linq.Enumerable.Where[TSource] (System.Collections.Generic.IEnumerable`1[T] source, System.Func`2[T,TResult] predicate) [0x0000d] in <a314714511a14f84b853c03efd8682b8>:0 < at EFT.ObjectsFactory.LoadBundlesAndCreatePools (EFT.ObjectsFactory+Pools pools, System.Collections.Generic.List`1[T] resources, EFT.ObjectsFactory+AssemblyType assemblyType, Diz.Jobs.YieldDelegate yield, System.IProgress`1[T] progress, System.Threading.CancellationToken ct) [0x00078] in <cc2d80b06d5b4cb1a5816d2cc901d4c7>:0
[Info   :COD2EFT Inspector] Wear: diagnosis: Hands 'mp western t9mi6 24 1 FBXFIX EFT upper (hands)' (id 6abc42fae1f7a5ab70375710, bundle 'clothing/mp_western_t9mi6_24_1_fbxfix_eft_hands.bundle', from RCTA_ClothingMod_Test): ArgumentNullException: Value cannot be null. [parameter 'source'] at at System.Linq.Enumerable.Where[TSource] (System.Collections.Generic.IEnumerable`1[T] source, System.Func`2[T,TResult] predicate) [0x0000d] in <a314714511a14f84b853c03efd8682b8>:0 < at EFT.ObjectsFactory.LoadBundlesAndCreatePools (EFT.ObjectsFactory+Pools pools, System.Collections.Generic.List`1[T] resources, EFT.ObjectsFactory+AssemblyType assemblyType, Diz.Jobs.YieldDelegate yield, System.IProgress`1[T] progress, System.Threading.CancellationToken ct) [0x00078] in <cc2d80b06d5b4cb1a5816d2cc901d4c7>:0
[Warning:COD2EFT Inspector] Wear: bundle diagnosis: failing: Top 'mp western t9mi6 24 1 FBXFIX EFT upper' bundle 'clothing/mp_western_t9mi6_24_1_fbxfix_eft_top.bundle'; Pants 'mp western t9mi6 24 1 FBXFIX EFT lower' bundle 'clothing/mp_western_t9mi6_24_1_fbxfix_eft_bottom.bundle'; Head 'mp western t9mi6 24 1 FBXFIX EFT head' bundle 'heads/mp_western_t9mi6_24_1_fbxfix_eft_head.bundle'; Hands 'mp western t9mi6 24 1 FBXFIX EFT upper (hands)' bundle 'clothing/mp_western_t9mi6_24_1_fbxfix_eft_hands.bundle'
[Info   :COD2EFT Inspector] Bodies: 10 PlayerBody component(s) (main player: HideoutPlayer at hideout):
  #-1177004 active no owner
      at 26_equipment_presets_stand/level3/SpawnPoints/Stand3/ModelPivot/RotationPivot/MenuPlayer (scene bunker_2)
      shows Body=Top_mannequin,Feet=Pants_mannequin,Head=Head_mannequin
  #-1175574 active no owner
      at 26_equipment_presets_stand/level3/SpawnPoints/Stand2/ModelPivot/RotationPivot/MenuPlayer (scene bunker_2)
      shows Body=Top_mannequin,Feet=Pants_mannequin,Head=Head_mannequin
  #-1174142 active no owner
      at 26_equipment_presets_stand/level3/SpawnPoints/Stand1/ModelPivot/RotationPivot/MenuPlayer (scene bunker_2)
      shows Body=Top_mannequin,Feet=Pants_mannequin,Head=Head_mannequin
  #-1119302 INACTIVE menu view 'Common UI/MenuScreen/MainMenuPlayerModelView/PlayerMVObject'
      at Common UI/Common UI/MenuScreen/MainMenuPlayerModelView/PlayerMVObject/MenuPlayer (scene DontDestroyOnLoad)
      shows Head=mp_western_t9mi6_24_1_FBXFIX_EFT_head,Body=mp_western_t9mi6_24_1_FBXFIX_EFT_upper,Feet=mp_western_t9mi6_24_1_FBXFIX_EFT_lower
  #-1105954 active no owner
      at POOLS/Unloadable/DEFAULT_PLAYER_ZOMBIE_playerzombie_superior.bundle/PlayerZombie_Superior(Clone)/Player_Zombie (scene DontDestroyOnLoad)
      shows 
  #-1105154 active YOUR PLAYER HideoutPlayer 'PlayerSuperior(Clone)'  <- try-on target
      at PlayerSuperior(Clone)/Player (scene DontDestroyOnLoad)
      shows Head=mp_western_t9mi6_24_1_FBXFIX_EFT_head,Body=mp_western_t9mi6_24_1_FBXFIX_EFT_upper,Feet=mp_western_t9mi6_24_1_FBXFIX_EFT_lower,Hands=mp_western_t9mi6_24_1_FBXFIX_EFT_hands
  #-1103280 active no owner
      at POOLS/Unloadable/DEFAULT_PLAYER_ZOMBIE_playerzombie_superior.bundle/PlayerZombie_Superior(Clone)/Player_Zombie (scene DontDestroyOnLoad)
      shows 
  #-1102480 active no owner
      at POOLS/Unloadable/DEFAULT_PLAYER_playersuperior.bundle/PlayerSuperior(Clone)/Player (scene DontDestroyOnLoad)
      shows 
  #-1098382 INACTIVE no owner
      at POOLS/Unloadable/DEFAULT_PLAYER_ZOMBIE_playerzombie_superior.bundle/InactiveGameObject/PlayerZombie_Superior/Player_Zombie (scene DontDestroyOnLoad)
      shows 
  #-1097574 INACTIVE no owner
      at POOLS/Unloadable/DEFAULT_PLAYER_playersuperior.bundle/InactiveGameObject/PlayerSuperior/Player (scene DontDestroyOnLoad)
      shows 
[Info   :COD2EFT Inspector] Pose: MovementContext (EFT.MovementContext) members: get_StateSprintSpeedLimit(), set_StateSprintSpeedLimit(Single), get_IsInPronePose(), set_IsInPronePose(Boolean), add_OnPoseChanged(Action`1), remove_OnPoseChanged(Action`1), get_PoseToInt(), get_CurrentTiltStep(), get_MaxTiltSpeed(), get_SprintSpeed(), set_SprintSpeed(Single), add_OnSmoothedPoseLevelChange(Action`2), remove_OnSmoothedPoseLevelChange(Action`2), get_SmoothedPoseLevel(), set_SmoothedPoseLevel(Single), get_SmoothedTilt(), set_SmoothedTilt(Single), get_TiltDiff(), Dispose(), get_SprintingSpeed(), UpdatePoseAfterProne(), SetPoseLevel(Single, Boolean), SmoothPoseLevel(Single), CanProneTilt(Int32), add_OnTiltChanged(Action`1), remove_OnTiltChanged(Action`1), add_StationaryTiltChanged(Action`1), remove_StationaryTiltChanged(Action`1), SetTilt(Single, Boolean), get_PoseLevel(), get_Tilt(), PreSprintAcceleration(Single), SprintAcceleration(Single), SmoothTilt(Single), LegacySmoothTilt(Single, Single), InertiaSmoothTilt(Single, Single), UpdateSmoothedTilt(Single), get_IsSprintEnabled(), EnableSprint(Boolean), get_CanProne(), CanProneCheck(Vector3), get_CanSprint(), get_CanMoveInProne(), IsAbleToRotateProne(Vector3), IsAbleToRotateProne(Vector3, Single, Quaternion, Transform, ECantRotate&), LimitProneMotion(Vector3&), ResetSpeedAfterSprint(), PlayerAnimatorEnableSprint(Boolean, Boolean), PlayerAnimatorSetSprintToIdleSpeed(Single), PlayerAnimatorEnableProneReload(Boolean), PlayerAnimatorEnableProne(Boolean), PlayerAnimatorSetPoseLevel(Single), PlayerAnimatorSetTilt(Single), get_PoseInertia(), set_PoseInertia(Single), get_SprintBrakeInertia(), set_SprintBrakeInertia(Single), AssignAnimatorPose(AnimatorPose), UpdateSprintInertia(), SubscribeToSprintResetAction(), SprintExitDelegate(EPlayerState, EPlayerState), CG_set_IsInPronePose(), CG_SetPoseLevel(), CG_SubscribeToSprintResetAction(), StateSprintSpeedLimit, IsInPronePose, PoseToInt, CurrentTiltStep, MaxTiltSpeed, SprintSpeed, SmoothedPoseLevel, SmoothedTilt, TiltDiff, SprintingSpeed, PoseLevel, Tilt, IsSprintEnabled, CanProne, CanSprint, CanMoveInProne, PoseInertia, SprintBrakeInertia, OnPoseChanged, OnSmoothedPoseLevelChange, OnTiltChanged, StationaryTiltChanged, _smoothedPoseLevel, _poseLevel, _sprintSpeed, _tilt, _smoothedTilt, _unsubFromSprintExit, <StateSprintSpeedLimit>k__BackingField, _isInPronePose, TiltInertia, _maxTiltStep, _tiltStepMultiplier, _prevTilt, MountedSmoothedTilt, MountedSmoothedTiltForCamera, _accumulatedDeltaPose, <SprintBrakeInertia>k__BackingField, _poseInertia, _currentPoseInertia
[Info   :COD2EFT Inspector] Pose: HandsController (EFT.Player+EmptyHandsController) members: get_AimingSensitivity(), AimingSensitivity, add_OnAimingChanged(Action`1), remove_OnAimingChanged(Action`1), get_IsAiming(), set_IsAiming(Boolean), get_AimingSmoothSensitivity(), set_AimingSmoothSensitivity(Single), AimingChanged(Boolean), IEventsConsumer.AimReady(), OnAimReady(), IsAiming, AimingSmoothSensitivity, OnAimingChanged, <AimingSmoothSensitivity>k__BackingField
[Info   :COD2EFT Inspector] Photo mode: isolate off, 6297 renderer(s) and the camera / fog / lights restored

