1
tag_accessory
-1
0.000000 0.000000 0.000000
4
PorterMesh0
1
1
_images/material_4bc938f25c783dff/image_593129cc91434c05.png
0
3559
-7.750954 -5.294828 -5.771708
-0.915544 -0.375689 -0.143654
255 255 255 255
1.772461 0.679199
0 0 0 0
1.000000 0.000000 0.000000 0.000000
-7.625096 -5.351552 -6.395849
-0.915544 -0.375689 -0.143654
255 255 255 255
1.789062 0.679199
0 0 0 0
1.000000 0.000000 0.000000 0.000000
-7.774274 -5.252663 -5.704156
-0.944184 -0.293077 -0.150406
255 255 255 255
1.771484 0.678223
0 0 0 0
1.000000 0.000000 0.000000 0.000000
-7.622664 -5.308383 -6.555323
-0.944184 -0.293077 -0.150406
255 255 255 255
1.792969 0.677734
0 0 0 0
1.000000 0.000000 0.000000 0.000000
-7.877792 -5.021422 -5.511396
-0.944184 -0.293077 -0.150406
255 255 255 255
1.765625 0.672363
0 0 0 0
1.000000 0.000000 0.000000 0.000000
-7.641509 -5.047635 -6.946203
-0.944184 -0.293077 -0.150406
255 255 255 255
1.802734 0.669434
0 0 0 0
1.000000 0.000000 0.000000 0.000000
-7.967412 -4.838439 -5.313111
-0.944184 -0.293077 -0.150406
255 255 255 255
1.759766 0.667969
0 0 0 0
1.000000 0.000000 0.000000 0.000000
-7.634212 -4.989164 -7.106515
-0.944719 -0.291350 -0.150406
255 255 255 255
1.806641 0.667480
0 0 0 0
1.000000 0.000000 0.000000 0.000000
-8.104441 -4.373242 -5.368630
-0.944719 -0.291350 -0.150406
255 255 255 255
1.759766 0.654785
0 0 0 0
1.000000 0.000000 0.000000 0.000000
-7.231996 -5.177189 -9.320662
-0.944392 -0.299967 -0.134701
255 255 255 255
1.864258 0.667480
0 0 0 0
1.000000 0.000000 0.000000 0.000000
-7.563248 -4.621840 -8.268635
-0.947432 -0.285276 -0.144882
255 255 255 255
1.834961 0.655273
0 0 0 0
1.000000 0.000000 0.000000 0.000000
-7.184718 -5.261448 -9.463995
-0.947066 -0.293918 -0.129147
255 255 255 255
1.868164 0.669434
0 0 0 0
1.000000 0.000000 0.000000 0.000000
-6.937525 -5.331030 -11.113723
-0.950665 -0.280649 -0.132180
255 255 255 255
1.911133 0.667969
0 0 0 0
1.000000 0.000000 0.000000 0.000000
-7.067385 -4.865833 -11.169196
-0.949679 -0.284662 -0.130679
255 255 255 255
1.911133 0.654785
0 0 0 0
1.000000 0.000000 0.000000 0.000000
-7.039732 -5.582686 -9.785469
-0.947593 -0.293766 -0.125577
255 255 255 255
1.877930 0.677734
0 0 0 0
1.000000 0.000000 0.000000 0.000000
-6.924820 -5.476996 -10.876165
-0.947066 -0.293918 -0.129147
255 255 255 255
1.905273 0.672363
0 0 0 0
1.000000 0.000000 0.000000 0.000000
-6.988416 -5.651632 -9.929475
-0.917530 -0.383156 -0.106445
255 255 255 255
1.881836 0.679199
0 0 0 0
1.000000 0.000000 0.000000 0.000000
-6.898489 -5.671173 -10.632597
-0.947593 -0.293766 -0.125577
255 255 255 255
1.899414 0.678223
0 0 0 0
1.000000 0.000000 0.000000 0.000000
-6.899977 -5.701153 -10.556544
-0.917530 -0.383156 -0.106445
255 255 255 255
1.897461 0.679199
0 0 0 0
1.000000 0.000000 0.000000 0.000000
-8.537922 -2.897948 -5.544552
-0.334560 0.798050 0.501183
255 255 255 255
1.401367 0.401123
0 0 0 0
1.000000 0.000000 0.000000 0.000000
-8.543460 -2.751769 -5.782074
-0.328699 0.764000 0.555214
255 255 255 255
1.401367 0.394043
0 0 0 0
1.000000 0.000000 0.000000 0.000000
-8.354656 -2.831436 -5.529415
-0.334560 0.798050 0.501183
255 255 255 255
1.395508 0.401123
0 0 0 0
1.000000 0.000000 0.000000 0.000000
-8.562837 -2.557390 -6.025619
-0.325909 0.761040 0.560893
255 255 255 255
1.401367 0.385742
0 0 0 0
1.000000 0.000000 0.000000 0.000000
-8.359839 -2.684961 -5.766843
-0.325696 0.759277 0.563400
255 255 255 255
1.395508 0.394043
0 0 0 0
1.000000 0.000000 0.000000 0.000000
-8.559849 -2.527801 -6.101731
-0.340343 0.937268 -0.075460
255 255 255 255
1.401367 0.383789
0 0 0 0
1.000000 0.000000 0.000000 0.000000
-8.379724 -2.490571 -6.010423
-0.326673 0.768521 0.550145
255 255 255 255
1.395508 0.385742
0 0 0 0
1.000000 0.000000 0.000000 0.000000
-8.432185 -2.571265 -6.727419
-0.323487 0.923198 -0.207513
255 255 255 255
1.401367 0.367432
0 0 0 0
1.000000 0.000000 0.000000 0.000000
-8.376902 -2.460993 -6.086511
-0.341537 0.935870 -0.086605
255 255 255 255
1.395508 0.383789
0 0 0 0
1.000000 0.000000 0.000000 0.000000
-8.394082 -2.646279 -6.872830
-0.205182 0.702676 -0.681283
255 255 255 255
1.401367 0.363037
0 0 0 0
1.000000 0.000000 0.000000 0.000000
-8.212728 -2.579471 -6.857598
-0.205182 0.702676 -0.681283
255 255 255 255
1.395508 0.363281
0 0 0 0
1.000000 0.000000 0.000000 0.000000
-8.250524 -2.504457 -6.712211
-0.324643 0.921216 -0.214401
255 255 255 255
1.395508 0.367432
0 0 0 0
1.000000 0.000000 0.000000 0.000000
-8.241858 -2.967507 -7.194270
-0.200751 0.690688 -0.694730
255 255 255 255
1.401367 0.350830
0 0 0 0
1.000000 0.000000 0.000000 0.000000
-8.061141 -2.900699 -7.179038
-0.201200 0.692719 -0.692574
255 255 255 255
1.395508 0.350830
0 0 0 0
1.000000 0.000000 0.000000 0.000000
-8.192383 -3.051790 -7.337603
-0.331254 0.921415 -0.203139
255 255 255 255
1.401367 0.346436
0 0 0 0
1.000000 0.000000 0.000000 0.000000
-8.012682 -2.985207 -7.319513
-0.331510 0.922079 -0.199676
255 255 255 255
1.395508 0.346680
0 0 0 0
1.000000 0.000000 0.000000 0.000000
-7.982880 -3.145802 -8.444698
-0.343336 0.927970 -0.144886
255 255 255 255
1.401367 0.317627
0 0 0 0
1.000000 0.000000 0.000000 0.000000
-7.805376 -3.078357 -8.429562
-0.343336 0.927970 -0.144886
255 255 255 255
1.395508 0.317627
0 0 0 0
1.000000 0.000000 0.000000 0.000000
-7.776069 -3.239815 -9.551737
-0.348632 0.932636 -0.092986
255 255 255 255
1.401367 0.288818
0 0 0 0
1.000000 0.000000 0.000000 0.000000
-7.600407 -3.172676 -9.537957
-0.353155 0.932065 -0.080845
255 255 255 255
1.395508 0.288818
0 0 0 0
1.000000 0.000000 0.000000 0.000000
-7.767839 -3.181319 -9.712108
-0.353028 0.808664 0.470568
255 255 255 255
1.401367 0.284424
0 0 0 0
1.000000 0.000000 0.000000 0.000000
-7.592330 -3.114512 -9.696864
-0.350218 0.804626 0.479504
255 255 255 255
1.395508 0.284424
0 0 0 0
1.000000 0.000000 0.000000 0.000000
-7.785326 -2.920583 -10.102964
-0.352670 0.809233 0.469857
255 255 255 255
1.401367 0.272217
0 0 0 0
1.000000 0.000000 0.000000 0.000000
-7.610230 -2.853776 -10.087780
-0.353055 0.817366 0.455264
255 255 255 255
1.395508 0.272217
0 0 0 0
1.000000 0.000000 0.000000 0.000000
-7.769421 -2.871346 -10.261059
-0.354135 0.933124 -0.062193
255 255 255 255
1.401367 0.267822
0 0 0 0
1.000000 0.000000 0.000000 0.000000
-7.594574 -2.804538 -10.245850
-0.353550 0.932531 -0.073407
255 255 255 255
1.395508 0.267822
0 0 0 0
1.000000 0.000000 0.000000 0.000000
-7.674677 -2.934127 -10.886591
-0.339266 0.920203 -0.195256
255 255 255 255
1.401367 0.251465
0 0 0 0
1.000000 0.000000 0.000000 0.000000
-7.500785 -2.867319 -10.871336
-0.337329 0.920172 -0.198726
255 255 255 255
1.395508 0.251709
0 0 0 0
1.000000 0.000000 0.000000 0.000000
-7.652632 -2.975902 -10.954024
-0.184125 0.634408 -0.750749
255 255 255 255
1.401367 0.249512
0 0 0 0
1.000000 0.000000 0.000000 0.000000
-7.478836 -2.909094 -10.938793
-0.183648 0.636846 -0.748800
255 255 255 255
1.395508 0.249512
0 0 0 0
1.000000 0.000000 0.000000 0.000000
-7.558655 -3.207356 -11.146855
-0.183642 0.632244 -0.752691
255 255 255 255
1.401367 0.241333
0 0 0 0
1.000000 0.000000 0.000000 0.000000
-7.385153 -3.140536 -11.131647
-0.183642 0.632244 -0.752691
255 255 255 255
1.395508 0.241333
0 0 0 0
1.000000 0.000000 0.000000 0.000000
-7.306018 -3.324027 -11.330015
-0.203217 0.676861 -0.707504
255 255 255 255
1.395508 0.234131
0 0 0 0
1.000000 0.000000 0.000000 0.000000
-7.478422 -3.390527 -11.345165
-0.203217 0.676861 -0.707504
255 255 255 255
1.401367 0.234131
0 0 0 0
1.000000 0.000000 0.000000 0.000000
-8.376902 -2.460993 -6.086511
0.962897 0.207710 0.172294
255 255 255 255
1.366211 0.038361
0 0 0 0
1.000000 0.000000 0.000000 0.000000
-8.250524 -2.504457 -6.712211
0.963194 0.205940 0.172761
255 255 255 255
1.366211 0.050049
0 0 0 0
1.000000 0.000000 0.000000 0.000000
-8.379724 -2.490571 -6.010423
0.944803 0.287735 0.156700
255 255 255 255
1.367188 0.037018
0 0 0 0
1.000000 0.000000 0.000000 0.000000
-8.212728 -2.579471 -6.857598
0.945237 0.287936 0.153688
255 255 255 255
1.367188 0.052917
0 0 0 0
1.000000 0.000000 0.000000 0.000000
-8.359839 -2.684961 -5.766843
0.946391 0.283637 0.154575
255 255 255 255
1.371094 0.032928
0 0 0 0
1.000000 0.000000 0.000000 0.000000
-8.061141 -2.900699 -7.179038
0.945623 0.284983 0.156784
255 255 255 255
1.373047 0.059570
0 0 0 0
1.000000 0.000000 0.000000 0.000000
-8.354656 -2.831436 -5.529415
0.944657 0.290395 0.152625
255 255 255 255
1.375000 0.028915
0 0 0 0
1.000000 0.000000 0.000000 0.000000
-8.012682 -2.985207 -7.319513
0.944874 0.290161 0.151723
255 255 255 255
1.375000 0.062347
0 0 0 0
1.000000 0.000000 0.000000 0.000000
-8.070280 -3.802036 -5.414089
0.944284 0.292621 0.150669
255 255 255 255
1.393555 0.028931
0 0 0 0
1.000000 0.000000 0.000000 0.000000
-7.805376 -3.078357 -8.429562
0.947242 0.283386 0.149751
255 255 255 255
1.375000 0.083008
0 0 0 0
1.000000 0.000000 0.000000 0.000000
-7.735663 -3.953811 -7.201508
0.944874 0.290161 0.151723
255 255 255 255
1.393555 0.062256
0 0 0 0
1.000000 0.000000 0.000000 0.000000
-7.783543 -4.771951 -5.297973
0.944284 0.292621 0.150669
255 255 255 255
1.412109 0.028915
0 0 0 0
1.000000 0.000000 0.000000 0.000000
-7.530931 -4.048295 -8.314047
0.946296 0.288085 0.146732
255 255 255 255
1.393555 0.083008
0 0 0 0
1.000000 0.000000 0.000000 0.000000
-7.453850 -4.922758 -7.088450
0.944505 0.292379 0.149751
255 255 255 255
1.412109 0.062225
0 0 0 0
1.000000 0.000000 0.000000 0.000000
-7.600407 -3.172676 -9.537957
0.950428 0.279282 0.136702
255 255 255 255
1.375000 0.103638
0 0 0 0
1.000000 0.000000 0.000000 0.000000
-7.329445 -4.142532 -9.423718
0.948891 0.284014 0.137627
255 255 255 255
1.393555 0.103638
0 0 0 0
1.000000 0.000000 0.000000 0.000000
-7.253214 -5.017302 -8.198333
0.946091 0.288296 0.147641
255 255 255 255
1.412109 0.082947
0 0 0 0
1.000000 0.000000 0.000000 0.000000
-7.460167 -4.980828 -6.930960
0.942464 0.300366 0.146770
255 255 255 255
1.414062 0.059387
0 0 0 0
1.000000 0.000000 0.000000 0.000000
-7.693475 -4.954615 -5.496164
0.942698 0.299733 0.146564
255 255 255 255
1.416016 0.032959
0 0 0 0
1.000000 0.000000 0.000000 0.000000
-7.440496 -5.241576 -6.540115
0.943303 0.297291 0.147641
255 255 255 255
1.419922 0.052765
0 0 0 0
1.000000 0.000000 0.000000 0.000000
-7.590346 -5.185844 -5.688948
0.943303 0.297291 0.147641
255 255 255 255
1.419922 0.037018
0 0 0 0
1.000000 0.000000 0.000000 0.000000
-7.442586 -5.284733 -6.380629
0.915953 0.376138 0.139821
255 255 255 255
1.420898 0.049957
0 0 0 0
1.000000 0.000000 0.000000 0.000000
-7.567156 -5.228021 -5.756511
0.915789 0.376347 0.140333
255 255 255 255
1.420898 0.038361
0 0 0 0
1.000000 0.000000 0.000000 0.000000
-7.055448 -5.111136 -9.306799
0.948856 0.284122 0.137651
255 255 255 255
1.412109 0.104431
0 0 0 0
1.000000 0.000000 0.000000 0.000000
-7.306018 -3.324027 -11.330015
0.951191 0.279084 0.131711
255 255 255 255
1.375000 0.137085
0 0 0 0
1.000000 0.000000 0.000000 0.000000
-7.036496 -4.294556 -11.214017
0.950645 0.280964 0.131657
255 255 255 255
1.393555 0.136963
0 0 0 0
1.000000 0.000000 0.000000 0.000000
-7.592330 -3.114512 -9.696864
0.956858 0.258534 0.132597
255 255 255 255
1.373047 0.106384
0 0 0 0
1.000000 0.000000 0.000000 0.000000
-7.385153 -3.140536 -11.131647
0.956406 0.260191 0.132620
255 255 255 255
1.371094 0.133057
0 0 0 0
1.000000 0.000000 0.000000 0.000000
-7.610230 -2.853776 -10.087780
0.953836 0.269905 0.131711
255 255 255 255
1.367188 0.113098
0 0 0 0
1.000000 0.000000 0.000000 0.000000
-7.478836 -2.909094 -10.938793
0.954388 0.267452 0.132712
255 255 255 255
1.367188 0.129028
0 0 0 0
1.000000 0.000000 0.000000 0.000000
-7.594574 -2.804538 -10.245850
0.971495 0.197404 0.131260
255 255 255 255
1.366211 0.115906
0 0 0 0
1.000000 0.000000 0.000000 0.000000
-7.500785 -2.867319 -10.871336
0.970922 0.199679 0.132055
255 255 255 255
1.366211 0.127686
0 0 0 0
1.000000 0.000000 0.000000 0.000000
-6.764685 -5.264530 -11.098598
0.950884 0.281877 0.127927
255 255 255 255
1.412109 0.136108
0 0 0 0
1.000000 0.000000 0.000000 0.000000
-7.008572 -5.194641 -9.448786
0.945358 0.301589 0.123864
255 255 255 255
1.414062 0.107788
0 0 0 0
1.000000 0.000000 0.000000 0.000000
-6.750799 -5.410201 -10.860946
0.945743 0.299354 0.126321
255 255 255 255
1.415039 0.131714
0 0 0 0
1.000000 0.000000 0.000000 0.000000
-6.864235 -5.515879 -9.770226
0.946852 0.295764 0.126474
255 255 255 255
1.418945 0.113770
0 0 0 0
1.000000 0.000000 0.000000 0.000000
-6.724090 -5.604366 -10.617341
0.946852 0.295764 0.126474
255 255 255 255
1.418945 0.128052
0 0 0 0
1.000000 0.000000 0.000000 0.000000
-6.813214 -5.584812 -9.914244
0.915597 0.387925 0.105812
255 255 255 255
1.419922 0.116333
0 0 0 0
1.000000 0.000000 0.000000 0.000000
-6.725460 -5.634346 -10.541335
0.917655 0.383773 0.103090
255 255 255 255
1.419922 0.126831
0 0 0 0
1.000000 0.000000 0.000000 0.000000
-6.764685 -5.264530 -11.098598
0.346282 -0.792018 -0.502788
255 255 255 255
1.405273 0.401123
0 0 0 0
1.000000 0.000000 0.000000 0.000000
-6.937525 -5.331030 -11.113723
0.347562 -0.791458 -0.502788
255 255 255 255
1.410156 0.401123
0 0 0 0
1.000000 0.000000 0.000000 0.000000
-6.750799 -5.410201 -10.860946
0.336160 -0.757323 -0.559873
255 255 255 255
1.405273 0.394043
0 0 0 0
1.000000 0.000000 0.000000 0.000000
-6.924820 -5.476996 -10.876165
0.335699 -0.753801 -0.564880
255 255 255 255
1.410156 0.394043
0 0 0 0
1.000000 0.000000 0.000000 0.000000
-6.724090 -5.604366 -10.617341
0.335930 -0.755565 -0.562380
255 255 255 255
1.405273 0.386230
0 0 0 0
1.000000 0.000000 0.000000 0.000000
-6.898489 -5.671173 -10.632597
0.336847 -0.762557 -0.552305
255 255 255 255
1.410156 0.386230
0 0 0 0
1.000000 0.000000 0.000000 0.000000
-6.725460 -5.634346 -10.541335
0.350329 -0.934282 0.066237
255 255 255 255
1.405273 0.384277
0 0 0 0
1.000000 0.000000 0.000000 0.000000
-6.899977 -5.701153 -10.556544
0.349944 -0.933866 0.073706
255 255 255 255
1.410156 0.384277
0 0 0 0
1.000000 0.000000 0.000000 0.000000
-6.813214 -5.584812 -9.914244
0.336713 -0.920883 0.196466
255 255 255 255
1.405273 0.368652
0 0 0 0
1.000000 0.000000 0.000000 0.000000
-6.988416 -5.651632 -9.929475
0.334102 -0.920227 0.203858
255 255 255 255
1.410156 0.368652
0 0 0 0
1.000000 0.000000 0.000000 0.000000
-6.864235 -5.515879 -9.770226
0.211021 -0.707034 0.674962
255 255 255 255
1.405273 0.364746
0 0 0 0
1.000000 0.000000 0.000000 0.000000
-7.039732 -5.582686 -9.785469
0.207612 -0.703612 0.679579
255 255 255 255
1.410156 0.364746
0 0 0 0
1.000000 0.000000 0.000000 0.000000
-7.184718 -5.261448 -9.463995
0.205742 -0.695600 0.688339
255 255 255 255
1.410156 0.352539
0 0 0 0
1.000000 0.000000 0.000000 0.000000
-7.008572 -5.194641 -9.448786
0.205742 -0.695600 0.688339
255 255 255 255
1.405273 0.352539
0 0 0 0
1.000000 0.000000 0.000000 0.000000
-7.231996 -5.177189 -9.320662
0.330193 -0.929319 0.165346
255 255 255 255
1.410156 0.348145
0 0 0 0
1.000000 0.000000 0.000000 0.000000
-7.055448 -5.111136 -9.306799
0.329941 -0.928772 0.168885
255 255 255 255
1.405273 0.348389
0 0 0 0
1.000000 0.000000 0.000000 0.000000
-7.634212 -4.989164 -7.106515
0.338492 -0.935003 0.105796
255 255 255 255
1.410156 0.290527
0 0 0 0
1.000000 0.000000 0.000000 0.000000
-7.453850 -4.922758 -7.088450
0.338273 -0.934660 0.109458
255 255 255 255
1.405273 0.290527
0 0 0 0
1.000000 0.000000 0.000000 0.000000
-7.641509 -5.047635 -6.946203
0.335341 -0.809149 -0.482518
255 255 255 255
1.410156 0.286133
0 0 0 0
1.000000 0.000000 0.000000 0.000000
-7.460167 -4.980828 -6.930960
0.335853 -0.813792 -0.474285
255 255 255 255
1.405273 0.286133
0 0 0 0
1.000000 0.000000 0.000000 0.000000
-7.622664 -5.308383 -6.555323
0.336857 -0.822872 -0.457612
255 255 255 255
1.410156 0.273926
0 0 0 0
1.000000 0.000000 0.000000 0.000000
-7.440496 -5.241576 -6.540115
0.336358 -0.818366 -0.465983
255 255 255 255
1.405273 0.273926
0 0 0 0
1.000000 0.000000 0.000000 0.000000
-7.625096 -5.351552 -6.395849
0.336868 -0.938541 0.075242
255 255 255 255
1.410156 0.269531
0 0 0 0
1.000000 0.000000 0.000000 0.000000
-7.442586 -5.284733 -6.380629
0.337432 -0.939170 0.064028
255 255 255 255
1.405273 0.269531
0 0 0 0
1.000000 0.000000 0.000000 0.000000
-7.750954 -5.294828 -5.771708
0.321419 -0.925201 0.201725
255 255 255 255
1.410156 0.253418
0 0 0 0
1.000000 0.000000 0.000000 0.000000
-7.567156 -5.228021 -5.756511
0.321688 -0.925858 0.198254
255 255 255 255
1.405273 0.253418
0 0 0 0
1.000000 0.000000 0.000000 0.000000
-7.774274 -5.252663 -5.704156
0.167513 -0.638233 0.751397
255 255 255 255
1.410156 0.251221
0 0 0 0
1.000000 0.000000 0.000000 0.000000
-7.590346 -5.185844 -5.688948
0.167982 -0.640398 0.749448
255 255 255 255
1.405273 0.251221
0 0 0 0
1.000000 0.000000 0.000000 0.000000
-7.877792 -5.021422 -5.511396
0.167043 -0.636064 0.753339
255 255 255 255
1.410156 0.243164
0 0 0 0
1.000000 0.000000 0.000000 0.000000
-7.693475 -4.954615 -5.496164
0.167043 -0.636064 0.753339
255 255 255 255
1.405273 0.243164
0 0 0 0
1.000000 0.000000 0.000000 0.000000
-7.783543 -4.771951 -5.297973
0.186906 -0.678533 0.710393
255 255 255 255
1.405273 0.235962
0 0 0 0
1.000000 0.000000 0.000000 0.000000
-7.967412 -4.838439 -5.313111
0.186906 -0.678533 0.710393
255 255 255 255
1.410156 0.235962
0 0 0 0
1.000000 0.000000 0.000000 0.000000
-7.674677 -2.934127 -10.886591
-0.971166 -0.198297 -0.132346
255 255 255 255
1.742188 0.655273
0 0 0 0
1.000000 0.000000 0.000000 0.000000
-7.769421 -2.871346 -10.261059
-0.971836 -0.194212 -0.133480
255 255 255 255
1.725586 0.654785
0 0 0 0
1.000000 0.000000 0.000000 0.000000
-7.652632 -2.975902 -10.954024
-0.955119 -0.265425 -0.131521
255 255 255 255
1.744141 0.656250
0 0 0 0
1.000000 0.000000 0.000000 0.000000
-7.785326 -2.920583 -10.102964
-0.955119 -0.265425 -0.131521
255 255 255 255
1.721680 0.656738
0 0 0 0
1.000000 0.000000 0.000000 0.000000
-7.558655 -3.207356 -11.146855
-0.955606 -0.263665 -0.131521
255 255 255 255
1.750000 0.662109
0 0 0 0
1.000000 0.000000 0.000000 0.000000
-7.767839 -3.181319 -9.712108
-0.955606 -0.263665 -0.131521
255 255 255 255
1.712891 0.664551
0 0 0 0
1.000000 0.000000 0.000000 0.000000
-7.478422 -3.390527 -11.345165
-0.952651 -0.273119 -0.133651
255 255 255 255
1.755859 0.666504
0 0 0 0
1.000000 0.000000 0.000000 0.000000
-7.776069 -3.239815 -9.551737
-0.955796 -0.256570 -0.143617
255 255 255 255
1.708984 0.666504
0 0 0 0
1.000000 0.000000 0.000000 0.000000
-7.348939 -3.855713 -11.289658
-0.952602 -0.271518 -0.137213
255 255 255 255
1.755859 0.679199
0 0 0 0
1.000000 0.000000 0.000000 0.000000
-7.982880 -3.145802 -8.444698
-0.946756 -0.283846 -0.151938
255 255 255 255
1.679688 0.666504
0 0 0 0
1.000000 0.000000 0.000000 0.000000
-7.851909 -3.607127 -8.389664
-0.949343 -0.276175 -0.149915
255 255 255 255
1.679688 0.679199
0 0 0 0
1.000000 0.000000 0.000000 0.000000
-8.192383 -3.051790 -7.337603
-0.946139 -0.283998 -0.155454
255 255 255 255
1.651367 0.666504
0 0 0 0
1.000000 0.000000 0.000000 0.000000
-8.401414 -3.363134 -5.489103
-0.944106 -0.291501 -0.153922
255 255 255 255
1.604492 0.679199
0 0 0 0
1.000000 0.000000 0.000000 0.000000
-8.241858 -2.967507 -7.194270
-0.945620 -0.285724 -0.155454
255 255 255 255
1.647461 0.664551
0 0 0 0
1.000000 0.000000 0.000000 0.000000
-8.537922 -2.897948 -5.544552
-0.944106 -0.291501 -0.153922
255 255 255 255
1.604492 0.666504
0 0 0 0
1.000000 0.000000 0.000000 0.000000
-8.394082 -2.646279 -6.872830
-0.946139 -0.283998 -0.155454
255 255 255 255
1.637695 0.656738
0 0 0 0
1.000000 0.000000 0.000000 0.000000
-8.543460 -2.751769 -5.782074
-0.945620 -0.285724 -0.155454
255 255 255 255
1.609375 0.662109
0 0 0 0
1.000000 0.000000 0.000000 0.000000
-8.432185 -2.571265 -6.727419
-0.963658 -0.201873 -0.174955
255 255 255 255
1.633789 0.654785
0 0 0 0
1.000000 0.000000 0.000000 0.000000
-8.562837 -2.557390 -6.025619
-0.946139 -0.283998 -0.155454
255 255 255 255
1.615234 0.656250
0 0 0 0
1.000000 0.000000 0.000000 0.000000
-8.559849 -2.527801 -6.101731
-0.963658 -0.201873 -0.174955
255 255 255 255
1.617188 0.655273
0 0 0 0
1.000000 0.000000 0.000000 0.000000
8.042825 -4.838439 -5.313111
-0.188953 -0.675934 0.712327
255 255 255 255
0.410156 0.235962
0 0 0 0
1.000000 0.000000 0.000000 0.000000
7.953264 -5.021422 -5.511396
-0.169115 -0.633371 0.755143
255 255 255 255
0.410156 0.243164
0 0 0 0
1.000000 0.000000 0.000000 0.000000
7.858956 -4.771939 -5.297973
-0.188953 -0.675934 0.712327
255 255 255 255
0.405029 0.235962
0 0 0 0
1.000000 0.000000 0.000000 0.000000
7.849805 -5.252663 -5.704156
-0.169583 -0.635545 0.753209
255 255 255 255
0.410156 0.251221
0 0 0 0
1.000000 0.000000 0.000000 0.000000
7.768945 -4.954615 -5.496164
-0.169115 -0.633371 0.755143
255 255 255 255
0.405029 0.243164
0 0 0 0
1.000000 0.000000 0.000000 0.000000
7.826497 -5.294828 -5.771708
-0.323226 -0.923906 0.204752
255 255 255 255
0.410156 0.253418
0 0 0 0
1.000000 0.000000 0.000000 0.000000
7.665864 -5.185844 -5.688948
-0.170051 -0.637715 0.751267
255 255 255 255
0.405029 0.251221
0 0 0 0
1.000000 0.000000 0.000000 0.000000
7.700815 -5.351552 -6.395849
-0.338631 -0.937642 0.078460
255 255 255 255
0.410156 0.269531
0 0 0 0
1.000000 0.000000 0.000000 0.000000
7.642698 -5.228021 -5.756511
-0.323492 -0.924573 0.201289
255 255 255 255
0.405029 0.253418
0 0 0 0
1.000000 0.000000 0.000000 0.000000
7.698430 -5.308383 -6.555323
-0.342186 -0.819795 -0.459179
255 255 255 255
0.410156 0.273926
0 0 0 0
1.000000 0.000000 0.000000 0.000000
7.518304 -5.284733 -6.380653
-0.339187 -0.938311 0.067269
255 255 255 255
0.405029 0.269531
0 0 0 0
1.000000 0.000000 0.000000 0.000000
7.717393 -5.047635 -6.946203
-0.338237 -0.804987 -0.487433
255 255 255 255
0.410156 0.286133
0 0 0 0
1.000000 0.000000 0.000000 0.000000
7.516261 -5.241576 -6.540115
-0.341538 -0.813738 -0.470301
255 255 255 255
0.405029 0.273926
0 0 0 0
1.000000 0.000000 0.000000 0.000000
7.710143 -4.989164 -7.106551
-0.340254 -0.933998 0.108969
255 255 255 255
0.410156 0.290527
0 0 0 0
1.000000 0.000000 0.000000 0.000000
7.536039 -4.980816 -6.930960
-0.341209 -0.810664 -0.475815
255 255 255 255
0.405029 0.286133
0 0 0 0
1.000000 0.000000 0.000000 0.000000
7.308565 -5.177189 -9.320662
-0.331981 -0.928128 0.168426
255 255 255 255
0.410156 0.348145
0 0 0 0
1.000000 0.000000 0.000000 0.000000
7.529769 -4.922758 -7.088438
-0.340038 -0.933643 0.112623
255 255 255 255
0.405029 0.290527
0 0 0 0
1.000000 0.000000 0.000000 0.000000
7.261322 -5.261448 -9.463995
-0.207761 -0.693033 0.690319
255 255 255 255
0.410156 0.352539
0 0 0 0
1.000000 0.000000 0.000000 0.000000
7.131994 -5.111136 -9.306799
-0.331731 -0.927570 0.171958
255 255 255 255
0.405029 0.348389
0 0 0 0
1.000000 0.000000 0.000000 0.000000
7.116431 -5.582686 -9.785469
-0.209625 -0.701066 0.681589
255 255 255 255
0.410156 0.364746
0 0 0 0
1.000000 0.000000 0.000000 0.000000
6.940922 -5.515879 -9.770226
-0.213032 -0.704497 0.676980
255 255 255 255
0.405029 0.364746
0 0 0 0
1.000000 0.000000 0.000000 0.000000
7.085165 -5.194641 -9.448786
-0.207761 -0.693033 0.690319
255 255 255 255
0.405029 0.352539
0 0 0 0
1.000000 0.000000 0.000000 0.000000
7.065151 -5.651632 -9.929475
-0.335899 -0.918903 0.206854
255 255 255 255
0.410156 0.368652
0 0 0 0
1.000000 0.000000 0.000000 0.000000
6.889936 -5.584812 -9.914278
-0.338507 -0.919578 0.199470
255 255 255 255
0.405029 0.368652
0 0 0 0
1.000000 0.000000 0.000000 0.000000
6.976841 -5.701153 -10.556591
-0.351696 -0.932950 0.076901
255 255 255 255
0.410156 0.384277
0 0 0 0
1.000000 0.000000 0.000000 0.000000
6.802324 -5.634346 -10.541335
-0.352076 -0.933392 0.069448
255 255 255 255
0.405029 0.384277
0 0 0 0
1.000000 0.000000 0.000000 0.000000
6.975377 -5.671173 -10.632562
-0.342056 -0.757381 -0.556212
255 255 255 255
0.410156 0.386230
0 0 0 0
1.000000 0.000000 0.000000 0.000000
6.800978 -5.604366 -10.617341
-0.339241 -0.754441 -0.561902
255 255 255 255
0.405029 0.386230
0 0 0 0
1.000000 0.000000 0.000000 0.000000
7.001755 -5.476996 -10.876165
-0.338784 -0.750903 -0.566896
255 255 255 255
0.410156 0.394043
0 0 0 0
1.000000 0.000000 0.000000 0.000000
6.827734 -5.410201 -10.860946
-0.341606 -0.753869 -0.561237
255 255 255 255
0.405029 0.394043
0 0 0 0
1.000000 0.000000 0.000000 0.000000
7.014519 -5.331030 -11.113723
-0.350406 -0.787138 -0.507572
255 255 255 255
0.410156 0.401123
0 0 0 0
1.000000 0.000000 0.000000 0.000000
6.841668 -5.264530 -11.098598
-0.349135 -0.787702 -0.507572
255 255 255 255
0.405029 0.401123
0 0 0 0
1.000000 0.000000 0.000000 0.000000
7.642698 -5.228021 -5.756511
-0.916531 0.374041 0.141648
255 255 255 255
0.420654 0.038361
0 0 0 0
1.000000 0.000000 0.000000 0.000000
7.518304 -5.284733 -6.380653
-0.916704 0.373820 0.141113
255 255 255 255
0.420654 0.049957
0 0 0 0
1.000000 0.000000 0.000000 0.000000
7.665864 -5.185844 -5.688948
-0.943905 0.294840 0.148704
255 255 255 255
0.419922 0.037018
0 0 0 0
1.000000 0.000000 0.000000 0.000000
7.516261 -5.241576 -6.540115
-0.943905 0.294840 0.148704
255 255 255 255
0.419678 0.052765
0 0 0 0
1.000000 0.000000 0.000000 0.000000
7.768945 -4.954615 -5.496164
-0.943303 0.297291 0.147641
255 255 255 255
0.415771 0.032959
0 0 0 0
1.000000 0.000000 0.000000 0.000000
7.536039 -4.980816 -6.930960
-0.943108 0.297863 0.147733
255 255 255 255
0.414062 0.059387
0 0 0 0
1.000000 0.000000 0.000000 0.000000
7.858956 -4.771939 -5.297973
-0.944874 0.290161 0.151723
255 255 255 255
0.412598 0.028915
0 0 0 0
1.000000 0.000000 0.000000 0.000000
7.529769 -4.922758 -7.088438
-0.945102 0.289907 0.150783
255 255 255 255
0.412598 0.062225
0 0 0 0
1.000000 0.000000 0.000000 0.000000
7.811619 -3.953811 -7.201508
-0.945462 0.287690 0.152763
255 255 255 255
0.393555 0.062256
0 0 0 0
1.000000 0.000000 0.000000 0.000000
8.145717 -3.802024 -5.414089
-0.944874 0.290161 0.151723
255 255 255 255
0.393555 0.028931
0 0 0 0
1.000000 0.000000 0.000000 0.000000
7.329453 -5.017302 -8.198333
-0.946667 0.285846 0.148704
255 255 255 255
0.412598 0.082947
0 0 0 0
1.000000 0.000000 0.000000 0.000000
7.607204 -4.048295 -8.314071
-0.946880 0.285624 0.147771
255 255 255 255
0.393555 0.083008
0 0 0 0
1.000000 0.000000 0.000000 0.000000
7.881686 -3.078357 -8.429562
-0.947814 0.280916 0.150783
255 255 255 255
0.374512 0.083008
0 0 0 0
1.000000 0.000000 0.000000 0.000000
8.088674 -2.985207 -7.319513
-0.945462 0.287690 0.152763
255 255 255 255
0.374512 0.062347
0 0 0 0
1.000000 0.000000 0.000000 0.000000
8.430126 -2.831436 -5.529415
-0.945237 0.287936 0.153688
255 255 255 255
0.374512 0.028915
0 0 0 0
1.000000 0.000000 0.000000 0.000000
8.137085 -2.900699 -7.179038
-0.946206 0.282484 0.157785
255 255 255 255
0.373047 0.059570
0 0 0 0
1.000000 0.000000 0.000000 0.000000
8.435381 -2.684961 -5.766843
-0.946949 0.281181 0.155645
255 255 255 255
0.371338 0.032928
0 0 0 0
1.000000 0.000000 0.000000 0.000000
8.288577 -2.579471 -6.857598
-0.945815 0.285467 0.154735
255 255 255 255
0.367432 0.052917
0 0 0 0
1.000000 0.000000 0.000000 0.000000
8.455337 -2.490571 -6.010423
-0.945382 0.285257 0.157740
255 255 255 255
0.367188 0.037018
0 0 0 0
1.000000 0.000000 0.000000 0.000000
8.326338 -2.504457 -6.712199
-0.963602 0.203326 0.173578
255 255 255 255
0.366211 0.050049
0 0 0 0
1.000000 0.000000 0.000000 0.000000
8.452538 -2.460993 -6.086511
-0.963322 0.205075 0.173074
255 255 255 255
0.366455 0.038361
0 0 0 0
1.000000 0.000000 0.000000 0.000000
7.677034 -3.172676 -9.537957
-0.950993 0.276840 0.137742
255 255 255 255
0.374512 0.103638
0 0 0 0
1.000000 0.000000 0.000000 0.000000
7.406025 -4.142520 -9.423718
-0.949461 0.281583 0.138690
255 255 255 255
0.393555 0.103638
0 0 0 0
1.000000 0.000000 0.000000 0.000000
7.131994 -5.111136 -9.306799
-0.949781 0.279756 0.140191
255 255 255 255
0.412598 0.104431
0 0 0 0
1.000000 0.000000 0.000000 0.000000
7.383060 -3.324027 -11.330015
-0.951769 0.276629 0.132712
255 255 255 255
0.374512 0.137085
0 0 0 0
1.000000 0.000000 0.000000 0.000000
7.113503 -4.294556 -11.214017
-0.951597 0.278683 0.129608
255 255 255 255
0.393555 0.136963
0 0 0 0
1.000000 0.000000 0.000000 0.000000
7.668993 -3.114512 -9.696900
-0.957360 0.256118 0.133660
255 255 255 255
0.373047 0.106384
0 0 0 0
1.000000 0.000000 0.000000 0.000000
7.462147 -3.140536 -11.131647
-0.956947 0.257706 0.133568
255 255 255 255
0.371338 0.133057
0 0 0 0
1.000000 0.000000 0.000000 0.000000
7.687000 -2.853776 -10.087733
-0.954388 0.267452 0.132712
255 255 255 255
0.367432 0.113098
0 0 0 0
1.000000 0.000000 0.000000 0.000000
7.555794 -2.909094 -10.938758
-0.954938 0.264988 0.133698
255 255 255 255
0.367188 0.129028
0 0 0 0
1.000000 0.000000 0.000000 0.000000
7.671390 -2.804538 -10.245850
-0.971904 0.194846 0.132055
255 255 255 255
0.366211 0.115906
0 0 0 0
1.000000 0.000000 0.000000 0.000000
7.577720 -2.867319 -10.871336
-0.971340 0.197111 0.132834
255 255 255 255
0.366455 0.127686
0 0 0 0
1.000000 0.000000 0.000000 0.000000
6.841668 -5.264530 -11.098598
-0.951514 0.279351 0.128783
255 255 255 255
0.412598 0.136108
0 0 0 0
1.000000 0.000000 0.000000 0.000000
7.085165 -5.194641 -9.448786
-0.945977 0.297596 0.128704
255 255 255 255
0.413818 0.107788
0 0 0 0
1.000000 0.000000 0.000000 0.000000
6.827734 -5.410201 -10.860946
-0.946455 0.296779 0.127063
255 255 255 255
0.415527 0.131714
0 0 0 0
1.000000 0.000000 0.000000 0.000000
6.940922 -5.515879 -9.770226
-0.947455 0.293359 0.127552
255 255 255 255
0.418945 0.113770
0 0 0 0
1.000000 0.000000 0.000000 0.000000
6.800978 -5.604366 -10.617341
-0.947455 0.293359 0.127552
255 255 255 255
0.419189 0.128052
0 0 0 0
1.000000 0.000000 0.000000 0.000000
6.889936 -5.584812 -9.914278
-0.916383 0.385696 0.107149
255 255 255 255
0.419922 0.116333
0 0 0 0
1.000000 0.000000 0.000000 0.000000
6.802324 -5.634346 -10.541335
-0.918420 0.381567 0.104458
255 255 255 255
0.419922 0.126831
0 0 0 0
1.000000 0.000000 0.000000 0.000000
8.635497 -2.527801 -6.101754
0.962140 -0.207070 -0.177226
255 255 255 255
0.617188 0.655273
0 0 0 0
1.000000 0.000000 0.000000 0.000000
8.507998 -2.571265 -6.727419
0.962140 -0.207070 -0.177226
255 255 255 255
0.633789 0.654785
0 0 0 0
1.000000 0.000000 0.000000 0.000000
8.638461 -2.557390 -6.025619
0.944157 -0.287157 -0.161578
255 255 255 255
0.615234 0.656250
0 0 0 0
1.000000 0.000000 0.000000 0.000000
8.469942 -2.646279 -6.872830
0.943670 -0.289186 -0.160806
255 255 255 255
0.637695 0.656738
0 0 0 0
1.000000 0.000000 0.000000 0.000000
8.619014 -2.751769 -5.782074
0.943142 -0.290904 -0.160806
255 255 255 255
0.609863 0.662109
0 0 0 0
1.000000 0.000000 0.000000 0.000000
8.317801 -2.967507 -7.194293
0.943142 -0.290904 -0.160806
255 255 255 255
0.646973 0.664551
0 0 0 0
1.000000 0.000000 0.000000 0.000000
8.613405 -2.897936 -5.544576
0.942112 -0.294647 -0.160026
255 255 255 255
0.604004 0.666504
0 0 0 0
1.000000 0.000000 0.000000 0.000000
8.268386 -3.051790 -7.337603
0.945425 -0.286847 -0.154562
255 255 255 255
0.650879 0.666504
0 0 0 0
1.000000 0.000000 0.000000 0.000000
8.476885 -3.363134 -5.489068
0.942112 -0.294647 -0.160026
255 255 255 255
0.604004 0.679199
0 0 0 0
1.000000 0.000000 0.000000 0.000000
8.059190 -3.145791 -8.444698
0.945425 -0.286847 -0.154562
255 255 255 255
0.679688 0.666504
0 0 0 0
1.000000 0.000000 0.000000 0.000000
7.928195 -3.607127 -8.389664
0.946910 -0.281069 -0.156083
255 255 255 255
0.679688 0.679199
0 0 0 0
1.000000 0.000000 0.000000 0.000000
7.852698 -3.239815 -9.551737
0.954566 -0.259594 -0.146340
255 255 255 255
0.708984 0.666504
0 0 0 0
1.000000 0.000000 0.000000 0.000000
7.425968 -3.855713 -11.289669
0.951913 -0.274358 -0.136343
255 255 255 255
0.755859 0.679199
0 0 0 0
1.000000 0.000000 0.000000 0.000000
7.844515 -3.181319 -9.712096
0.954300 -0.264807 -0.138521
255 255 255 255
0.712891 0.664551
0 0 0 0
1.000000 0.000000 0.000000 0.000000
7.555463 -3.390527 -11.345165
0.950927 -0.278120 -0.135601
255 255 255 255
0.755859 0.666504
0 0 0 0
1.000000 0.000000 0.000000 0.000000
7.862108 -2.920583 -10.102964
0.953350 -0.268577 -0.137803
255 255 255 255
0.722168 0.656738
0 0 0 0
1.000000 0.000000 0.000000 0.000000
7.635660 -3.207356 -11.146855
0.954300 -0.264807 -0.138521
255 255 255 255
0.750000 0.662109
0 0 0 0
1.000000 0.000000 0.000000 0.000000
7.846239 -2.871346 -10.261059
0.970471 -0.199332 -0.135841
255 255 255 255
0.726074 0.654785
0 0 0 0
1.000000 0.000000 0.000000 0.000000
7.729590 -2.975902 -10.954024
0.953350 -0.268577 -0.137803
255 255 255 255
0.744141 0.656250
0 0 0 0
1.000000 0.000000 0.000000 0.000000
7.751611 -2.934127 -10.886544
0.970471 -0.199332 -0.135841
255 255 255 255
0.742188 0.655273
0 0 0 0
1.000000 0.000000 0.000000 0.000000
8.425061 -4.682696 -5.387735
0.298239 0.036625 0.953788
255 255 255 255
0.180664 0.983398
0 0 0 0
1.000000 0.000000 0.000000 0.000000
8.331734 -4.428230 -5.381146
0.235318 0.054047 0.970415
255 255 255 255
0.176270 0.988281
0 0 0 0
1.000000 0.000000 0.000000 0.000000
8.819543 -3.285747 -5.578877
0.296773 0.037762 0.954201
255 255 255 255
0.144165 0.983398
0 0 0 0
1.000000 0.000000 0.000000 0.000000
8.179864 -4.373242 -5.368630
0.110825 0.084378 0.990252
255 255 255 255
0.176270 0.992676
0 0 0 0
1.000000 0.000000 0.000000 0.000000
8.628495 -3.418122 -5.501584
0.231726 0.053774 0.971294
255 255 255 255
0.148560 0.988281
0 0 0 0
1.000000 0.000000 0.000000 0.000000
8.042825 -4.838439 -5.313111
0.112474 0.082167 0.990252
255 255 255 255
0.188965 0.992676
0 0 0 0
1.000000 0.000000 0.000000 0.000000
7.858956 -4.771939 -5.297973
0.110825 0.084378 0.990252
255 255 255 255
0.188965 0.998047
0 0 0 0
1.000000 0.000000 0.000000 0.000000
8.145717 -3.802024 -5.414089
0.110825 0.084378 0.990252
255 255 255 255
0.162476 0.998047
0 0 0 0
1.000000 0.000000 0.000000 0.000000
8.476885 -3.363134 -5.489068
0.112474 0.082167 0.990252
255 255 255 255
0.148560 0.992676
0 0 0 0
1.000000 0.000000 0.000000 0.000000
8.430126 -2.831436 -5.529415
0.112474 0.082167 0.990252
255 255 255 255
0.135864 0.998047
0 0 0 0
1.000000 0.000000 0.000000 0.000000
8.613405 -2.897936 -5.544576
0.112474 0.082167 0.990252
255 255 255 255
0.135864 0.992676
0 0 0 0
1.000000 0.000000 0.000000 0.000000
6.976841 -5.701153 -10.556591
0.915375 -0.387892 -0.107837
255 255 255 255
0.897949 0.679199
0 0 0 0
1.000000 0.000000 0.000000 0.000000
7.065151 -5.651632 -9.929475
0.915375 -0.387892 -0.107837
255 255 255 255
0.881836 0.679199
0 0 0 0
1.000000 0.000000 0.000000 0.000000
6.975377 -5.671173 -10.632562
0.945779 -0.296877 -0.131779
255 255 255 255
0.899902 0.678223
0 0 0 0
1.000000 0.000000 0.000000 0.000000
7.116431 -5.582686 -9.785469
0.945779 -0.296877 -0.131779
255 255 255 255
0.877441 0.677734
0 0 0 0
1.000000 0.000000 0.000000 0.000000
7.001755 -5.476996 -10.876165
0.945260 -0.298874 -0.130991
255 255 255 255
0.905762 0.672363
0 0 0 0
1.000000 0.000000 0.000000 0.000000
7.261322 -5.261448 -9.463995
0.945260 -0.298874 -0.130991
255 255 255 255
0.868164 0.669434
0 0 0 0
1.000000 0.000000 0.000000 0.000000
7.014519 -5.331030 -11.113723
0.948911 -0.285633 -0.134095
255 255 255 255
0.911133 0.667969
0 0 0 0
1.000000 0.000000 0.000000 0.000000
7.308565 -5.177189 -9.320662
0.943071 -0.302925 -0.137304
255 255 255 255
0.864258 0.667480
0 0 0 0
1.000000 0.000000 0.000000 0.000000
7.144391 -4.865833 -11.169196
0.948413 -0.287638 -0.133331
255 255 255 255
0.911133 0.654785
0 0 0 0
1.000000 0.000000 0.000000 0.000000
7.710143 -4.989164 -7.106551
0.943373 -0.294339 -0.153011
255 255 255 255
0.806641 0.667480
0 0 0 0
1.000000 0.000000 0.000000 0.000000
7.639509 -4.621840 -8.268635
0.945623 -0.290281 -0.146744
255 255 255 255
0.835449 0.655273
0 0 0 0
1.000000 0.000000 0.000000 0.000000
7.717393 -5.047635 -6.946203
0.942325 -0.298079 -0.152223
255 255 255 255
0.802734 0.669434
0 0 0 0
1.000000 0.000000 0.000000 0.000000
8.042825 -4.838439 -5.313111
0.942325 -0.298079 -0.152223
255 255 255 255
0.759766 0.667969
0 0 0 0
1.000000 0.000000 0.000000 0.000000
8.179864 -4.373242 -5.368630
0.943373 -0.294339 -0.153011
255 255 255 255
0.759766 0.654785
0 0 0 0
1.000000 0.000000 0.000000 0.000000
7.698430 -5.308383 -6.555323
0.942325 -0.298079 -0.152223
255 255 255 255
0.793457 0.677734
0 0 0 0
1.000000 0.000000 0.000000 0.000000
7.953264 -5.021422 -5.511396
0.942325 -0.298079 -0.152223
255 255 255 255
0.765137 0.672363
0 0 0 0
1.000000 0.000000 0.000000 0.000000
7.700815 -5.351552 -6.395849
0.913991 -0.378554 -0.146005
255 255 255 255
0.789062 0.679199
0 0 0 0
1.000000 0.000000 0.000000 0.000000
7.849805 -5.252663 -5.704156
0.942325 -0.298079 -0.152223
255 255 255 255
0.770996 0.678223
0 0 0 0
1.000000 0.000000 0.000000 0.000000
7.826497 -5.294828 -5.771708
0.913991 -0.378554 -0.146005
255 255 255 255
0.772949 0.679199
0 0 0 0
1.000000 0.000000 0.000000 0.000000
7.555463 -3.390527 -11.345165
0.200243 0.681340 -0.704045
255 255 255 255
0.400879 0.234131
0 0 0 0
1.000000 0.000000 0.000000 0.000000
7.635660 -3.207356 -11.146855
0.178105 0.637397 -0.749669
255 255 255 255
0.400879 0.241333
0 0 0 0
1.000000 0.000000 0.000000 0.000000
7.383060 -3.324027 -11.330015
0.200243 0.681340 -0.704045
255 255 255 255
0.395508 0.234131
0 0 0 0
1.000000 0.000000 0.000000 0.000000
7.729590 -2.975902 -10.954024
0.178105 0.637397 -0.749669
255 255 255 255
0.400879 0.249512
0 0 0 0
1.000000 0.000000 0.000000 0.000000
7.462147 -3.140536 -11.131647
0.178105 0.637397 -0.749669
255 255 255 255
0.395508 0.241333
0 0 0 0
1.000000 0.000000 0.000000 0.000000
7.751611 -2.934127 -10.886544
0.336294 0.921829 -0.192712
255 255 255 255
0.400879 0.251465
0 0 0 0
1.000000 0.000000 0.000000 0.000000
7.577720 -2.867319 -10.871336
0.336664 0.921793 -0.192238
255 255 255 255
0.395508 0.251709
0 0 0 0
1.000000 0.000000 0.000000 0.000000
7.555794 -2.909094 -10.938758
0.180641 0.641440 -0.745603
255 255 255 255
0.395508 0.249512
0 0 0 0
1.000000 0.000000 0.000000 0.000000
7.846239 -2.871346 -10.261059
0.353231 0.933686 -0.058812
255 255 255 255
0.400879 0.267822
0 0 0 0
1.000000 0.000000 0.000000 0.000000
7.671390 -2.804538 -10.245850
0.350904 0.934023 -0.066837
255 255 255 255
0.395508 0.267822
0 0 0 0
1.000000 0.000000 0.000000 0.000000
7.862108 -2.920583 -10.102964
0.350545 0.811341 0.467808
255 255 255 255
0.400879 0.272217
0 0 0 0
1.000000 0.000000 0.000000 0.000000
7.687000 -2.853776 -10.087733
0.350929 0.819434 0.453185
255 255 255 255
0.395508 0.272217
0 0 0 0
1.000000 0.000000 0.000000 0.000000
7.844515 -3.181319 -9.712096
0.350912 0.810776 0.468512
255 255 255 255
0.400879 0.284424
0 0 0 0
1.000000 0.000000 0.000000 0.000000
7.668993 -3.114512 -9.696900
0.348098 0.806757 0.477463
255 255 255 255
0.395508 0.284424
0 0 0 0
1.000000 0.000000 0.000000 0.000000
7.852698 -3.239815 -9.551737
0.347726 0.933297 -0.089684
255 255 255 255
0.400879 0.288818
0 0 0 0
1.000000 0.000000 0.000000 0.000000
7.677034 -3.172676 -9.537957
0.350501 0.933609 -0.074313
255 255 255 255
0.395508 0.288818
0 0 0 0
1.000000 0.000000 0.000000 0.000000
8.059190 -3.145791 -8.444698
0.338878 0.931022 -0.135498
255 255 255 255
0.400879 0.317627
0 0 0 0
1.000000 0.000000 0.000000 0.000000
7.881686 -3.078357 -8.429562
0.340884 0.930359 -0.135016
255 255 255 255
0.395508 0.317627
0 0 0 0
1.000000 0.000000 0.000000 0.000000
8.268386 -3.051790 -7.337603
0.328269 0.923040 -0.200592
255 255 255 255
0.400879 0.346436
0 0 0 0
1.000000 0.000000 0.000000 0.000000
8.088674 -2.985207 -7.319513
0.328790 0.924339 -0.193637
255 255 255 255
0.395508 0.346680
0 0 0 0
1.000000 0.000000 0.000000 0.000000
8.317801 -2.967507 -7.194293
0.195261 0.695633 -0.691353
255 255 255 255
0.400879 0.350830
0 0 0 0
1.000000 0.000000 0.000000 0.000000
8.137085 -2.900699 -7.179038
0.197752 0.695103 -0.691177
255 255 255 255
0.395508 0.350830
0 0 0 0
1.000000 0.000000 0.000000 0.000000
8.469942 -2.646279 -6.872830
0.202167 0.707041 -0.677659
255 255 255 255
0.400879 0.363037
0 0 0 0
1.000000 0.000000 0.000000 0.000000
8.288577 -2.579471 -6.857598
0.202167 0.707041 -0.677659
255 255 255 255
0.395508 0.363281
0 0 0 0
1.000000 0.000000 0.000000 0.000000
8.507998 -2.571265 -6.727419
0.320754 0.925484 -0.201486
255 255 255 255
0.400879 0.367432
0 0 0 0
1.000000 0.000000 0.000000 0.000000
8.326338 -2.504457 -6.712199
0.319831 0.924171 -0.208846
255 255 255 255
0.395508 0.367432
0 0 0 0
1.000000 0.000000 0.000000 0.000000
8.635497 -2.527801 -6.101754
0.337699 0.938734 -0.068840
255 255 255 255
0.400879 0.383789
0 0 0 0
1.000000 0.000000 0.000000 0.000000
8.452538 -2.460993 -6.086511
0.336719 0.937829 -0.084242
255 255 255 255
0.395508 0.383789
0 0 0 0
1.000000 0.000000 0.000000 0.000000
8.638461 -2.557390 -6.025619
0.323751 0.763341 0.559013
255 255 255 255
0.400879 0.385742
0 0 0 0
1.000000 0.000000 0.000000 0.000000
8.455337 -2.490571 -6.010423
0.324512 0.770794 0.548242
255 255 255 255
0.395508 0.385742
0 0 0 0
1.000000 0.000000 0.000000 0.000000
8.619014 -2.751769 -5.782074
0.326544 0.766290 0.553325
255 255 255 255
0.400879 0.394043
0 0 0 0
1.000000 0.000000 0.000000 0.000000
8.435381 -2.684961 -5.766843
0.323537 0.761584 0.561528
255 255 255 255
0.395508 0.394043
0 0 0 0
1.000000 0.000000 0.000000 0.000000
8.430126 -2.831436 -5.529415
0.332415 0.800209 0.499165
255 255 255 255
0.395508 0.401123
0 0 0 0
1.000000 0.000000 0.000000 0.000000
8.613405 -2.897936 -5.544576
0.332415 0.800209 0.499165
255 255 255 255
0.400879 0.401123
0 0 0 0
1.000000 0.000000 0.000000 0.000000
0.630585 -12.157845 -11.813575
0.454127 0.178732 -0.872825
255 255 255 255
0.001991 0.903809
0 0 0 0
1.000000 0.000000 0.000000 0.000000
0.731434 -12.105527 -11.754868
-0.146682 -0.152206 -0.977404
255 255 255 255
0.001991 0.900879
0 0 0 0
1.000000 0.000000 0.000000 0.000000
0.532204 -11.795918 -11.797280
0.457129 0.174442 -0.872126
255 255 255 255
0.009377 0.901367
0 0 0 0
1.000000 0.000000 0.000000 0.000000
1.342055 -11.550106 -11.997939
-0.250641 -0.218213 -0.943166
255 255 255 255
0.001991 0.881836
0 0 0 0
1.000000 0.000000 0.000000 0.000000
0.599272 -11.767237 -11.751289
-0.191965 -0.171033 -0.966384
255 255 255 255
0.009377 0.899414
0 0 0 0
1.000000 0.000000 0.000000 0.000000
1.428876 -11.441843 -12.056741
-0.321495 -0.391685 -0.862104
255 255 255 255
0.001991 0.878906
0 0 0 0
1.000000 0.000000 0.000000 0.000000
1.111593 -11.281990 -12.036325
-0.251519 -0.224031 -0.941567
255 255 255 255
0.009377 0.881836
0 0 0 0
1.000000 0.000000 0.000000 0.000000
1.494078 -11.363204 -12.145594
-0.628189 -0.524892 -0.574340
255 255 255 255
0.001991 0.875977
0 0 0 0
1.000000 0.000000 0.000000 0.000000
1.192299 -11.175615 -12.086319
-0.350261 -0.412035 -0.841157
255 255 255 255
0.009377 0.878418
0 0 0 0
1.000000 0.000000 0.000000 0.000000
1.704704 -11.051104 -12.788236
-0.709724 -0.561435 -0.425538
255 255 255 255
0.001991 0.859863
0 0 0 0
1.000000 0.000000 0.000000 0.000000
1.256969 -11.103576 -12.177309
-0.641628 -0.525959 -0.558284
255 255 255 255
0.009377 0.875488
0 0 0 0
1.000000 0.000000 0.000000 0.000000
1.670167 -11.061588 -12.921332
-0.570371 -0.556719 0.603938
255 255 255 255
0.001991 0.856934
0 0 0 0
1.000000 0.000000 0.000000 0.000000
1.468940 -10.766197 -12.854454
-0.616236 -0.574847 0.538335
255 255 255 255
0.009377 0.856934
0 0 0 0
1.000000 0.000000 0.000000 0.000000
1.493429 -10.775265 -12.729257
-0.707658 -0.562297 -0.427833
255 255 255 255
0.009377 0.859863
0 0 0 0
1.000000 0.000000 0.000000 0.000000
1.588127 -11.127275 -12.977914
0.071628 -0.293288 0.953337
255 255 255 255
0.001991 0.854004
0 0 0 0
1.000000 0.000000 0.000000 0.000000
1.397244 -10.833772 -12.893915
0.055959 -0.298390 0.952802
255 255 255 255
0.009377 0.854492
0 0 0 0
1.000000 0.000000 0.000000 0.000000
0.950832 -11.660686 -13.086604
0.150500 -0.266928 0.951892
255 255 255 255
0.001991 0.834473
0 0 0 0
1.000000 0.000000 0.000000 0.000000
0.805114 -11.348503 -12.954724
0.134351 -0.273767 0.952367
255 255 255 255
0.009377 0.835449
0 0 0 0
1.000000 0.000000 0.000000 0.000000
0.876905 -11.716761 -13.061501
0.694672 0.004329 0.719314
255 255 255 255
0.001991 0.832520
0 0 0 0
1.000000 0.000000 0.000000 0.000000
0.734434 -11.402039 -12.930754
0.681050 -0.004125 0.732225
255 255 255 255
0.009377 0.832520
0 0 0 0
1.000000 0.000000 0.000000 0.000000
0.793023 -11.800807 -12.942031
0.927709 0.238383 0.287280
255 255 255 255
0.001991 0.829590
0 0 0 0
1.000000 0.000000 0.000000 0.000000
0.668948 -11.486121 -12.816693
0.927846 0.242311 0.283527
255 255 255 255
0.009377 0.829102
0 0 0 0
1.000000 0.000000 0.000000 0.000000
0.623713 -12.140997 -11.907634
0.942289 0.260957 0.209744
255 255 255 255
0.001991 0.806641
0 0 0 0
1.000000 0.000000 0.000000 0.000000
0.525734 -11.779824 -11.887065
0.940399 0.261698 0.217174
255 255 255 255
0.009377 0.808105
0 0 0 0
1.000000 0.000000 0.000000 0.000000
0.630585 -12.157845 -11.813575
0.963692 0.266166 -0.021275
255 255 255 255
0.001991 0.804688
0 0 0 0
1.000000 0.000000 0.000000 0.000000
0.532204 -11.795918 -11.797280
0.963692 0.266166 -0.021275
255 255 255 255
0.009377 0.806152
0 0 0 0
1.000000 0.000000 0.000000 0.000000
0.907297 -11.433955 -13.902689
0.228468 0.222208 -0.947854
255 255 255 255
0.953125 0.637207
0 0 0 0
1.000000 0.000000 0.000000 0.000000
1.004498 -11.383537 -13.866924
0.061295 0.151904 -0.986493
255 255 255 255
0.950684 0.637207
0 0 0 0
1.000000 0.000000 0.000000 0.000000
0.757895 -11.089903 -13.857667
0.228468 0.222208 -0.947854
255 255 255 255
0.952637 0.629883
0 0 0 0
1.000000 0.000000 0.000000 0.000000
1.723301 -10.824090 -13.757562
-0.005168 0.119920 -0.992770
255 255 255 255
0.929688 0.637207
0 0 0 0
1.000000 0.000000 0.000000 0.000000
0.855084 -11.039473 -13.821877
0.054494 0.150911 -0.987044
255 255 255 255
0.949707 0.629883
0 0 0 0
1.000000 0.000000 0.000000 0.000000
1.893402 -10.671889 -13.791166
-0.368491 -0.093008 -0.924967
255 255 255 255
0.924805 0.637207
0 0 0 0
1.000000 0.000000 0.000000 0.000000
1.541828 -10.496050 -13.717416
-0.025333 0.109762 -0.993635
255 255 255 255
0.929688 0.629883
0 0 0 0
1.000000 0.000000 0.000000 0.000000
2.059760 -10.501694 -13.935905
-0.571188 -0.240885 -0.784678
255 255 255 255
0.918457 0.637207
0 0 0 0
1.000000 0.000000 0.000000 0.000000
1.712061 -10.343850 -13.750984
-0.409026 -0.117651 -0.904907
255 255 255 255
0.924316 0.629883
0 0 0 0
1.000000 0.000000 0.000000 0.000000
2.784442 -9.737078 -14.713509
-0.623068 -0.283121 -0.729128
255 255 255 255
0.889160 0.637207
0 0 0 0
1.000000 0.000000 0.000000 0.000000
1.878714 -10.173655 -13.895782
-0.574817 -0.244274 -0.780971
255 255 255 255
0.917969 0.629883
0 0 0 0
1.000000 0.000000 0.000000 0.000000
2.779507 -9.714703 -14.869369
-0.807093 -0.536861 0.245726
255 255 255 255
0.886230 0.637207
0 0 0 0
1.000000 0.000000 0.000000 0.000000
2.596051 -9.422782 -14.683742
-0.634126 -0.291295 -0.716262
255 255 255 255
0.888672 0.629883
0 0 0 0
1.000000 0.000000 0.000000 0.000000
2.705508 -9.745237 -15.001366
-0.055099 -0.277148 0.959246
255 255 255 255
0.883301 0.637207
0 0 0 0
1.000000 0.000000 0.000000 0.000000
2.534947 -9.429134 -14.907791
-0.077353 -0.287322 0.954705
255 255 255 255
0.883301 0.629883
0 0 0 0
1.000000 0.000000 0.000000 0.000000
2.592415 -9.405366 -14.805017
-0.813488 -0.536169 0.225300
255 255 255 255
0.886230 0.629883
0 0 0 0
1.000000 0.000000 0.000000 0.000000
1.458183 -10.654675 -15.234840
0.016920 -0.236843 0.971401
255 255 255 255
0.846680 0.637207
0 0 0 0
1.000000 0.000000 0.000000 0.000000
1.281328 -10.339374 -15.165800
0.014980 -0.237568 0.971256
255 255 255 255
0.846191 0.629883
0 0 0 0
1.000000 0.000000 0.000000 0.000000
0.642995 -11.095689 -15.290430
0.179004 -0.177643 0.967678
255 255 255 255
0.825195 0.637207
0 0 0 0
1.000000 0.000000 0.000000 0.000000
0.558630 -10.744907 -15.200126
0.141133 -0.188129 0.971951
255 255 255 255
0.826172 0.629883
0 0 0 0
1.000000 0.000000 0.000000 0.000000
0.526489 -11.170490 -15.193725
0.915964 0.136648 0.377277
255 255 255 255
0.821289 0.637207
0 0 0 0
1.000000 0.000000 0.000000 0.000000
0.425664 -10.804336 -15.106869
0.899732 0.122679 0.418846
255 255 255 255
0.822266 0.629883
0 0 0 0
1.000000 0.000000 0.000000 0.000000
0.520904 -11.234760 -14.966393
0.938409 0.303787 -0.164627
255 255 255 255
0.816406 0.637207
0 0 0 0
1.000000 0.000000 0.000000 0.000000
0.446752 -10.892362 -14.881141
0.940931 0.301041 -0.154995
255 255 255 255
0.816895 0.629883
0 0 0 0
1.000000 0.000000 0.000000 0.000000
0.822955 -11.432880 -14.030766
0.909137 0.331129 -0.252632
255 255 255 255
0.795410 0.637207
0 0 0 0
1.000000 0.000000 0.000000 0.000000
0.700617 -11.102573 -13.953215
0.909755 0.330859 -0.250757
255 255 255 255
0.796387 0.629883
0 0 0 0
1.000000 0.000000 0.000000 0.000000
0.907297 -11.433955 -13.902689
0.761905 0.398940 -0.510242
255 255 255 255
0.792480 0.637207
0 0 0 0
1.000000 0.000000 0.000000 0.000000
0.757895 -11.089903 -13.857667
0.761967 0.399407 -0.509784
255 255 255 255
0.793945 0.629883
0 0 0 0
1.000000 0.000000 0.000000 0.000000
4.962198 -7.057982 -14.019573
0.155220 0.489850 -0.857877
255 255 255 255
0.600098 0.629883
0 0 0 0
1.000000 0.000000 0.000000 0.000000
4.815393 -7.221612 -14.162552
0.541282 0.683847 -0.489253
255 255 255 255
0.605957 0.629883
0 0 0 0
1.000000 0.000000 0.000000 0.000000
5.188763 -7.311280 -14.145950
0.156289 0.491381 -0.856807
255 255 255 255
0.601074 0.637207
0 0 0 0
1.000000 0.000000 0.000000 0.000000
3.834661 -7.619530 -16.131689
0.587445 0.694460 -0.415491
255 255 255 255
0.652344 0.629883
0 0 0 0
1.000000 0.000000 0.000000 0.000000
5.041911 -7.480956 -14.248441
0.552542 0.689055 -0.468936
255 255 255 255
0.605957 0.637207
0 0 0 0
1.000000 0.000000 0.000000 0.000000
3.718438 -7.633817 -16.439892
0.739541 0.662603 -0.118474
255 255 255 255
0.660156 0.629883
0 0 0 0
1.000000 0.000000 0.000000 0.000000
4.031660 -7.873099 -16.307493
0.591175 0.695044 -0.409177
255 255 255 255
0.654297 0.637207
0 0 0 0
1.000000 0.000000 0.000000 0.000000
3.649435 -7.518327 -16.758665
0.764150 0.506802 0.399032
255 255 255 255
0.667480 0.629883
0 0 0 0
1.000000 0.000000 0.000000 0.000000
3.902024 -7.886571 -16.594515
0.752232 0.654050 -0.079781
255 255 255 255
0.660645 0.637207
0 0 0 0
1.000000 0.000000 0.000000 0.000000
3.719053 -7.274829 -17.026804
0.547240 0.180696 0.817238
255 255 255 255
0.675293 0.629883
0 0 0 0
1.000000 0.000000 0.000000 0.000000
3.964923 -7.478783 -17.117687
0.567234 0.209310 0.796514
255 255 255 255
0.675293 0.637207
0 0 0 0
1.000000 0.000000 0.000000 0.000000
3.871489 -7.754645 -16.896507
0.766013 0.510894 0.390142
255 255 255 255
0.667480 0.637207
0 0 0 0
1.000000 0.000000 0.000000 0.000000
3.850389 -7.083416 -17.029943
0.115200 -0.406440 0.906386
255 255 255 255
0.680176 0.629883
0 0 0 0
1.000000 0.000000 0.000000 0.000000
4.107973 -7.258063 -17.147137
0.123550 -0.394059 0.910743
255 255 255 255
0.681152 0.637207
0 0 0 0
1.000000 0.000000 0.000000 0.000000
4.048084 -6.865718 -16.861887
-0.185118 -0.673706 0.715438
255 255 255 255
0.687988 0.629883
0 0 0 0
1.000000 0.000000 0.000000 0.000000
4.276361 -7.051889 -16.991983
-0.168401 -0.667486 0.725330
255 255 255 255
0.687988 0.637207
0 0 0 0
1.000000 0.000000 0.000000 0.000000
4.613776 -6.367719 -16.188686
-0.245072 -0.706035 0.664420
255 255 255 255
0.712891 0.629883
0 0 0 0
1.000000 0.000000 0.000000 0.000000
4.808391 -6.579242 -16.322950
-0.240359 -0.701664 0.670742
255 255 255 255
0.711426 0.637207
0 0 0 0
1.000000 0.000000 0.000000 0.000000
5.328530 -5.705841 -15.173368
-0.303249 -0.768624 0.563255
255 255 255 255
0.745117 0.629883
0 0 0 0
1.000000 0.000000 0.000000 0.000000
5.584507 -5.881303 -15.287254
-0.298149 -0.758518 0.579446
255 255 255 255
0.745605 0.637207
0 0 0 0
1.000000 0.000000 0.000000 0.000000
5.399151 -5.752446 -14.911464
-0.516104 -0.829955 -0.211686
255 255 255 255
0.751465 0.629883
0 0 0 0
1.000000 0.000000 0.000000 0.000000
5.683632 -5.877265 -14.990078
-0.517458 -0.825359 -0.225877
255 255 255 255
0.751953 0.637207
0 0 0 0
1.000000 0.000000 0.000000 0.000000
5.429426 -5.932690 -14.596707
-0.553118 -0.595590 -0.582523
255 255 255 255
0.759277 0.629883
0 0 0 0
1.000000 0.000000 0.000000 0.000000
5.689631 -6.103795 -14.681427
-0.553631 -0.576267 -0.601173
255 255 255 255
0.759766 0.637207
0 0 0 0
1.000000 0.000000 0.000000 0.000000
5.346442 -6.263186 -14.299449
-0.477688 -0.316170 -0.819665
255 255 255 255
0.768555 0.629883
0 0 0 0
1.000000 0.000000 0.000000 0.000000
5.621383 -6.456147 -14.406946
-0.471016 -0.300251 -0.829454
255 255 255 255
0.768555 0.637207
0 0 0 0
1.000000 0.000000 0.000000 0.000000
5.103936 -6.849140 -14.078151
-0.376650 -0.132728 -0.916798
255 255 255 255
0.781738 0.629883
0 0 0 0
1.000000 0.000000 0.000000 0.000000
5.369774 -7.063296 -14.126456
-0.364255 -0.111788 -0.924566
255 255 255 255
0.782227 0.637207
0 0 0 0
1.000000 0.000000 0.000000 0.000000
4.962198 -7.057982 -14.019573
-0.253844 0.093469 -0.962719
255 255 255 255
0.787109 0.629883
0 0 0 0
1.000000 0.000000 0.000000 0.000000
5.188763 -7.311280 -14.145950
-0.254999 0.090270 -0.962718
255 255 255 255
0.788086 0.637207
0 0 0 0
1.000000 0.000000 0.000000 0.000000
5.457434 -7.870631 -10.734321
0.278321 -0.071839 -0.957798
255 255 255 255
0.021606 0.418457
0 0 0 0
1.000000 0.000000 0.000000 0.000000
5.590188 -7.720686 -10.731628
0.074573 -0.197709 -0.977420
255 255 255 255
0.021606 0.422852
0 0 0 0
1.000000 0.000000 0.000000 0.000000
5.272928 -7.559087 -10.836208
0.280024 -0.067547 -0.957614
255 255 255 255
0.014061 0.420898
0 0 0 0
1.000000 0.000000 0.000000 0.000000
6.057534 -7.054818 -10.878514
0.004568 -0.236801 -0.971548
255 255 255 255
0.021606 0.439941
0 0 0 0
1.000000 0.000000 0.000000 0.000000
5.360186 -7.440231 -10.795035
0.052710 -0.211725 -0.975907
255 255 255 255
0.014061 0.424072
0 0 0 0
1.000000 0.000000 0.000000 0.000000
6.456254 -6.261226 -11.094584
-0.043583 -0.274080 -0.960719
255 255 255 255
0.021606 0.457764
0 0 0 0
1.000000 0.000000 0.000000 0.000000
5.813352 -6.783750 -10.957814
-0.000450 -0.239349 -0.970934
255 255 255 255
0.014061 0.441406
0 0 0 0
1.000000 0.000000 0.000000 0.000000
6.497097 -6.119688 -11.194393
-0.315152 -0.705602 -0.634669
255 255 255 255
0.021606 0.460693
0 0 0 0
1.000000 0.000000 0.000000 0.000000
6.138499 -6.164250 -11.100274
-0.040037 -0.269422 -0.962190
255 255 255 255
0.014061 0.456543
0 0 0 0
1.000000 0.000000 0.000000 0.000000
6.479940 -6.067510 -11.393765
-0.352264 -0.912911 0.206166
255 255 255 255
0.021606 0.464600
0 0 0 0
1.000000 0.000000 0.000000 0.000000
6.195270 -5.999805 -11.169502
-0.323705 -0.725888 -0.606879
255 255 255 255
0.014061 0.460693
0 0 0 0
1.000000 0.000000 0.000000 0.000000
6.176803 -6.267437 -12.381677
-0.303374 -0.879257 0.367247
255 255 255 255
0.021606 0.486816
0 0 0 0
1.000000 0.000000 0.000000 0.000000
5.904908 -6.122014 -12.253798
-0.313321 -0.886909 0.339445
255 255 255 255
0.014061 0.486816
0 0 0 0
1.000000 0.000000 0.000000 0.000000
6.187181 -5.941864 -11.322612
-0.354182 -0.912529 0.204561
255 255 255 255
0.014061 0.464355
0 0 0 0
1.000000 0.000000 0.000000 0.000000
5.997196 -6.453514 -12.734346
-0.123647 -0.757725 0.640753
255 255 255 255
0.021606 0.495605
0 0 0 0
1.000000 0.000000 0.000000 0.000000
5.755860 -6.305481 -12.631005
-0.159570 -0.778877 0.606537
255 255 255 255
0.014061 0.496094
0 0 0 0
1.000000 0.000000 0.000000 0.000000
5.933246 -6.562923 -12.824687
0.300268 -0.330400 0.894805
255 255 255 255
0.021606 0.498047
0 0 0 0
1.000000 0.000000 0.000000 0.000000
5.690210 -6.436818 -12.663726
0.288988 -0.346437 0.892450
255 255 255 255
0.014061 0.498535
0 0 0 0
1.000000 0.000000 0.000000 0.000000
5.877845 -6.683491 -12.793267
0.501483 0.334184 0.798020
255 255 255 255
0.021606 0.500000
0 0 0 0
1.000000 0.000000 0.000000 0.000000
5.586314 -6.585523 -12.676300
0.501592 0.366126 0.783809
255 255 255 255
0.014061 0.501953
0 0 0 0
1.000000 0.000000 0.000000 0.000000
5.292764 -7.859414 -11.816952
0.557794 0.412178 0.720399
255 255 255 255
0.021606 0.533691
0 0 0 0
1.000000 0.000000 0.000000 0.000000
5.084407 -7.584768 -11.798413
0.534161 0.407650 0.740603
255 255 255 255
0.014061 0.532715
0 0 0 0
1.000000 0.000000 0.000000 0.000000
5.166010 -8.081610 -11.526684
0.805638 0.485461 0.339521
255 255 255 255
0.021606 0.541016
0 0 0 0
1.000000 0.000000 0.000000 0.000000
4.986675 -7.800009 -11.503175
0.785182 0.479726 0.391602
255 255 255 255
0.014061 0.540527
0 0 0 0
1.000000 0.000000 0.000000 0.000000
5.170898 -8.098011 -11.323168
0.845785 0.415711 -0.334414
255 255 255 255
0.021606 0.544922
0 0 0 0
1.000000 0.000000 0.000000 0.000000
5.018579 -7.790800 -11.285501
0.841604 0.405521 -0.356728
255 255 255 255
0.014061 0.544922
0 0 0 0
1.000000 0.000000 0.000000 0.000000
5.351696 -7.968032 -10.837400
0.780378 0.298915 -0.549235
255 255 255 255
0.021606 0.556152
0 0 0 0
1.000000 0.000000 0.000000 0.000000
5.196875 -7.664694 -10.936869
0.783715 0.302520 -0.542470
255 255 255 255
0.014061 0.555664
0 0 0 0
1.000000 0.000000 0.000000 0.000000
5.457434 -7.870631 -10.734321
0.671173 0.132191 -0.729419
255 255 255 255
0.021606 0.559570
0 0 0 0
1.000000 0.000000 0.000000 0.000000
5.272928 -7.559087 -10.836208
0.670327 0.132206 -0.730194
255 255 255 255
0.014061 0.558594
0 0 0 0
1.000000 0.000000 0.000000 0.000000
6.503839 -7.077984 -7.254005
0.526119 0.181344 -0.830851
255 255 255 255
0.995605 0.475342
0 0 0 0
1.000000 0.000000 0.000000 0.000000
6.581651 -6.957841 -7.167892
0.343686 -0.019356 -0.938885
255 255 255 255
0.995605 0.478271
0 0 0 0
1.000000 0.000000 0.000000 0.000000
6.269870 -6.795593 -7.330565
0.525795 0.181618 -0.830996
255 255 255 255
0.987793 0.476318
0 0 0 0
1.000000 0.000000 0.000000 0.000000
6.683834 -6.780704 -7.208215
-0.028713 -0.297726 -0.954220
255 255 255 255
0.995605 0.481689
0 0 0 0
1.000000 0.000000 0.000000 0.000000
6.349076 -6.689371 -7.269331
0.274352 -0.089509 -0.957455
255 255 255 255
0.987793 0.479492
0 0 0 0
1.000000 0.000000 0.000000 0.000000
7.364569 -5.244752 -7.775725
-0.075710 -0.348536 -0.934233
255 255 255 255
0.995605 0.518555
0 0 0 0
1.000000 0.000000 0.000000 0.000000
6.428542 -6.501287 -7.300669
-0.047280 -0.307407 -0.950402
255 255 255 255
0.987793 0.484375
0 0 0 0
1.000000 0.000000 0.000000 0.000000
7.390805 -5.157742 -7.887614
-0.340682 -0.873319 -0.348209
255 255 255 255
0.995605 0.521484
0 0 0 0
1.000000 0.000000 0.000000 0.000000
7.051052 -5.122827 -7.782373
-0.074753 -0.343444 -0.936194
255 255 255 255
0.987793 0.517578
0 0 0 0
1.000000 0.000000 0.000000 0.000000
7.382894 -5.114927 -8.138680
-0.336295 -0.941432 0.024728
255 255 255 255
0.995605 0.526367
0 0 0 0
1.000000 0.000000 0.000000 0.000000
7.095189 -5.029145 -7.896990
-0.344010 -0.880220 -0.326908
255 255 255 255
0.987793 0.520996
0 0 0 0
1.000000 0.000000 0.000000 0.000000
7.342866 -5.142581 -8.531332
-0.322983 -0.919974 0.222105
255 255 255 255
0.995605 0.534180
0 0 0 0
1.000000 0.000000 0.000000 0.000000
7.088718 -5.014421 -8.131159
-0.336176 -0.941326 0.029850
255 255 255 255
0.987793 0.526367
0 0 0 0
1.000000 0.000000 0.000000 0.000000
7.288563 -5.233582 -8.679093
-0.273632 -0.673113 0.687055
255 255 255 255
0.995605 0.537598
0 0 0 0
1.000000 0.000000 0.000000 0.000000
7.031262 -5.040492 -8.520079
-0.323553 -0.915891 0.237607
255 255 255 255
0.987793 0.534668
0 0 0 0
1.000000 0.000000 0.000000 0.000000
7.222546 -5.364765 -8.759031
0.033973 -0.231853 0.972157
255 255 255 255
0.995605 0.541016
0 0 0 0
1.000000 0.000000 0.000000 0.000000
6.935479 -5.176055 -8.721412
0.026533 -0.238338 0.970820
255 255 255 255
0.987793 0.540527
0 0 0 0
1.000000 0.000000 0.000000 0.000000
6.986629 -5.095209 -8.688764
-0.265221 -0.644623 0.717021
255 255 255 255
0.987793 0.538574
0 0 0 0
1.000000 0.000000 0.000000 0.000000
6.830674 -6.177392 -8.935449
0.146171 -0.200698 0.968687
255 255 255 255
0.995605 0.559570
0 0 0 0
1.000000 0.000000 0.000000 0.000000
6.542273 -5.973864 -8.852571
0.129172 -0.205615 0.970071
255 255 255 255
0.987793 0.559082
0 0 0 0
1.000000 0.000000 0.000000 0.000000
6.371133 -7.019040 -9.024668
0.294746 -0.126879 0.947115
255 255 255 255
0.995605 0.578125
0 0 0 0
1.000000 0.000000 0.000000 0.000000
6.173036 -6.757123 -8.900345
0.258826 -0.159224 0.952710
255 255 255 255
0.987793 0.576172
0 0 0 0
1.000000 0.000000 0.000000 0.000000
6.281938 -7.187677 -8.929238
0.705344 0.353206 0.614602
255 255 255 255
0.995605 0.581543
0 0 0 0
1.000000 0.000000 0.000000 0.000000
6.070085 -6.911213 -8.859585
0.667710 0.288700 0.686161
255 255 255 255
0.987793 0.580566
0 0 0 0
1.000000 0.000000 0.000000 0.000000
6.267426 -7.225225 -8.741756
0.793021 0.606740 0.054633
255 255 255 255
0.995605 0.584961
0 0 0 0
1.000000 0.000000 0.000000 0.000000
6.073025 -6.989049 -8.719818
0.791546 0.607147 0.069478
255 255 255 255
0.987793 0.584473
0 0 0 0
1.000000 0.000000 0.000000 0.000000
6.287546 -7.230976 -8.529691
0.792179 0.590684 -0.153442
255 255 255 255
0.995605 0.588867
0 0 0 0
1.000000 0.000000 0.000000 0.000000
6.093996 -6.971692 -8.518615
0.791819 0.591189 -0.153355
255 255 255 255
0.987793 0.589355
0 0 0 0
1.000000 0.000000 0.000000 0.000000
6.447280 -7.133917 -7.391800
0.790068 0.576332 -0.208890
255 255 255 255
0.995605 0.612305
0 0 0 0
1.000000 0.000000 0.000000 0.000000
6.228969 -6.844984 -7.435630
0.790852 0.577811 -0.201711
255 255 255 255
0.987793 0.611816
0 0 0 0
1.000000 0.000000 0.000000 0.000000
6.503839 -7.077984 -7.254005
0.727966 0.473721 -0.495635
255 255 255 255
0.995605 0.615234
0 0 0 0
1.000000 0.000000 0.000000 0.000000
6.269870 -6.795593 -7.330565
0.729377 0.471980 -0.495220
255 255 255 255
0.987793 0.614258
0 0 0 0
1.000000 0.000000 0.000000 0.000000
3.410295 -8.999762 -0.502924
0.022205 0.455875 0.889767
255 255 255 255
0.649902 0.832520
0 0 0 0
1.000000 0.000000 0.000000 0.000000
3.582155 -9.256413 -0.374197
0.022906 0.457418 0.888957
255 255 255 255
0.649902 0.825684
0 0 0 0
1.000000 0.000000 0.000000 0.000000
3.271685 -9.076664 -0.458681
0.400743 0.586075 0.704216
255 255 255 255
0.653320 0.832520
0 0 0 0
1.000000 0.000000 0.000000 0.000000
3.436590 -9.333977 -0.331312
0.408016 0.586559 0.699623
255 255 255 255
0.653320 0.825684
0 0 0 0
1.000000 0.000000 0.000000 0.000000
2.950493 -9.133329 -0.109612
0.580809 0.599966 0.550183
255 255 255 255
0.664062 0.832520
0 0 0 0
1.000000 0.000000 0.000000 0.000000
3.101832 -9.396970 0.012587
0.588951 0.599107 0.542409
255 255 255 255
0.664062 0.825684
0 0 0 0
1.000000 0.000000 0.000000 0.000000
2.932604 -9.100835 -0.017534
0.891098 0.446535 0.080937
255 255 255 255
0.666504 0.832520
0 0 0 0
1.000000 0.000000 0.000000 0.000000
3.060339 -9.399710 0.088888
0.890954 0.446674 0.081755
255 255 255 255
0.665527 0.825684
0 0 0 0
1.000000 0.000000 0.000000 0.000000
3.048969 -9.358253 0.198593
0.912225 0.238570 -0.333061
255 255 255 255
0.667969 0.825684
0 0 0 0
1.000000 0.000000 0.000000 0.000000
2.918069 -9.069497 0.068863
0.910922 0.240043 -0.335559
255 255 255 255
0.668457 0.832520
0 0 0 0
1.000000 0.000000 0.000000 0.000000
3.222376 -8.776337 1.008314
0.894005 0.158205 -0.419197
255 255 255 255
0.687988 0.825684
0 0 0 0
1.000000 0.000000 0.000000 0.000000
3.077732 -8.517691 0.782327
0.897059 0.174677 -0.405922
255 255 255 255
0.687500 0.832520
0 0 0 0
1.000000 0.000000 0.000000 0.000000
3.304852 -8.680648 1.061318
0.396304 -0.500610 -0.769632
255 255 255 255
0.690430 0.825684
0 0 0 0
1.000000 0.000000 0.000000 0.000000
3.178038 -8.446279 0.843432
0.357041 -0.522280 -0.774433
255 255 255 255
0.690430 0.832520
0 0 0 0
1.000000 0.000000 0.000000 0.000000
3.412325 -8.626309 1.011112
-0.217523 -0.721496 -0.657364
255 255 255 255
0.692383 0.825684
0 0 0 0
1.000000 0.000000 0.000000 0.000000
3.281319 -8.403038 0.780107
-0.238636 -0.719058 -0.652694
255 255 255 255
0.693359 0.832520
0 0 0 0
1.000000 0.000000 0.000000 0.000000
3.808531 -8.537020 0.704031
-0.364560 -0.733636 -0.573476
255 255 255 255
0.703125 0.825684
0 0 0 0
1.000000 0.000000 0.000000 0.000000
3.634120 -8.302544 0.548087
-0.369924 -0.733531 -0.570165
255 255 255 255
0.703125 0.832520
0 0 0 0
1.000000 0.000000 0.000000 0.000000
4.234999 -8.447069 0.254349
-0.460044 -0.748582 -0.477478
255 255 255 255
0.715332 0.825684
0 0 0 0
1.000000 0.000000 0.000000 0.000000
4.039760 -8.234803 0.074589
-0.468652 -0.751464 -0.464399
255 255 255 255
0.716309 0.832520
0 0 0 0
1.000000 0.000000 0.000000 0.000000
4.308159 -8.460483 0.119812
-0.707033 -0.706740 0.024981
255 255 255 255
0.718262 0.825684
0 0 0 0
1.000000 0.000000 0.000000 0.000000
4.080956 -8.237023 -0.014476
-0.712388 -0.697686 0.075754
255 255 255 255
0.718750 0.832520
0 0 0 0
1.000000 0.000000 0.000000 0.000000
4.306565 -8.511314 0.020073
-0.576992 -0.071933 0.813576
255 255 255 255
0.720215 0.825684
0 0 0 0
1.000000 0.000000 0.000000 0.000000
4.044919 -8.256411 -0.112528
-0.564363 -0.050507 0.823980
255 255 255 255
0.720703 0.832520
0 0 0 0
1.000000 0.000000 0.000000 0.000000
3.685991 -9.178399 -0.346366
-0.516266 0.019743 0.856201
255 255 255 255
0.739746 0.825684
0 0 0 0
1.000000 0.000000 0.000000 0.000000
3.533247 -8.900766 -0.473440
-0.521931 0.013821 0.852875
255 255 255 255
0.738770 0.832520
0 0 0 0
1.000000 0.000000 0.000000 0.000000
3.410295 -8.999762 -0.502924
-0.383441 0.196645 0.902388
255 255 255 255
0.742188 0.832520
0 0 0 0
1.000000 0.000000 0.000000 0.000000
3.582155 -9.256413 -0.374197
-0.384747 0.198086 0.901516
255 255 255 255
0.742676 0.825684
0 0 0 0
1.000000 0.000000 0.000000 0.000000
4.703929 -7.824275 0.573923
0.093441 0.502085 0.859756
255 255 255 255
0.942871 0.613281
0 0 0 0
1.000000 0.000000 0.000000 0.000000
4.560382 -7.920353 0.648488
0.325574 0.657928 0.679067
255 255 255 255
0.942871 0.609863
0 0 0 0
1.000000 0.000000 0.000000 0.000000
4.450666 -7.601523 0.474797
0.094760 0.501510 0.859946
255 255 255 255
0.950195 0.612305
0 0 0 0
1.000000 0.000000 0.000000 0.000000
4.028802 -8.052882 1.134514
0.388108 0.703031 0.595920
255 255 255 255
0.942871 0.594727
0 0 0 0
1.000000 0.000000 0.000000 0.000000
4.338056 -7.679584 0.530600
0.330712 0.660385 0.674182
255 255 255 255
0.950195 0.608887
0 0 0 0
1.000000 0.000000 0.000000 0.000000
3.591601 -8.095071 1.509666
0.476685 0.714023 0.512780
255 255 255 255
0.942871 0.583008
0 0 0 0
1.000000 0.000000 0.000000 0.000000
3.851074 -7.808204 0.962040
0.387286 0.702296 0.597318
255 255 255 255
0.950195 0.594727
0 0 0 0
1.000000 0.000000 0.000000 0.000000
3.452400 -8.056542 1.657014
0.883704 0.465163 0.051872
255 255 255 255
0.942871 0.579102
0 0 0 0
1.000000 0.000000 0.000000 0.000000
3.334631 -7.784235 1.439612
0.892723 0.449511 0.031398
255 255 255 255
0.950195 0.578613
0 0 0 0
1.000000 0.000000 0.000000 0.000000
3.408570 -7.842895 1.306716
0.480982 0.712991 0.510196
255 255 255 255
0.950195 0.582520
0 0 0 0
1.000000 0.000000 0.000000 0.000000
3.443745 -7.911084 1.790298
0.847438 -0.148433 -0.509722
255 255 255 255
0.942871 0.576172
0 0 0 0
1.000000 0.000000 0.000000 0.000000
3.344384 -7.657090 1.545904
0.837001 -0.162210 -0.522606
255 255 255 255
0.950195 0.574707
0 0 0 0
1.000000 0.000000 0.000000 0.000000
4.166196 -6.427537 2.347595
0.808990 -0.211011 -0.548643
255 255 255 255
0.942871 0.541992
0 0 0 0
1.000000 0.000000 0.000000 0.000000
4.020868 -6.269586 2.073233
0.809319 -0.210704 -0.548276
255 255 255 255
0.950195 0.542480
0 0 0 0
1.000000 0.000000 0.000000 0.000000
4.295395 -6.213523 2.392665
0.676828 -0.422212 -0.603027
255 255 255 255
0.942871 0.537109
0 0 0 0
1.000000 0.000000 0.000000 0.000000
4.138011 -6.081053 2.116449
0.679603 -0.418361 -0.602589
255 255 255 255
0.950195 0.537598
0 0 0 0
1.000000 0.000000 0.000000 0.000000
4.403837 -6.104196 2.377446
0.035784 -0.876630 -0.479832
255 255 255 255
0.942871 0.534180
0 0 0 0
1.000000 0.000000 0.000000 0.000000
4.232850 -5.966968 2.112848
0.026153 -0.879601 -0.474993
255 255 255 255
0.950195 0.534180
0 0 0 0
1.000000 0.000000 0.000000 0.000000
4.803633 -6.048913 2.110616
-0.191988 -0.913639 -0.358336
255 255 255 255
0.942871 0.524414
0 0 0 0
1.000000 0.000000 0.000000 0.000000
4.646791 -5.909146 1.844684
-0.206676 -0.915163 -0.346067
255 255 255 255
0.950195 0.523438
0 0 0 0
1.000000 0.000000 0.000000 0.000000
4.947332 -6.067652 1.965075
-0.548501 -0.836089 0.010112
255 255 255 255
0.942871 0.520508
0 0 0 0
1.000000 0.000000 0.000000 0.000000
4.730166 -5.926940 1.745595
-0.544354 -0.838843 0.004525
255 255 255 255
0.950195 0.520508
0 0 0 0
1.000000 0.000000 0.000000 0.000000
5.014482 -6.164108 1.851993
-0.703600 -0.406009 0.583184
255 255 255 255
0.942871 0.517578
0 0 0 0
1.000000 0.000000 0.000000 0.000000
4.768151 -6.010609 1.658395
-0.702858 -0.407938 0.582733
255 255 255 255
0.950195 0.517578
0 0 0 0
1.000000 0.000000 0.000000 0.000000
4.795309 -7.704875 0.623633
-0.672158 -0.345146 0.655041
255 255 255 255
0.942871 0.478516
0 0 0 0
1.000000 0.000000 0.000000 0.000000
4.574173 -7.422909 0.549622
-0.686906 -0.365868 0.627934
255 255 255 255
0.950195 0.481201
0 0 0 0
1.000000 0.000000 0.000000 0.000000
4.450666 -7.601523 0.474797
-0.415388 -0.080361 0.906088
255 255 255 255
0.950195 0.476074
0 0 0 0
1.000000 0.000000 0.000000 0.000000
4.703929 -7.824275 0.573923
-0.415342 -0.081197 0.906034
255 255 255 255
0.942871 0.475586
0 0 0 0
1.000000 0.000000 0.000000 0.000000
1.724175 -8.955719 1.767817
-0.289633 0.571329 0.767917
255 255 255 255
0.973633 0.613281
0 0 0 0
1.000000 0.000000 0.000000 0.000000
1.549137 -9.032468 1.757851
0.136846 0.678838 0.721424
255 255 255 255
0.973633 0.609863
0 0 0 0
1.000000 0.000000 0.000000 0.000000
1.616596 -8.718410 1.549529
-0.288240 0.570614 0.768971
255 255 255 255
0.980469 0.613281
0 0 0 0
1.000000 0.000000 0.000000 0.000000
0.992962 -9.007153 1.957436
0.395514 0.674104 0.623821
255 255 255 255
0.973633 0.598145
0 0 0 0
1.000000 0.000000 0.000000 0.000000
1.466637 -8.782394 1.542787
0.139167 0.678504 0.721294
255 255 255 255
0.980469 0.609863
0 0 0 0
1.000000 0.000000 0.000000 0.000000
0.906223 -8.925621 2.064094
0.895458 0.404288 0.186299
255 255 255 255
0.973633 0.595215
0 0 0 0
1.000000 0.000000 0.000000 0.000000
0.929862 -8.762675 1.729749
0.396692 0.673454 0.623775
255 255 255 255
0.980469 0.598145
0 0 0 0
1.000000 0.000000 0.000000 0.000000
0.870647 -8.822871 2.172157
0.985061 0.139071 -0.101555
255 255 255 255
0.973633 0.592285
0 0 0 0
1.000000 0.000000 0.000000 0.000000
0.814560 -8.604276 1.917844
0.985382 0.137924 -0.100000
255 255 255 255
0.980469 0.591797
0 0 0 0
1.000000 0.000000 0.000000 0.000000
0.847692 -8.688795 1.827304
0.895330 0.405153 0.185030
255 255 255 255
0.980469 0.594727
0 0 0 0
1.000000 0.000000 0.000000 0.000000
0.833759 -7.778626 2.966257
0.986888 0.073757 -0.143567
255 255 255 255
0.973633 0.564941
0 0 0 0
1.000000 0.000000 0.000000 0.000000
0.780070 -7.594710 2.685341
0.987199 0.071868 -0.142382
255 255 255 255
0.980469 0.564941
0 0 0 0
1.000000 0.000000 0.000000 0.000000
0.909612 -7.024389 3.375086
0.946253 -0.184576 -0.265589
255 255 255 255
0.973633 0.546387
0 0 0 0
1.000000 0.000000 0.000000 0.000000
0.857611 -6.870784 3.076176
0.947334 -0.182534 -0.263135
255 255 255 255
0.980469 0.546387
0 0 0 0
1.000000 0.000000 0.000000 0.000000
1.261409 -6.446842 3.586182
0.806090 -0.464506 -0.366679
255 255 255 255
0.973633 0.531250
0 0 0 0
1.000000 0.000000 0.000000 0.000000
1.206787 -6.319095 3.290520
0.808106 -0.464299 -0.362478
255 255 255 255
0.980469 0.531250
0 0 0 0
1.000000 0.000000 0.000000 0.000000
1.395685 -6.362571 3.601013
0.375990 -0.818474 -0.434433
255 255 255 255
0.973633 0.527832
0 0 0 0
1.000000 0.000000 0.000000 0.000000
1.321084 -6.231104 3.302363
0.374423 -0.819192 -0.434433
255 255 255 255
0.980469 0.527832
0 0 0 0
1.000000 0.000000 0.000000 0.000000
1.530080 -6.319095 3.579406
-0.136801 -0.926664 -0.350113
255 255 255 255
0.973633 0.524902
0 0 0 0
1.000000 0.000000 0.000000 0.000000
1.443459 -6.200523 3.275559
-0.137523 -0.926321 -0.350738
255 255 255 255
0.980469 0.524902
0 0 0 0
1.000000 0.000000 0.000000 0.000000
2.321110 -6.385231 3.304098
-0.262272 -0.915081 -0.306332
255 255 255 255
0.973633 0.506348
0 0 0 0
1.000000 0.000000 0.000000 0.000000
2.200070 -6.246408 3.012320
-0.256664 -0.915566 -0.309616
255 255 255 255
0.980469 0.506836
0 0 0 0
1.000000 0.000000 0.000000 0.000000
2.409113 -6.460043 3.232202
-0.712130 -0.696787 -0.085785
255 255 255 255
0.973633 0.503418
0 0 0 0
1.000000 0.000000 0.000000 0.000000
2.299243 -6.314951 2.942629
-0.712952 -0.695980 -0.085510
255 255 255 255
0.980469 0.503906
0 0 0 0
1.000000 0.000000 0.000000 0.000000
2.456922 -6.535376 3.158168
-0.912702 -0.369751 0.173953
255 255 255 255
0.973633 0.500977
0 0 0 0
1.000000 0.000000 0.000000 0.000000
2.373383 -6.384356 2.886402
-0.913196 -0.367898 0.175283
255 255 255 255
0.980469 0.500977
0 0 0 0
1.000000 0.000000 0.000000 0.000000
2.601825 -7.102792 2.804504
-0.912084 -0.086035 0.400875
255 255 255 255
0.973633 0.486572
0 0 0 0
1.000000 0.000000 0.000000 0.000000
2.448479 -6.934144 2.529539
-0.911864 -0.083882 0.401830
255 255 255 255
0.980469 0.486328
0 0 0 0
1.000000 0.000000 0.000000 0.000000
2.246805 -8.093252 2.297307
-0.855093 0.087589 0.511022
255 255 255 255
0.973633 0.462402
0 0 0 0
1.000000 0.000000 0.000000 0.000000
2.124915 -7.896230 2.048319
-0.855703 0.086623 0.510165
255 255 255 255
0.980469 0.462402
0 0 0 0
1.000000 0.000000 0.000000 0.000000
1.859113 -8.780139 1.868146
-0.818600 0.161076 0.551315
255 255 255 255
0.973633 0.444336
0 0 0 0
1.000000 0.000000 0.000000 0.000000
1.743244 -8.559608 1.636847
-0.819401 0.160452 0.550306
255 255 255 255
0.980469 0.444336
0 0 0 0
1.000000 0.000000 0.000000 0.000000
1.724175 -8.955719 1.767817
-0.750347 0.239111 0.616284
255 255 255 255
0.973633 0.439453
0 0 0 0
1.000000 0.000000 0.000000 0.000000
1.616596 -8.718410 1.549529
-0.752486 0.237100 0.614449
255 255 255 255
0.980469 0.439941
0 0 0 0
1.000000 0.000000 0.000000 0.000000
0.039991 -9.928634 -18.177164
0.002007 0.378225 -0.925711
255 255 255 255
0.997070 0.625488
0 0 0 0
1.000000 0.000000 0.000000 0.000000
0.951576 -9.651141 -18.051672
-0.014009 0.407003 -0.913319
255 255 255 255
0.978027 0.625488
0 0 0 0
1.000000 0.000000 0.000000 0.000000
0.039979 -9.515212 -18.001501
0.004704 0.378201 -0.925711
255 255 255 255
0.995605 0.619629
0 0 0 0
1.000000 0.000000 0.000000 0.000000
1.786035 -9.120553 -17.859987
-0.076008 0.512792 -0.855142
255 255 255 255
0.954590 0.625488
0 0 0 0
1.000000 0.000000 0.000000 0.000000
0.889645 -9.316454 -17.920511
-0.020671 0.422832 -0.905972
255 255 255 255
0.977051 0.619629
0 0 0 0
1.000000 0.000000 0.000000 0.000000
2.529562 -8.542853 -17.554403
-0.052516 0.586891 -0.807961
255 255 255 255
0.932129 0.625488
0 0 0 0
1.000000 0.000000 0.000000 0.000000
1.672894 -8.907284 -17.695919
-0.086169 0.529128 -0.844155
255 255 255 255
0.954590 0.619629
0 0 0 0
1.000000 0.000000 0.000000 0.000000
2.882257 -8.267900 -17.245234
0.254184 0.607233 -0.752768
255 255 255 255
0.920410 0.625488
0 0 0 0
1.000000 0.000000 0.000000 0.000000
2.354396 -8.336349 -17.373499
-0.023490 0.591635 -0.805864
255 255 255 255
0.933105 0.619629
0 0 0 0
1.000000 0.000000 0.000000 0.000000
3.102386 -8.131616 -16.931398
0.616216 0.587491 -0.524530
255 255 255 255
0.910645 0.625488
0 0 0 0
1.000000 0.000000 0.000000 0.000000
2.726951 -8.048100 -17.151186
0.303487 0.605984 -0.735309
255 255 255 255
0.920410 0.619629
0 0 0 0
1.000000 0.000000 0.000000 0.000000
3.172784 -8.168480 -16.723358
0.890352 0.452512 -0.050057
255 255 255 255
0.905273 0.625488
0 0 0 0
1.000000 0.000000 0.000000 0.000000
3.046088 -7.908286 -16.660507
0.887132 0.457187 -0.063060
255 255 255 255
0.905762 0.619629
0 0 0 0
1.000000 0.000000 0.000000 0.000000
2.942180 -7.908912 -16.863173
0.626494 0.587004 -0.512768
255 255 255 255
0.911133 0.619629
0 0 0 0
1.000000 0.000000 0.000000 0.000000
3.206790 -8.315698 -16.323647
0.915163 0.348110 0.203216
255 255 255 255
0.895508 0.625488
0 0 0 0
1.000000 0.000000 0.000000 0.000000
3.084380 -8.036009 -16.209940
0.915675 0.350653 0.196420
255 255 255 255
0.895020 0.619629
0 0 0 0
1.000000 0.000000 0.000000 0.000000
3.152274 -8.606000 -15.858484
0.870434 0.261403 0.417149
255 255 255 255
0.883789 0.625488
0 0 0 0
1.000000 0.000000 0.000000 0.000000
3.021268 -8.314871 -15.784521
0.881290 0.273438 0.385433
255 255 255 255
0.884277 0.619629
0 0 0 0
1.000000 0.000000 0.000000 0.000000
3.040172 -8.820592 -15.608315
0.661956 0.107853 0.741742
255 255 255 255
0.876953 0.625488
0 0 0 0
1.000000 0.000000 0.000000 0.000000
2.917951 -8.486589 -15.544034
0.724925 0.146196 0.673135
255 255 255 255
0.877930 0.619629
0 0 0 0
1.000000 0.000000 0.000000 0.000000
2.843941 -9.021215 -15.477381
0.040754 -0.208718 0.977126
255 255 255 255
0.870117 0.625488
0 0 0 0
1.000000 0.000000 0.000000 0.000000
2.709476 -8.727843 -15.404019
0.160804 -0.158129 0.974237
255 255 255 255
0.870605 0.619629
0 0 0 0
1.000000 0.000000 0.000000 0.000000
2.359497 -9.371678 -15.664095
-0.154660 -0.276436 0.948506
255 255 255 255
0.855469 0.625488
0 0 0 0
1.000000 0.000000 0.000000 0.000000
2.239236 -9.101992 -15.607796
-0.158113 -0.279005 0.947183
255 255 255 255
0.854980 0.619629
0 0 0 0
1.000000 0.000000 0.000000 0.000000
1.592827 -9.917417 -15.940948
-0.104651 -0.241282 0.964796
255 255 255 255
0.832031 0.625488
0 0 0 0
1.000000 0.000000 0.000000 0.000000
1.491717 -9.589411 -15.861754
-0.117411 -0.249193 0.961310
255 255 255 255
0.832520 0.619629
0 0 0 0
1.000000 0.000000 0.000000 0.000000
0.731257 -10.375990 -16.100317
-0.041084 -0.192618 0.980413
255 255 255 255
0.811523 0.625488
0 0 0 0
1.000000 0.000000 0.000000 0.000000
0.668724 -9.998795 -16.030499
-0.049270 -0.200227 0.978510
255 255 255 255
0.812012 0.619629
0 0 0 0
1.000000 0.000000 0.000000 0.000000
0.038940 -10.582081 -16.134972
-0.001613 -0.169420 0.985543
255 255 255 255
0.798828 0.625488
0 0 0 0
1.000000 0.000000 0.000000 0.000000
0.038952 -10.116941 -16.059616
-0.001613 -0.169420 0.985543
255 255 255 255
0.798828 0.619629
0 0 0 0
1.000000 0.000000 0.000000 0.000000
-0.653354 -10.375990 -16.100317
0.037833 -0.192272 0.980612
255 255 255 255
0.786621 0.625488
0 0 0 0
1.000000 0.000000 0.000000 0.000000
-0.590821 -9.998795 -16.030499
0.046003 -0.199883 0.978739
255 255 255 255
0.786133 0.619629
0 0 0 0
1.000000 0.000000 0.000000 0.000000
-1.514923 -9.917417 -15.940948
0.101334 -0.240863 0.965255
255 255 255 255
0.765625 0.625488
0 0 0 0
1.000000 0.000000 0.000000 0.000000
-1.413826 -9.589411 -15.861754
0.114082 -0.248793 0.961815
255 255 255 255
0.765137 0.619629
0 0 0 0
1.000000 0.000000 0.000000 0.000000
-2.281616 -9.371678 -15.664095
0.151294 -0.276068 0.949156
255 255 255 255
0.742188 0.625488
0 0 0 0
1.000000 0.000000 0.000000 0.000000
-2.161367 -9.101992 -15.607796
0.154745 -0.278634 0.947849
255 255 255 255
0.742676 0.619629
0 0 0 0
1.000000 0.000000 0.000000 0.000000
-2.766073 -9.021215 -15.477381
-0.043957 -0.207672 0.977210
255 255 255 255
0.727051 0.625488
0 0 0 0
1.000000 0.000000 0.000000 0.000000
-2.631619 -8.727843 -15.404019
-0.163835 -0.156659 0.973969
255 255 255 255
0.727051 0.619629
0 0 0 0
1.000000 0.000000 0.000000 0.000000
-2.962292 -8.820592 -15.608315
-0.663601 0.111036 0.739801
255 255 255 255
0.720703 0.625488
0 0 0 0
1.000000 0.000000 0.000000 0.000000
-2.840083 -8.486589 -15.544034
-0.726268 0.149610 0.670933
255 255 255 255
0.719727 0.619629
0 0 0 0
1.000000 0.000000 0.000000 0.000000
-3.074382 -8.606000 -15.858484
-0.870612 0.265505 0.414176
255 255 255 255
0.713379 0.625488
0 0 0 0
1.000000 0.000000 0.000000 0.000000
-2.943388 -8.314871 -15.784521
-0.881329 0.277574 0.382375
255 255 255 255
0.712891 0.619629
0 0 0 0
1.000000 0.000000 0.000000 0.000000
-3.128863 -8.315698 -16.323647
-0.914265 0.352465 0.199722
255 255 255 255
0.701660 0.625488
0 0 0 0
1.000000 0.000000 0.000000 0.000000
-3.006453 -8.036009 -16.209940
-0.914753 0.354983 0.192911
255 255 255 255
0.702148 0.619629
0 0 0 0
1.000000 0.000000 0.000000 0.000000
-3.094833 -8.168480 -16.723358
-0.892103 0.449781 -0.043010
255 255 255 255
0.691895 0.625488
0 0 0 0
1.000000 0.000000 0.000000 0.000000
-2.968137 -7.908286 -16.660507
-0.888918 0.454628 -0.056013
255 255 255 255
0.691406 0.619629
0 0 0 0
1.000000 0.000000 0.000000 0.000000
-3.024424 -8.131616 -16.931398
-0.620638 0.587057 -0.519782
255 255 255 255
0.686523 0.625488
0 0 0 0
1.000000 0.000000 0.000000 0.000000
-2.864218 -7.908912 -16.863173
-0.630843 0.586555 -0.507927
255 255 255 255
0.686035 0.619629
0 0 0 0
1.000000 0.000000 0.000000 0.000000
-2.804259 -8.267900 -17.245234
-0.259558 0.608370 -0.750010
255 255 255 255
0.676758 0.625488
0 0 0 0
1.000000 0.000000 0.000000 0.000000
-2.648965 -8.048100 -17.151186
-0.308788 0.606941 -0.732307
255 255 255 255
0.676270 0.619629
0 0 0 0
1.000000 0.000000 0.000000 0.000000
-2.451553 -8.542853 -17.554403
0.046766 0.588765 -0.806950
255 255 255 255
0.664551 0.625488
0 0 0 0
1.000000 0.000000 0.000000 0.000000
-2.276397 -8.336349 -17.373499
0.017745 0.593417 -0.804700
255 255 255 255
0.664062 0.619629
0 0 0 0
1.000000 0.000000 0.000000 0.000000
-1.708001 -9.120553 -17.859987
0.070196 0.514537 -0.854590
255 255 255 255
0.642090 0.625488
0 0 0 0
1.000000 0.000000 0.000000 0.000000
-1.594860 -8.907284 -17.695919
0.080373 0.530965 -0.843573
255 255 255 255
0.642090 0.619629
0 0 0 0
1.000000 0.000000 0.000000 0.000000
-0.873532 -9.651141 -18.051672
0.007535 0.408067 -0.912921
255 255 255 255
0.618164 0.625488
0 0 0 0
1.000000 0.000000 0.000000 0.000000
-0.811612 -9.316454 -17.920511
0.014178 0.424017 -0.905543
255 255 255 255
0.619141 0.619629
0 0 0 0
1.000000 0.000000 0.000000 0.000000
0.039991 -9.928634 -18.177164
-0.007903 0.379047 -0.925344
255 255 255 255
0.598633 0.625488
0 0 0 0
1.000000 0.000000 0.000000 0.000000
0.039979 -9.515212 -18.001501
-0.011146 0.378965 -0.925344
255 255 255 255
0.600586 0.619629
0 0 0 0
1.000000 0.000000 0.000000 0.000000
3.767617 -8.402660 -14.526651
-0.389638 -0.014178 -0.920859
255 255 255 255
0.386719 0.401123
0 0 0 0
1.000000 0.000000 0.000000 0.000000
3.885280 -8.268597 -14.549795
-0.045105 0.303958 -0.951617
255 255 255 255
0.386719 0.397949
0 0 0 0
1.000000 0.000000 0.000000 0.000000
3.554938 -8.133388 -14.413866
-0.389568 -0.015982 -0.920859
255 255 255 255
0.391602 0.401123
0 0 0 0
1.000000 0.000000 0.000000 0.000000
4.077414 -8.075294 -14.420454
0.326870 0.677011 -0.659402
255 255 255 255
0.386719 0.392822
0 0 0 0
1.000000 0.000000 0.000000 0.000000
3.637249 -8.006560 -14.478785
-0.016375 0.326614 -0.945016
255 255 255 255
0.391602 0.398438
0 0 0 0
1.000000 0.000000 0.000000 0.000000
4.428314 -7.841431 -13.880503
0.452051 0.767434 -0.454637
255 255 255 255
0.386719 0.380615
0 0 0 0
1.000000 0.000000 0.000000 0.000000
3.842797 -7.858930 -14.329890
0.329945 0.684425 -0.650153
255 255 255 255
0.391602 0.393066
0 0 0 0
1.000000 0.000000 0.000000 0.000000
4.648550 -7.772888 -13.280509
0.572419 0.771773 -0.276953
255 255 255 255
0.386719 0.369873
0 0 0 0
1.000000 0.000000 0.000000 0.000000
4.188229 -7.655909 -13.750984
0.467328 0.769933 -0.434519
255 255 255 255
0.391602 0.380127
0 0 0 0
1.000000 0.000000 0.000000 0.000000
4.688603 -7.782853 -13.074017
0.683683 0.694329 0.224688
255 255 255 255
0.386719 0.366455
0 0 0 0
1.000000 0.000000 0.000000 0.000000
4.439625 -7.550077 -13.043046
0.685107 0.700723 0.199034
255 255 255 255
0.391602 0.366455
0 0 0 0
1.000000 0.000000 0.000000 0.000000
4.399503 -7.543477 -13.227446
0.567489 0.774337 -0.279925
255 255 255 255
0.391602 0.369873
0 0 0 0
1.000000 0.000000 0.000000 0.000000
4.631240 -7.919845 -12.786263
0.568980 0.538007 0.621941
255 255 255 255
0.386719 0.361084
0 0 0 0
1.000000 0.000000 0.000000 0.000000
4.399869 -7.662451 -12.790680
0.588644 0.560246 0.582771
255 255 255 255
0.391602 0.361572
0 0 0 0
1.000000 0.000000 0.000000 0.000000
4.473254 -8.136835 -12.540960
0.468108 0.456867 0.756404
255 255 255 255
0.386719 0.354980
0 0 0 0
1.000000 0.000000 0.000000 0.000000
4.239439 -7.877126 -12.551753
0.470631 0.457876 0.754225
255 255 255 255
0.391602 0.354980
0 0 0 0
1.000000 0.000000 0.000000 0.000000
4.011551 -8.698088 -11.920871
0.412950 0.463961 0.783717
255 255 255 255
0.386719 0.338623
0 0 0 0
1.000000 0.000000 0.000000 0.000000
3.784762 -8.429546 -11.944581
0.423448 0.463120 0.778596
255 255 255 255
0.391602 0.338867
0 0 0 0
1.000000 0.000000 0.000000 0.000000
3.501839 -9.117483 -11.414405
0.241993 0.458352 0.855192
255 255 255 255
0.386719 0.320557
0 0 0 0
1.000000 0.000000 0.000000 0.000000
3.307721 -8.973099 -11.447336
0.223493 0.456319 0.861292
255 255 255 255
0.391602 0.319336
0 0 0 0
1.000000 0.000000 0.000000 0.000000
2.752620 -9.726298 -11.031708
-0.102984 0.281297 0.954079
255 255 255 255
0.386719 0.288330
0 0 0 0
1.000000 0.000000 0.000000 0.000000
2.597952 -9.582220 -11.100133
-0.144058 0.247573 0.958099
255 255 255 255
0.391602 0.287598
0 0 0 0
1.000000 0.000000 0.000000 0.000000
2.433555 -10.046687 -11.264389
-0.647848 -0.273393 0.711020
255 255 255 255
0.386719 0.274414
0 0 0 0
1.000000 0.000000 0.000000 0.000000
2.290706 -9.826734 -11.325139
-0.654493 -0.282927 0.701136
255 255 255 255
0.391602 0.273438
0 0 0 0
1.000000 0.000000 0.000000 0.000000
2.084509 -10.304837 -11.866438
-0.789172 -0.394600 0.470637
255 255 255 255
0.386719 0.254639
0 0 0 0
1.000000 0.000000 0.000000 0.000000
1.971533 -10.072144 -11.833919
-0.772391 -0.391231 0.500350
255 255 255 255
0.391602 0.255615
0 0 0 0
1.000000 0.000000 0.000000 0.000000
2.037562 -10.320848 -12.118412
-0.928323 -0.346519 -0.134686
255 255 255 255
0.386719 0.248535
0 0 0 0
1.000000 0.000000 0.000000 0.000000
1.929876 -10.062461 -12.072976
-0.927915 -0.347183 -0.135786
255 255 255 255
0.391602 0.248779
0 0 0 0
1.000000 0.000000 0.000000 0.000000
2.105609 -10.213860 -12.340408
-0.784427 -0.109742 -0.610436
255 255 255 255
0.386719 0.242798
0 0 0 0
1.000000 0.000000 0.000000 0.000000
2.019106 -9.977234 -12.263091
-0.778261 -0.108131 -0.618562
255 255 255 255
0.391602 0.242554
0 0 0 0
1.000000 0.000000 0.000000 0.000000
2.765810 -9.517338 -13.192954
-0.757361 -0.109464 -0.643756
255 255 255 255
0.386719 0.207764
0 0 0 0
1.000000 0.000000 0.000000 0.000000
2.687313 -9.262540 -13.141250
-0.755171 -0.119051 -0.644627
255 255 255 255
0.391602 0.206543
0 0 0 0
1.000000 0.000000 0.000000 0.000000
3.294934 -8.971222 -13.910105
-0.723025 -0.174716 -0.668363
255 255 255 255
0.386719 0.183838
0 0 0 0
1.000000 0.000000 0.000000 0.000000
3.153561 -8.674414 -13.834961
-0.718877 -0.178857 -0.671733
255 255 255 255
0.391602 0.183472
0 0 0 0
1.000000 0.000000 0.000000 0.000000
3.767617 -8.402660 -14.526651
-0.694973 -0.202882 -0.689820
255 255 255 255
0.386719 0.166138
0 0 0 0
1.000000 0.000000 0.000000 0.000000
3.554938 -8.133388 -14.413866
-0.695315 -0.201708 -0.689820
255 255 255 255
0.391602 0.167114
0 0 0 0
1.000000 0.000000 0.000000 0.000000
0.037405 -10.662195 -2.807410
-0.132412 -0.213923 -0.967835
255 255 255 255
0.891113 0.704590
0 0 0 0
1.000000 0.000000 0.000000 0.000000
0.976986 -10.535700 -2.941284
-0.232679 -0.197900 -0.952206
255 255 255 255
0.876465 0.718750
0 0 0 0
1.000000 0.000000 0.000000 0.000000
0.037417 -10.193750 -2.890571
-0.131737 -0.214339 -0.967835
255 255 255 255
0.884766 0.699219
0 0 0 0
1.000000 0.000000 0.000000 0.000000
2.316175 -10.207010 -3.479797
-0.394144 -0.172255 -0.902761
255 255 255 255
0.850586 0.737305
0 0 0 0
1.000000 0.000000 0.000000 0.000000
0.894368 -10.136353 -3.035155
-0.233966 -0.195486 -0.952389
255 255 255 255
0.872070 0.712891
0 0 0 0
1.000000 0.000000 0.000000 0.000000
3.116166 -9.904286 -4.032560
-0.568199 -0.188407 -0.801032
255 255 255 255
0.832031 0.749023
0 0 0 0
1.000000 0.000000 0.000000 0.000000
2.980662 -9.587651 -4.011649
-0.568199 -0.188407 -0.801032
255 255 255 255
0.830078 0.743164
0 0 0 0
1.000000 0.000000 0.000000 0.000000
2.211665 -9.827206 -3.474554
-0.394144 -0.172255 -0.902761
255 255 255 255
0.847168 0.731445
0 0 0 0
1.000000 0.000000 0.000000 0.000000
3.876613 -9.518861 -4.744714
-0.590010 -0.207248 -0.780343
255 255 255 255
0.811035 0.760254
0 0 0 0
1.000000 0.000000 0.000000 0.000000
3.680902 -9.285825 -4.661163
-0.596644 -0.214599 -0.773281
255 255 255 255
0.812012 0.753906
0 0 0 0
1.000000 0.000000 0.000000 0.000000
4.099329 -9.388693 -4.918228
-0.495101 -0.162221 -0.853557
255 255 255 255
0.805176 0.763184
0 0 0 0
1.000000 0.000000 0.000000 0.000000
3.965608 -9.071505 -4.898450
-0.489373 -0.162845 -0.856735
255 255 255 255
0.803223 0.757324
0 0 0 0
1.000000 0.000000 0.000000 0.000000
4.391096 -9.190372 -5.087112
-0.309838 -0.107191 -0.944728
255 255 255 255
0.797363 0.766113
0 0 0 0
1.000000 0.000000 0.000000 0.000000
4.285347 -8.918619 -5.086345
-0.262790 -0.093248 -0.960337
255 255 255 255
0.795410 0.761230
0 0 0 0
1.000000 0.000000 0.000000 0.000000
4.682227 -8.991755 -5.123043
0.189097 0.122587 -0.974277
255 255 255 255
0.789551 0.768066
0 0 0 0
1.000000 0.000000 0.000000 0.000000
4.486419 -8.684604 -5.115061
0.236629 0.149589 -0.960015
255 255 255 255
0.789062 0.761230
0 0 0 0
1.000000 0.000000 0.000000 0.000000
5.020197 -8.720357 -4.906502
0.516548 0.292529 -0.804739
255 255 255 255
0.779785 0.769043
0 0 0 0
1.000000 0.000000 0.000000 0.000000
4.752081 -8.402342 -4.950191
0.525181 0.296019 -0.797845
255 255 255 255
0.780273 0.761230
0 0 0 0
1.000000 0.000000 0.000000 0.000000
5.334965 -8.250189 -4.390898
0.680005 0.395426 -0.617440
255 255 255 255
0.764160 0.766113
0 0 0 0
1.000000 0.000000 0.000000 0.000000
5.118484 -7.969048 -4.475795
0.686153 0.400325 -0.607399
255 255 255 255
0.765137 0.759766
0 0 0 0
1.000000 0.000000 0.000000 0.000000
5.386139 -8.059211 -3.988151
0.797729 0.602863 -0.013590
255 255 255 255
0.755371 0.764160
0 0 0 0
1.000000 0.000000 0.000000 0.000000
5.169056 -7.800943 -4.121424
0.802999 0.592681 -0.062622
255 255 255 255
0.757324 0.757812
0 0 0 0
1.000000 0.000000 0.000000 0.000000
5.245451 -8.091033 -3.489326
0.666097 0.614572 0.422630
255 255 255 255
0.744629 0.761719
0 0 0 0
1.000000 0.000000 0.000000 0.000000
5.034165 -7.757455 -3.615609
0.686441 0.619630 0.380602
255 255 255 255
0.746582 0.754883
0 0 0 0
1.000000 0.000000 0.000000 0.000000
4.968385 -8.239349 -3.046904
0.508746 0.554091 0.658909
255 255 255 255
0.733398 0.759277
0 0 0 0
1.000000 0.000000 0.000000 0.000000
4.753427 -7.906409 -3.166397
0.525372 0.562114 0.638758
255 255 255 255
0.735352 0.752441
0 0 0 0
1.000000 0.000000 0.000000 0.000000
4.541738 -8.566173 -2.529741
0.373952 0.540089 0.753966
255 255 255 255
0.717773 0.757324
0 0 0 0
1.000000 0.000000 0.000000 0.000000
4.327335 -8.229738 -2.635148
0.390424 0.540022 0.745618
255 255 255 255
0.719238 0.750000
0 0 0 0
1.000000 0.000000 0.000000 0.000000
3.837802 -9.013446 -1.878302
0.270448 0.559768 0.783274
255 255 255 255
0.695801 0.752441
0 0 0 0
1.000000 0.000000 0.000000 0.000000
3.641594 -8.601809 -2.122496
0.289481 0.552769 0.781439
255 255 255 255
0.700195 0.744141
0 0 0 0
1.000000 0.000000 0.000000 0.000000
3.209175 -9.309358 -1.489287
0.181656 0.548324 0.816298
255 255 255 255
0.680176 0.746582
0 0 0 0
1.000000 0.000000 0.000000 0.000000
3.039582 -8.931478 -1.710114
0.189990 0.550910 0.812651
255 255 255 255
0.684082 0.739258
0 0 0 0
1.000000 0.000000 0.000000 0.000000
2.158283 -9.743454 -1.012648
0.137758 0.512124 0.847792
255 255 255 255
0.656250 0.735352
0 0 0 0
1.000000 0.000000 0.000000 0.000000
2.039262 -9.283144 -1.276655
0.143100 0.517673 0.843527
255 255 255 255
0.662598 0.728027
0 0 0 0
1.000000 0.000000 0.000000 0.000000
1.189937 -9.958790 -0.777405
0.077499 0.480574 0.873523
255 255 255 255
0.639160 0.722168
0 0 0 0
1.000000 0.000000 0.000000 0.000000
1.111215 -9.487346 -1.015494
0.079779 0.481741 0.872674
255 255 255 255
0.645996 0.715332
0 0 0 0
1.000000 0.000000 0.000000 0.000000
0.037145 -10.162189 -0.594185
0.047265 0.470966 0.880884
255 255 255 255
0.620605 0.706055
0 0 0 0
1.000000 0.000000 0.000000 0.000000
0.037181 -9.616616 -0.896355
0.049567 0.472143 0.880127
255 255 255 255
0.629883 0.699219
0 0 0 0
1.000000 0.000000 0.000000 0.000000
-0.553449 -12.157845 -11.813575
-0.964009 0.264508 -0.026871
255 255 255 255
1.001953 0.804688
0 0 0 0
1.000000 0.000000 0.000000 0.000000
-0.546566 -12.140997 -11.907634
-0.943615 0.260076 0.204821
255 255 255 255
1.001953 0.806641
0 0 0 0
1.000000 0.000000 0.000000 0.000000
-0.455080 -11.795918 -11.797280
-0.964009 0.264508 -0.026871
255 255 255 255
1.009766 0.806152
0 0 0 0
1.000000 0.000000 0.000000 0.000000
-0.715651 -11.800807 -12.942031
-0.929246 0.237979 0.282609
255 255 255 255
1.001953 0.829590
0 0 0 0
1.000000 0.000000 0.000000 0.000000
-0.448586 -11.779824 -11.887065
-0.941746 0.260871 0.212274
255 255 255 255
1.009766 0.808105
0 0 0 0
1.000000 0.000000 0.000000 0.000000
-0.799510 -11.716761 -13.061501
-0.697576 0.005049 0.716493
255 255 255 255
1.001953 0.832520
0 0 0 0
1.000000 0.000000 0.000000 0.000000
-0.591600 -11.486121 -12.816693
-0.929392 0.241825 0.278841
255 255 255 255
1.009766 0.829102
0 0 0 0
1.000000 0.000000 0.000000 0.000000
-0.873425 -11.660686 -13.086604
-0.154220 -0.265975 0.951564
255 255 255 255
1.001953 0.834473
0 0 0 0
1.000000 0.000000 0.000000 0.000000
-0.657050 -11.402039 -12.930754
-0.684001 -0.003414 0.729473
255 255 255 255
1.009766 0.832520
0 0 0 0
1.000000 0.000000 0.000000 0.000000
-1.510743 -11.127275 -12.977914
-0.075326 -0.292160 0.953398
255 255 255 255
1.001953 0.854004
0 0 0 0
1.000000 0.000000 0.000000 0.000000
-0.727742 -11.348503 -12.954724
-0.138061 -0.272743 0.952129
255 255 255 255
1.009766 0.835449
0 0 0 0
1.000000 0.000000 0.000000 0.000000
-1.592794 -11.061588 -12.921332
0.567229 -0.556629 0.606973
255 255 255 255
1.001953 0.856934
0 0 0 0
1.000000 0.000000 0.000000 0.000000
-1.319872 -10.833772 -12.893915
-0.059650 -0.297234 0.952940
255 255 255 255
1.009766 0.854492
0 0 0 0
1.000000 0.000000 0.000000 0.000000
-1.627367 -11.051104 -12.788236
0.705458 -0.560682 -0.433550
255 255 255 255
1.001953 0.859863
0 0 0 0
1.000000 0.000000 0.000000 0.000000
-1.391580 -10.766197 -12.854454
0.613260 -0.574891 0.541675
255 255 255 255
1.009766 0.856934
0 0 0 0
1.000000 0.000000 0.000000 0.000000
-1.416872 -11.363204 -12.145594
0.623861 -0.525024 -0.578919
255 255 255 255
1.001953 0.875977
0 0 0 0
1.000000 0.000000 0.000000 0.000000
-1.179751 -11.103576 -12.177309
0.636676 -0.524476 -0.565303
255 255 255 255
1.009766 0.875488
0 0 0 0
1.000000 0.000000 0.000000 0.000000
-1.416104 -10.775265 -12.729257
0.705350 -0.560153 -0.434408
255 255 255 255
1.009766 0.859863
0 0 0 0
1.000000 0.000000 0.000000 0.000000
-1.351694 -11.441843 -12.056741
0.317733 -0.387137 -0.865546
255 255 255 255
1.001953 0.878906
0 0 0 0
1.000000 0.000000 0.000000 0.000000
-1.115104 -11.175615 -12.086319
0.345219 -0.410846 -0.843818
255 255 255 255
1.009766 0.878418
0 0 0 0
1.000000 0.000000 0.000000 0.000000
-1.264884 -11.550106 -11.997939
0.245247 -0.216827 -0.944902
255 255 255 255
1.001953 0.881836
0 0 0 0
1.000000 0.000000 0.000000 0.000000
-1.034411 -11.281990 -12.036325
0.242585 -0.221307 -0.944550
255 255 255 255
1.009766 0.881836
0 0 0 0
1.000000 0.000000 0.000000 0.000000
-0.654310 -12.105527 -11.754868
0.143514 -0.149548 -0.978284
255 255 255 255
1.001953 0.900879
0 0 0 0
1.000000 0.000000 0.000000 0.000000
-0.522147 -11.767237 -11.751289
0.184052 -0.171106 -0.967909
255 255 255 255
1.009766 0.899414
0 0 0 0
1.000000 0.000000 0.000000 0.000000
-0.553449 -12.157845 -11.813575
-0.461470 0.178962 -0.868918
255 255 255 255
1.001953 0.903809
0 0 0 0
1.000000 0.000000 0.000000 0.000000
-0.455080 -11.795918 -11.797280
-0.461175 0.179719 -0.868918
255 255 255 255
1.009766 0.901367
0 0 0 0
1.000000 0.000000 0.000000 0.000000
-0.829714 -11.433955 -13.902689
-0.764202 0.404915 -0.502034
255 255 255 255
1.792969 0.637207
0 0 0 0
1.000000 0.000000 0.000000 0.000000
-0.745348 -11.432880 -14.030766
-0.910374 0.333994 -0.244268
255 255 255 255
1.795898 0.637207
0 0 0 0
1.000000 0.000000 0.000000 0.000000
-0.680323 -11.089903 -13.857667
-0.763936 0.405675 -0.501827
255 255 255 255
1.793945 0.629883
0 0 0 0
1.000000 0.000000 0.000000 0.000000
-0.443095 -11.234760 -14.966393
-0.939114 0.306225 -0.155853
255 255 255 255
1.816406 0.637207
0 0 0 0
1.000000 0.000000 0.000000 0.000000
-0.623032 -11.102573 -13.953215
-0.910876 0.333913 -0.242501
255 255 255 255
1.795898 0.629883
0 0 0 0
1.000000 0.000000 0.000000 0.000000
-0.448645 -11.170490 -15.193725
-0.918729 0.135802 0.370802
255 255 255 255
1.821289 0.637207
0 0 0 0
1.000000 0.000000 0.000000 0.000000
-0.368955 -10.892362 -14.881141
-0.940488 0.305707 -0.148409
255 255 255 255
1.817383 0.629883
0 0 0 0
1.000000 0.000000 0.000000 0.000000
-0.565139 -11.095689 -15.290430
-0.182246 -0.179663 0.966699
255 255 255 255
1.825195 0.637207
0 0 0 0
1.000000 0.000000 0.000000 0.000000
-0.347831 -10.804336 -15.106869
-0.902746 0.121798 0.412570
255 255 255 255
1.822266 0.629883
0 0 0 0
1.000000 0.000000 0.000000 0.000000
-1.380327 -10.654675 -15.234840
-0.020336 -0.238667 0.970888
255 255 255 255
1.846680 0.637207
0 0 0 0
1.000000 0.000000 0.000000 0.000000
-0.480785 -10.744907 -15.200126
-0.144353 -0.190214 0.971072
255 255 255 255
1.826172 0.629883
0 0 0 0
1.000000 0.000000 0.000000 0.000000
-2.627699 -9.745237 -15.001366
0.051619 -0.278844 0.958948
255 255 255 255
1.882812 0.637207
0 0 0 0
1.000000 0.000000 0.000000 0.000000
-1.203496 -10.339374 -15.165800
-0.018402 -0.239383 0.970751
255 255 255 255
1.846680 0.629883
0 0 0 0
1.000000 0.000000 0.000000 0.000000
-2.701721 -9.714703 -14.869369
0.805214 -0.538762 0.247721
255 255 255 255
1.885742 0.637207
0 0 0 0
1.000000 0.000000 0.000000 0.000000
-2.457150 -9.429134 -14.907791
0.073877 -0.289019 0.954469
255 255 255 255
1.883789 0.629883
0 0 0 0
1.000000 0.000000 0.000000 0.000000
-2.706692 -9.737078 -14.713509
0.618863 -0.277256 -0.734941
255 255 255 255
1.889648 0.637207
0 0 0 0
1.000000 0.000000 0.000000 0.000000
-2.518313 -9.422782 -14.683742
0.632832 -0.283887 -0.720370
255 255 255 255
1.888672 0.629883
0 0 0 0
1.000000 0.000000 0.000000 0.000000
-2.514653 -9.405366 -14.805017
0.811665 -0.538071 0.227333
255 255 255 255
1.885742 0.629883
0 0 0 0
1.000000 0.000000 0.000000 0.000000
-1.982175 -10.501694 -13.935905
0.569907 -0.233191 -0.787926
255 255 255 255
1.917969 0.637207
0 0 0 0
1.000000 0.000000 0.000000 0.000000
-1.801128 -10.173655 -13.895782
0.572594 -0.239034 -0.784219
255 255 255 255
1.917969 0.629883
0 0 0 0
1.000000 0.000000 0.000000 0.000000
-1.815852 -10.671889 -13.791166
0.366930 -0.085022 -0.926355
255 255 255 255
1.924805 0.637207
0 0 0 0
1.000000 0.000000 0.000000 0.000000
-1.634511 -10.343850 -13.750984
0.406535 -0.112218 -0.906718
255 255 255 255
1.923828 0.629883
0 0 0 0
1.000000 0.000000 0.000000 0.000000
-1.645751 -10.824090 -13.757562
0.002762 0.125297 -0.992115
255 255 255 255
1.929688 0.637207
0 0 0 0
1.000000 0.000000 0.000000 0.000000
-1.464291 -10.496050 -13.717416
0.021968 0.112570 -0.993401
255 255 255 255
1.929688 0.629883
0 0 0 0
1.000000 0.000000 0.000000 0.000000
-0.926926 -11.383537 -13.866924
-0.065754 0.160511 -0.984841
255 255 255 255
1.950195 0.637207
0 0 0 0
1.000000 0.000000 0.000000 0.000000
-0.777512 -11.039473 -13.821877
-0.057894 0.153519 -0.986448
255 255 255 255
1.950195 0.629883
0 0 0 0
1.000000 0.000000 0.000000 0.000000
-0.829714 -11.433955 -13.902689
-0.232886 0.230447 -0.944806
255 255 255 255
1.953125 0.637207
0 0 0 0
1.000000 0.000000 0.000000 0.000000
-0.680323 -11.089903 -13.857667
-0.232886 0.230447 -0.944806
255 255 255 255
1.952148 0.629883
0 0 0 0
1.000000 0.000000 0.000000 0.000000
-6.427872 -7.077984 -7.254005
-0.728156 0.470006 -0.498882
255 255 255 255
1.995117 0.615234
0 0 0 0
1.000000 0.000000 0.000000 0.000000
-6.371266 -7.133917 -7.391800
-0.792573 0.572963 -0.208665
255 255 255 255
1.995117 0.612305
0 0 0 0
1.000000 0.000000 0.000000 0.000000
-6.193880 -6.795593 -7.330565
-0.731416 0.466848 -0.497076
255 255 255 255
1.987305 0.614258
0 0 0 0
1.000000 0.000000 0.000000 0.000000
-6.211225 -7.230976 -8.529691
-0.794576 0.587427 -0.153553
255 255 255 255
1.995117 0.588867
0 0 0 0
1.000000 0.000000 0.000000 0.000000
-6.152943 -6.844984 -7.435630
-0.791497 0.575300 -0.206309
255 255 255 255
1.987305 0.611816
0 0 0 0
1.000000 0.000000 0.000000 0.000000
-6.191034 -7.225225 -8.741756
-0.794409 0.604782 0.056162
255 255 255 255
1.995117 0.584961
0 0 0 0
1.000000 0.000000 0.000000 0.000000
-5.996633 -6.989049 -8.719818
-0.793028 0.605065 0.070732
255 255 255 255
1.987305 0.584473
0 0 0 0
1.000000 0.000000 0.000000 0.000000
-6.017674 -6.971692 -8.518615
-0.794169 0.587959 -0.153624
255 255 255 255
1.987305 0.589355
0 0 0 0
1.000000 0.000000 0.000000 0.000000
-6.205487 -7.187677 -8.929238
-0.706736 0.350009 0.614831
255 255 255 255
1.995117 0.581543
0 0 0 0
1.000000 0.000000 0.000000 0.000000
-5.993658 -6.911213 -8.859585
-0.669228 0.285438 0.686046
255 255 255 255
1.987305 0.580566
0 0 0 0
1.000000 0.000000 0.000000 0.000000
-6.294658 -7.019040 -9.024668
-0.296255 -0.130388 0.946167
255 255 255 255
1.995117 0.578125
0 0 0 0
1.000000 0.000000 0.000000 0.000000
-6.096597 -6.757123 -8.900345
-0.260444 -0.162674 0.951686
255 255 255 255
1.987305 0.576172
0 0 0 0
1.000000 0.000000 0.000000 0.000000
-6.754235 -6.177392 -8.935449
-0.147994 -0.204054 0.967709
255 255 255 255
1.995117 0.559570
0 0 0 0
1.000000 0.000000 0.000000 0.000000
-6.465845 -5.973864 -8.852571
-0.131030 -0.208954 0.969107
255 255 255 255
1.987305 0.559082
0 0 0 0
1.000000 0.000000 0.000000 0.000000
-7.146142 -5.364765 -8.759031
-0.035906 -0.235158 0.971294
255 255 255 255
1.995117 0.541016
0 0 0 0
1.000000 0.000000 0.000000 0.000000
-6.859087 -5.176055 -8.721412
-0.028466 -0.241640 0.969948
255 255 255 255
1.987305 0.540527
0 0 0 0
1.000000 0.000000 0.000000 0.000000
-7.212183 -5.233582 -8.679093
0.271665 -0.675759 0.685236
255 255 255 255
1.995117 0.537598
0 0 0 0
1.000000 0.000000 0.000000 0.000000
-6.910249 -5.095209 -8.688764
0.263329 -0.647372 0.715240
255 255 255 255
1.987305 0.538574
0 0 0 0
1.000000 0.000000 0.000000 0.000000
-7.266533 -5.142581 -8.531332
0.321112 -0.921330 0.219177
255 255 255 255
1.995117 0.534180
0 0 0 0
1.000000 0.000000 0.000000 0.000000
-6.954941 -5.040492 -8.520079
0.321707 -0.917295 0.234680
255 255 255 255
1.987305 0.534668
0 0 0 0
1.000000 0.000000 0.000000 0.000000
-7.306667 -5.114927 -8.138680
0.334411 -0.942180 0.021587
255 255 255 255
1.995117 0.526367
0 0 0 0
1.000000 0.000000 0.000000 0.000000
-7.012504 -5.014421 -8.131159
0.334275 -0.941982 0.030500
255 255 255 255
1.987305 0.526367
0 0 0 0
1.000000 0.000000 0.000000 0.000000
-7.314662 -5.157742 -7.887614
0.335663 -0.876133 -0.346007
255 255 255 255
1.995117 0.521484
0 0 0 0
1.000000 0.000000 0.000000 0.000000
-7.019033 -5.029145 -7.896990
0.339450 -0.884036 -0.321331
255 255 255 255
1.987305 0.520996
0 0 0 0
1.000000 0.000000 0.000000 0.000000
-7.288460 -5.244752 -7.775725
0.071978 -0.350453 -0.933810
255 255 255 255
1.995117 0.518555
0 0 0 0
1.000000 0.000000 0.000000 0.000000
-6.974931 -5.122827 -7.782373
0.075023 -0.349814 -0.933811
255 255 255 255
1.987305 0.517578
0 0 0 0
1.000000 0.000000 0.000000 0.000000
-6.607879 -6.780704 -7.208215
0.024128 -0.305838 -0.951778
255 255 255 255
1.995117 0.481689
0 0 0 0
1.000000 0.000000 0.000000 0.000000
-6.352563 -6.501287 -7.300669
0.044328 -0.312057 -0.949029
255 255 255 255
1.987305 0.484375
0 0 0 0
1.000000 0.000000 0.000000 0.000000
-6.505707 -6.957841 -7.167892
-0.345489 -0.027346 -0.938024
255 255 255 255
1.995117 0.478271
0 0 0 0
1.000000 0.000000 0.000000 0.000000
-6.273109 -6.689371 -7.269331
-0.277199 -0.094738 -0.956131
255 255 255 255
1.987305 0.479492
0 0 0 0
1.000000 0.000000 0.000000 0.000000
-6.427872 -7.077984 -7.254005
-0.525667 0.174381 -0.832626
255 255 255 255
1.995117 0.475342
0 0 0 0
1.000000 0.000000 0.000000 0.000000
-6.193880 -6.795593 -7.330565
-0.527869 0.173685 -0.831377
255 255 255 255
1.987305 0.476318
0 0 0 0
1.000000 0.000000 0.000000 0.000000
-6.124722 -7.871918 -4.681803
-0.373397 0.298781 0.878239
255 255 255 255
1.990234 0.852051
0 0 0 0
1.000000 0.000000 0.000000 0.000000
-6.209076 -7.760690 -4.739802
-0.019793 0.116609 0.992981
255 255 255 255
1.990234 0.854980
0 0 0 0
1.000000 0.000000 0.000000 0.000000
-5.879560 -7.627418 -4.645459
-0.371579 0.297741 0.879363
255 255 255 255
1.997070 0.853027
0 0 0 0
1.000000 0.000000 0.000000 0.000000
-7.089312 -6.114091 -4.844217
0.044450 0.071266 0.996466
255 255 255 255
1.990234 0.895020
0 0 0 0
1.000000 0.000000 0.000000 0.000000
-5.956558 -7.527808 -4.726943
-0.009854 0.110552 0.993821
255 255 255 255
1.997070 0.856445
0 0 0 0
1.000000 0.000000 0.000000 0.000000
-7.144642 -5.933493 -4.772332
0.438377 -0.557944 0.704645
255 255 255 255
1.990234 0.898926
0 0 0 0
1.000000 0.000000 0.000000 0.000000
-6.805079 -5.931203 -4.907128
0.051338 0.064735 0.996581
255 255 255 255
1.997070 0.895996
0 0 0 0
1.000000 0.000000 0.000000 0.000000
-7.142966 -5.821474 -4.589810
0.346374 -0.936679 -0.051559
255 255 255 255
1.990234 0.902832
0 0 0 0
1.000000 0.000000 0.000000 0.000000
-6.850420 -5.731747 -4.674022
0.350011 -0.936203 -0.031870
255 255 255 255
1.997070 0.902832
0 0 0 0
1.000000 0.000000 0.000000 0.000000
-6.867541 -5.776875 -4.844489
0.442649 -0.580665 0.683294
255 255 255 255
1.997070 0.898926
0 0 0 0
1.000000 0.000000 0.000000 0.000000
-6.943228 -5.900561 -3.303840
0.333161 -0.926269 -0.176153
255 255 255 255
1.990234 0.931152
0 0 0 0
1.000000 0.000000 0.000000 0.000000
-6.616735 -5.755149 -3.382113
0.331414 -0.929454 -0.162113
255 255 255 255
1.997070 0.931641
0 0 0 0
1.000000 0.000000 0.000000 0.000000
-6.873622 -6.027517 -3.063317
0.037301 -0.573031 -0.818684
255 255 255 255
1.990234 0.936523
0 0 0 0
1.000000 0.000000 0.000000 0.000000
-6.545771 -5.833211 -3.139606
0.083781 -0.627600 -0.774015
255 255 255 255
1.997070 0.936523
0 0 0 0
1.000000 0.000000 0.000000 0.000000
-6.763138 -6.219109 -3.014279
-0.502630 0.122583 -0.855766
255 255 255 255
1.990234 0.939941
0 0 0 0
1.000000 0.000000 0.000000 0.000000
-6.450011 -6.044225 -3.173753
-0.505017 0.121229 -0.854554
255 255 255 255
1.997070 0.940430
0 0 0 0
1.000000 0.000000 0.000000 0.000000
-5.961068 -7.777091 -3.805782
-0.560689 0.188270 -0.806339
255 255 255 255
1.990234 0.979492
0 0 0 0
1.000000 0.000000 0.000000 0.000000
-5.748696 -7.502458 -3.894694
-0.546974 0.175498 -0.818547
255 255 255 255
1.997070 0.978027
0 0 0 0
1.000000 0.000000 0.000000 0.000000
-5.941125 -7.863216 -3.919643
-0.811148 0.491751 -0.316575
255 255 255 255
1.990234 0.982910
0 0 0 0
1.000000 0.000000 0.000000 0.000000
-5.740832 -7.608631 -4.024106
-0.808569 0.487617 -0.329310
255 255 255 255
1.997070 0.981934
0 0 0 0
1.000000 0.000000 0.000000 0.000000
-5.931148 -7.909832 -4.041014
-0.783795 0.614744 0.088066
255 255 255 255
1.990234 0.984863
0 0 0 0
1.000000 0.000000 0.000000 0.000000
-5.755757 -7.648010 -4.147566
-0.780344 0.616919 0.102340
255 255 255 255
1.997070 0.984863
0 0 0 0
1.000000 0.000000 0.000000 0.000000
-6.063547 -7.914237 -4.552025
-0.737148 0.627355 0.251077
255 255 255 255
1.990234 0.995117
0 0 0 0
1.000000 0.000000 0.000000 0.000000
-5.830582 -7.658082 -4.549357
-0.741757 0.629796 0.230552
255 255 255 255
1.997070 0.994141
0 0 0 0
1.000000 0.000000 0.000000 0.000000
-6.124722 -7.871918 -4.681803
-0.644857 0.579477 0.498363
255 255 255 255
1.990234 0.997559
0 0 0 0
1.000000 0.000000 0.000000 0.000000
-5.879560 -7.627418 -4.645459
-0.645259 0.577525 0.500106
255 255 255 255
1.997070 0.997070
0 0 0 0
1.000000 0.000000 0.000000 0.000000
-3.006453 -8.036009 -16.209940
0.826076 0.519655 0.218076
255 255 255 255
0.849121 0.713379
0 0 0 0
1.000000 0.000000 0.000000 0.000000
-2.968137 -7.908286 -16.660507
0.571140 0.752605 0.327695
255 255 255 255
0.848145 0.723633
0 0 0 0
1.000000 0.000000 0.000000 0.000000
-2.943388 -8.314871 -15.784521
0.571140 0.752605 0.327695
255 255 255 255
0.845703 0.702637
0 0 0 0
1.000000 0.000000 0.000000 0.000000
-2.864218 -7.908912 -16.863173
0.681807 0.678667 0.273039
255 255 255 255
0.845215 0.727539
0 0 0 0
1.000000 0.000000 0.000000 0.000000
-2.840083 -8.486589 -15.544034
0.685424 0.676307 0.269821
255 255 255 255
0.842285 0.696777
0 0 0 0
1.000000 0.000000 0.000000 0.000000
-2.648965 -8.048100 -17.151186
0.675286 0.689118 0.262880
255 255 255 255
0.837891 0.732910
0 0 0 0
1.000000 0.000000 0.000000 0.000000
-2.631619 -8.727843 -15.404019
0.677780 0.686665 0.262880
255 255 255 255
0.835449 0.692383
0 0 0 0
1.000000 0.000000 0.000000 0.000000
-2.276397 -8.336349 -17.373499
0.649047 0.718493 0.250014
255 255 255 255
0.825684 0.735352
0 0 0 0
1.000000 0.000000 0.000000 0.000000
-2.161367 -9.101992 -15.607796
0.650848 0.716340 0.251505
255 255 255 255
0.820312 0.694336
0 0 0 0
1.000000 0.000000 0.000000 0.000000
-1.594860 -8.907284 -17.695919
0.561106 0.789161 0.249769
255 255 255 255
0.803711 0.738281
0 0 0 0
1.000000 0.000000 0.000000 0.000000
-1.413826 -9.589411 -15.861754
0.559173 0.790118 0.251077
255 255 255 255
0.798340 0.696289
0 0 0 0
1.000000 0.000000 0.000000 0.000000
-0.811612 -9.316454 -17.920511
0.373061 0.885073 0.278336
255 255 255 255
0.781250 0.740234
0 0 0 0
1.000000 0.000000 0.000000 0.000000
-0.590821 -9.998795 -16.030499
0.360524 0.889475 0.280813
255 255 255 255
0.774902 0.697266
0 0 0 0
1.000000 0.000000 0.000000 0.000000
0.039979 -9.515212 -18.001501
-0.002746 0.951384 0.307996
255 255 255 255
0.758789 0.741211
0 0 0 0
1.000000 0.000000 0.000000 0.000000
0.038952 -10.116941 -16.059616
-0.002746 0.951384 0.307996
255 255 255 255
0.758789 0.696777
0 0 0 0
1.000000 0.000000 0.000000 0.000000
0.889645 -9.316454 -17.920511
-0.378261 0.883128 0.277495
255 255 255 255
0.736328 0.740234
0 0 0 0
1.000000 0.000000 0.000000 0.000000
0.668724 -9.998795 -16.030499
-0.365742 0.887601 0.279995
255 255 255 255
0.742676 0.697266
0 0 0 0
1.000000 0.000000 0.000000 0.000000
1.672894 -8.907284 -17.695919
-0.565862 0.786174 0.248455
255 255 255 255
0.713867 0.738281
0 0 0 0
1.000000 0.000000 0.000000 0.000000
1.491717 -9.589411 -15.861754
-0.563935 0.787142 0.249769
255 255 255 255
0.719238 0.696289
0 0 0 0
1.000000 0.000000 0.000000 0.000000
2.354396 -8.336349 -17.373499
-0.653479 0.714996 0.248485
255 255 255 255
0.691895 0.735352
0 0 0 0
1.000000 0.000000 0.000000 0.000000
2.239236 -9.101992 -15.607796
-0.655270 0.712838 0.249968
255 255 255 255
0.696777 0.694336
0 0 0 0
1.000000 0.000000 0.000000 0.000000
2.726951 -8.048100 -17.151186
-0.679586 0.685489 0.261282
255 255 255 255
0.679688 0.732910
0 0 0 0
1.000000 0.000000 0.000000 0.000000
2.709476 -8.727843 -15.404019
-0.682071 0.683016 0.261282
255 255 255 255
0.682129 0.692383
0 0 0 0
1.000000 0.000000 0.000000 0.000000
2.942180 -7.908912 -16.863173
-0.686067 0.675009 0.271434
255 255 255 255
0.672363 0.727539
0 0 0 0
1.000000 0.000000 0.000000 0.000000
2.917951 -8.486589 -15.544034
-0.689669 0.672626 0.268200
255 255 255 255
0.675293 0.696777
0 0 0 0
1.000000 0.000000 0.000000 0.000000
3.046088 -7.908286 -16.660507
-0.575766 0.749632 0.326411
255 255 255 255
0.669434 0.723633
0 0 0 0
1.000000 0.000000 0.000000 0.000000
3.021268 -8.314871 -15.784521
-0.575766 0.749632 0.326411
255 255 255 255
0.671875 0.702637
0 0 0 0
1.000000 0.000000 0.000000 0.000000
3.084380 -8.036009 -16.209940
-0.829522 0.515010 0.216004
255 255 255 255
0.668457 0.713379
0 0 0 0
1.000000 0.000000 0.000000 0.000000
-4.110681 -7.655909 -13.750984
0.574481 0.816476 0.057782
255 255 255 255
0.073364 0.997070
0 0 0 0
1.000000 0.000000 0.000000 0.000000
-3.765117 -7.858930 -14.329890
0.659493 0.740306 0.130449
255 255 255 255
0.056824 0.998047
0 0 0 0
1.000000 0.000000 0.000000 0.000000
-4.322073 -7.543477 -13.227446
0.658287 0.740902 0.133125
255 255 255 255
0.086243 0.993652
0 0 0 0
1.000000 0.000000 0.000000 0.000000
-3.559546 -8.006560 -14.478785
0.727133 0.657738 0.196618
255 255 255 255
0.050110 0.995117
0 0 0 0
1.000000 0.000000 0.000000 0.000000
-4.362218 -7.550077 -13.043046
0.731093 0.651990 0.201029
255 255 255 255
0.089966 0.991211
0 0 0 0
1.000000 0.000000 0.000000 0.000000
-3.477247 -8.133388 -14.413866
0.706891 0.685453 0.174526
255 255 255 255
0.049042 0.991211
0 0 0 0
1.000000 0.000000 0.000000 0.000000
-4.322521 -7.662451 -12.790680
0.705129 0.688419 0.169917
255 255 255 255
0.092834 0.985840
0 0 0 0
1.000000 0.000000 0.000000 0.000000
-3.075988 -8.674414 -13.834961
0.690231 0.707622 0.151173
255 255 255 255
0.049042 0.970215
0 0 0 0
1.000000 0.000000 0.000000 0.000000
-4.162150 -7.877126 -12.551753
0.690231 0.707622 0.151173
255 255 255 255
0.093018 0.977051
0 0 0 0
1.000000 0.000000 0.000000 0.000000
-2.609893 -9.262540 -13.141250
0.677332 0.723749 0.131940
255 255 255 255
0.049805 0.945312
0 0 0 0
1.000000 0.000000 0.000000 0.000000
-3.707591 -8.429546 -11.944581
0.685040 0.715140 0.138904
255 255 255 255
0.092651 0.954102
0 0 0 0
1.000000 0.000000 0.000000 0.000000
-1.941875 -9.977234 -12.263091
0.647090 0.756183 0.097265
255 255 255 255
0.049988 0.913574
0 0 0 0
1.000000 0.000000 0.000000 0.000000
-3.230656 -8.973099 -11.447336
0.660135 0.743090 0.109718
255 255 255 255
0.090271 0.933105
0 0 0 0
1.000000 0.000000 0.000000 0.000000
-1.852680 -10.062461 -12.072976
0.643946 0.762011 0.068362
255 255 255 255
0.051361 0.908691
0 0 0 0
1.000000 0.000000 0.000000 0.000000
-2.520970 -9.582220 -11.100133
0.633613 0.771482 0.057890
255 255 255 255
0.081543 0.910156
0 0 0 0
1.000000 0.000000 0.000000 0.000000
-1.894397 -10.072144 -11.833919
0.682990 0.722733 0.105743
255 255 255 255
0.056061 0.905273
0 0 0 0
1.000000 0.000000 0.000000 0.000000
-2.213675 -9.826734 -11.325139
0.682990 0.722733 0.105743
255 255 255 255
0.071350 0.905762
0 0 0 0
1.000000 0.000000 0.000000 0.000000
0.037145 -10.162189 -0.594185
-0.050923 0.469911 0.881244
255 255 255 255
1.620117 0.706055
0 0 0 0
1.000000 0.000000 0.000000 0.000000
-1.115600 -9.958790 -0.777405
-0.081145 0.479513 0.873775
255 255 255 255
1.639648 0.722168
0 0 0 0
1.000000 0.000000 0.000000 0.000000
0.037181 -9.616616 -0.896355
-0.053225 0.471088 0.880479
255 255 255 255
1.629883 0.699219
0 0 0 0
1.000000 0.000000 0.000000 0.000000
-2.083886 -9.743454 -1.012648
-0.141355 0.511016 0.847869
255 255 255 255
1.656250 0.735352
0 0 0 0
1.000000 0.000000 0.000000 0.000000
-1.036819 -9.487346 -1.015494
-0.083425 0.480680 0.872919
255 255 255 255
1.645508 0.715332
0 0 0 0
1.000000 0.000000 0.000000 0.000000
-3.134672 -9.309358 -1.489287
-0.185206 0.547204 0.816252
255 255 255 255
1.679688 0.746582
0 0 0 0
1.000000 0.000000 0.000000 0.000000
-1.964806 -9.283144 -1.276655
-0.146692 0.516567 0.843588
255 255 255 255
1.663086 0.728027
0 0 0 0
1.000000 0.000000 0.000000 0.000000
-3.763216 -9.013446 -1.878302
-0.273898 0.558559 0.782938
255 255 255 255
1.696289 0.752441
0 0 0 0
1.000000 0.000000 0.000000 0.000000
-2.965020 -8.931478 -1.710114
-0.193529 0.549778 0.812582
255 255 255 255
1.684570 0.739258
0 0 0 0
1.000000 0.000000 0.000000 0.000000
-4.466988 -8.566173 -2.529741
-0.377274 0.538801 0.753232
255 255 255 255
1.717773 0.757324
0 0 0 0
1.000000 0.000000 0.000000 0.000000
-3.566950 -8.601809 -2.122496
-0.292912 0.551543 0.781027
255 255 255 255
1.700195 0.744141
0 0 0 0
1.000000 0.000000 0.000000 0.000000
-4.893527 -8.239349 -3.046904
-0.511802 0.552738 0.657678
255 255 255 255
1.733398 0.759277
0 0 0 0
1.000000 0.000000 0.000000 0.000000
-4.252573 -8.229738 -2.635148
-0.393719 0.538724 0.744823
255 255 255 255
1.719727 0.750000
0 0 0 0
1.000000 0.000000 0.000000 0.000000
-5.170487 -8.091033 -3.489326
-0.668559 0.613166 0.420780
255 255 255 255
1.745117 0.761719
0 0 0 0
1.000000 0.000000 0.000000 0.000000
-4.678534 -7.906409 -3.166397
-0.528381 0.560759 0.637467
255 255 255 255
1.735352 0.752441
0 0 0 0
1.000000 0.000000 0.000000 0.000000
-5.311057 -8.059211 -3.988151
-0.795782 0.605535 -0.007587
255 255 255 255
1.755859 0.764160
0 0 0 0
1.000000 0.000000 0.000000 0.000000
-4.959177 -7.757455 -3.615609
-0.688789 0.618212 0.378660
255 255 255 255
1.747070 0.754883
0 0 0 0
1.000000 0.000000 0.000000 0.000000
-5.259800 -8.250189 -4.390898
-0.681573 0.402823 -0.610894
255 255 255 255
1.764648 0.766113
0 0 0 0
1.000000 0.000000 0.000000 0.000000
-5.093938 -7.800943 -4.121424
-0.801311 0.595545 -0.056804
255 255 255 255
1.756836 0.757812
0 0 0 0
1.000000 0.000000 0.000000 0.000000
-4.944902 -8.720357 -4.906502
-0.519989 0.298281 -0.800399
255 255 255 255
1.779297 0.769043
0 0 0 0
1.000000 0.000000 0.000000 0.000000
-4.676763 -8.402342 -4.950191
-0.526434 0.300889 -0.795194
255 255 255 255
1.780273 0.761230
0 0 0 0
1.000000 0.000000 0.000000 0.000000
-5.043283 -7.969048 -4.475795
-0.688554 0.405366 -0.601308
255 255 255 255
1.764648 0.759766
0 0 0 0
1.000000 0.000000 0.000000 0.000000
-4.606873 -8.991755 -5.123043
-0.192021 0.125462 -0.973338
255 255 255 255
1.790039 0.768066
0 0 0 0
1.000000 0.000000 0.000000 0.000000
-4.411055 -8.684604 -5.115061
-0.235936 0.153826 -0.959516
255 255 255 255
1.789062 0.761230
0 0 0 0
1.000000 0.000000 0.000000 0.000000
-4.315755 -9.190372 -5.087112
0.311474 -0.100306 -0.944946
255 255 255 255
1.796875 0.766113
0 0 0 0
1.000000 0.000000 0.000000 0.000000
-4.209995 -8.918619 -5.086345
0.259641 -0.083889 -0.962055
255 255 255 255
1.795898 0.761230
0 0 0 0
1.000000 0.000000 0.000000 0.000000
-4.024024 -9.388693 -4.918228
0.495449 -0.157739 -0.854195
255 255 255 255
1.804688 0.763184
0 0 0 0
1.000000 0.000000 0.000000 0.000000
-3.890326 -9.071505 -4.898450
0.488780 -0.154737 -0.858575
255 255 255 255
1.803711 0.757324
0 0 0 0
1.000000 0.000000 0.000000 0.000000
-3.801355 -9.518861 -4.744714
0.585270 -0.202570 -0.785127
255 255 255 255
1.811523 0.760254
0 0 0 0
1.000000 0.000000 0.000000 0.000000
-3.605667 -9.285825 -4.661163
0.595051 -0.208881 -0.776069
255 255 255 255
1.811523 0.753906
0 0 0 0
1.000000 0.000000 0.000000 0.000000
-3.041073 -9.904286 -4.032560
0.569697 -0.181612 -0.801537
255 255 255 255
1.832031 0.749023
0 0 0 0
1.000000 0.000000 0.000000 0.000000
-2.905568 -9.587651 -4.011649
0.565668 -0.179076 -0.804954
255 255 255 255
1.830078 0.743164
0 0 0 0
1.000000 0.000000 0.000000 0.000000
-2.241211 -10.207010 -3.479797
0.388813 -0.167711 -0.905923
255 255 255 255
1.850586 0.737305
0 0 0 0
1.000000 0.000000 0.000000 0.000000
-2.136701 -9.827206 -3.474554
0.391060 -0.168962 -0.904723
255 255 255 255
1.847656 0.731445
0 0 0 0
1.000000 0.000000 0.000000 0.000000
-0.902142 -10.535700 -2.941284
0.228458 -0.191059 -0.954622
255 255 255 255
1.875977 0.718750
0 0 0 0
1.000000 0.000000 0.000000 0.000000
-0.819512 -10.136353 -3.035155
0.233381 -0.187477 -0.954141
255 255 255 255
1.872070 0.712891
0 0 0 0
1.000000 0.000000 0.000000 0.000000
0.037405 -10.662195 -2.807410
0.128143 -0.207168 -0.969877
255 255 255 255
1.891602 0.704590
0 0 0 0
1.000000 0.000000 0.000000 0.000000
0.037417 -10.193750 -2.890571
0.127490 -0.207570 -0.969877
255 255 255 255
1.884766 0.699219
0 0 0 0
1.000000 0.000000 0.000000 0.000000
-8.349626 -4.682696 -5.387735
-0.298769 0.040464 0.953467
255 255 255 255
1.180664 0.983398
0 0 0 0
1.000000 0.000000 0.000000 0.000000
-8.744048 -3.285747 -5.578888
-0.298909 0.039422 0.953467
255 255 255 255
1.144531 0.983398
0 0 0 0
1.000000 0.000000 0.000000 0.000000
-8.256298 -4.428230 -5.381110
-0.235851 0.057898 0.970063
255 255 255 255
1.175781 0.988281
0 0 0 0
1.000000 0.000000 0.000000 0.000000
-8.553024 -3.418122 -5.501607
-0.232274 0.057624 0.970942
255 255 255 255
1.148438 0.988281
0 0 0 0
1.000000 0.000000 0.000000 0.000000
-8.104441 -4.373242 -5.368630
-0.111369 0.088237 0.989854
255 255 255 255
1.175781 0.992676
0 0 0 0
1.000000 0.000000 0.000000 0.000000
-8.401414 -3.363134 -5.489103
-0.113018 0.086027 0.989862
255 255 255 255
1.148438 0.992676
0 0 0 0
1.000000 0.000000 0.000000 0.000000
-8.070280 -3.802036 -5.414089
-0.111369 0.088237 0.989854
255 255 255 255
1.162109 0.998047
0 0 0 0
1.000000 0.000000 0.000000 0.000000
-7.783543 -4.771951 -5.297973
-0.111369 0.088237 0.989854
255 255 255 255
1.188477 0.998047
0 0 0 0
1.000000 0.000000 0.000000 0.000000
-7.967412 -4.838439 -5.313111
-0.113018 0.086027 0.989862
255 255 255 255
1.188477 0.992676
0 0 0 0
1.000000 0.000000 0.000000 0.000000
-8.537922 -2.897948 -5.544552
-0.113018 0.086027 0.989862
255 255 255 255
1.135742 0.992676
0 0 0 0
1.000000 0.000000 0.000000 0.000000
-8.354656 -2.831436 -5.529415
-0.113018 0.086027 0.989862
255 255 255 255
1.135742 0.998047
0 0 0 0
1.000000 0.000000 0.000000 0.000000
-7.326032 -5.181038 -11.191725
0.214038 -0.059206 -0.975030
255 255 255 255
1.288086 0.903320
0 0 0 0
1.000000 0.000000 0.000000 0.000000
-7.210175 -4.920810 -11.181712
0.183324 -0.067891 -0.980706
255 255 255 255
1.284180 0.907715
0 0 0 0
1.000000 0.000000 0.000000 0.000000
-7.721612 -3.763684 -11.361826
0.210665 -0.059034 -0.975774
255 255 255 255
1.288086 0.939941
0 0 0 0
1.000000 0.000000 0.000000 0.000000
-7.067385 -4.865833 -11.169196
0.119638 -0.085931 -0.989092
255 255 255 255
1.279297 0.907715
0 0 0 0
1.000000 0.000000 0.000000 0.000000
-7.491552 -3.910701 -11.302197
0.183002 -0.067927 -0.980763
255 255 255 255
1.284180 0.935547
0 0 0 0
1.000000 0.000000 0.000000 0.000000
-6.937525 -5.331030 -11.113723
0.114223 -0.086944 -0.989643
255 255 255 255
1.279297 0.895020
0 0 0 0
1.000000 0.000000 0.000000 0.000000
-6.764685 -5.264530 -11.098598
0.119638 -0.085931 -0.989092
255 255 255 255
1.274414 0.895020
0 0 0 0
1.000000 0.000000 0.000000 0.000000
-7.036496 -4.294556 -11.214017
0.119638 -0.085931 -0.989092
255 255 255 255
1.274414 0.921875
0 0 0 0
1.000000 0.000000 0.000000 0.000000
-7.348939 -3.855713 -11.289658
0.119638 -0.085931 -0.989092
255 255 255 255
1.279297 0.935547
0 0 0 0
1.000000 0.000000 0.000000 0.000000
-7.306018 -3.324027 -11.330015
0.119638 -0.085931 -0.989092
255 255 255 255
1.274414 0.948242
0 0 0 0
1.000000 0.000000 0.000000 0.000000
-7.478422 -3.390527 -11.345165
0.119638 -0.085931 -0.989092
255 255 255 255
1.279297 0.948242
0 0 0 0
1.000000 0.000000 0.000000 0.000000
7.403038 -5.181038 -11.191725
-0.216946 -0.054394 -0.974667
255 255 255 255
0.288330 0.903320
0 0 0 0
1.000000 0.000000 0.000000 0.000000
7.798654 -3.763684 -11.361826
-0.216990 -0.054528 -0.974650
255 255 255 255
0.288330 0.939941
0 0 0 0
1.000000 0.000000 0.000000 0.000000
7.287181 -4.920810 -11.181712
-0.188264 -0.059723 -0.980301
255 255 255 255
0.283936 0.907715
0 0 0 0
1.000000 0.000000 0.000000 0.000000
7.568581 -3.910701 -11.302209
-0.186430 -0.063429 -0.980419
255 255 255 255
0.283936 0.935547
0 0 0 0
1.000000 0.000000 0.000000 0.000000
7.144391 -4.865833 -11.169196
-0.120173 -0.081737 -0.989382
255 255 255 255
0.279297 0.907715
0 0 0 0
1.000000 0.000000 0.000000 0.000000
7.425968 -3.855713 -11.289669
-0.120173 -0.081737 -0.989382
255 255 255 255
0.279297 0.935547
0 0 0 0
1.000000 0.000000 0.000000 0.000000
7.113503 -4.294556 -11.214017
-0.122877 -0.081231 -0.989092
255 255 255 255
0.273926 0.921875
0 0 0 0
1.000000 0.000000 0.000000 0.000000
6.841668 -5.264530 -11.098598
-0.120173 -0.081737 -0.989382
255 255 255 255
0.273926 0.895020
0 0 0 0
1.000000 0.000000 0.000000 0.000000
7.014519 -5.331030 -11.113723
-0.120173 -0.081737 -0.989382
255 255 255 255
0.279297 0.895020
0 0 0 0
1.000000 0.000000 0.000000 0.000000
7.555463 -3.390527 -11.345165
-0.120173 -0.081737 -0.989382
255 255 255 255
0.279297 0.948242
0 0 0 0
1.000000 0.000000 0.000000 0.000000
7.383060 -3.324027 -11.330015
-0.120173 -0.081737 -0.989382
255 255 255 255
0.273926 0.948242
0 0 0 0
1.000000 0.000000 0.000000 0.000000
1.894760 -10.148964 -8.922555
0.391341 0.148282 0.908220
255 255 255 255
0.862793 0.642578
0 0 0 0
1.000000 0.000000 0.000000 0.000000
1.808860 -9.835023 -8.910028
0.393104 0.149510 0.907257
255 255 255 255
0.862305 0.649414
0 0 0 0
1.000000 0.000000 0.000000 0.000000
2.271306 -10.005926 -9.082230
0.190698 0.220900 0.956472
255 255 255 255
0.853516 0.642578
0 0 0 0
1.000000 0.000000 0.000000 0.000000
2.137714 -9.692032 -9.103389
0.180218 0.225414 0.957450
255 255 255 255
0.853516 0.649414
0 0 0 0
1.000000 0.000000 0.000000 0.000000
2.893450 -9.650941 -9.160467
-0.095291 0.213870 0.972203
255 255 255 255
0.838379 0.642578
0 0 0 0
1.000000 0.000000 0.000000 0.000000
2.727529 -9.390630 -9.279571
-0.097926 0.213095 0.972112
255 255 255 255
0.838867 0.649414
0 0 0 0
1.000000 0.000000 0.000000 0.000000
3.244374 -9.399166 -9.105267
-0.335987 0.082230 0.938270
255 255 255 255
0.828613 0.642578
0 0 0 0
1.000000 0.000000 0.000000 0.000000
3.124301 -9.078684 -9.162710
-0.340411 0.070423 0.937635
255 255 255 255
0.827637 0.649414
0 0 0 0
1.000000 0.000000 0.000000 0.000000
3.690856 -9.116550 -8.946029
-0.432561 -0.030518 0.901088
255 255 255 255
0.815918 0.642578
0 0 0 0
1.000000 0.000000 0.000000 0.000000
3.539234 -8.801192 -9.015410
-0.429993 -0.031104 0.902296
255 255 255 255
0.816406 0.649414
0 0 0 0
1.000000 0.000000 0.000000 0.000000
3.941827 -8.602599 -8.745807
-0.514441 -0.142845 0.845545
255 255 255 255
0.805664 0.649414
0 0 0 0
1.000000 0.000000 0.000000 0.000000
4.099424 -8.919540 -8.701929
-0.515191 -0.151156 0.843641
255 255 255 255
0.804688 0.642578
0 0 0 0
1.000000 0.000000 0.000000 0.000000
4.346369 -8.443763 -8.432348
-0.552432 -0.290124 0.781440
255 255 255 255
0.794434 0.649414
0 0 0 0
1.000000 0.000000 0.000000 0.000000
4.518548 -8.754210 -8.417624
-0.559064 -0.310956 0.768604
255 255 255 255
0.792969 0.642578
0 0 0 0
1.000000 0.000000 0.000000 0.000000
4.568884 -8.386012 -8.132812
-0.599174 -0.515073 0.612936
255 255 255 255
0.786133 0.649414
0 0 0 0
1.000000 0.000000 0.000000 0.000000
4.792616 -8.619898 -8.159675
-0.602622 -0.538931 0.588558
255 255 255 255
0.784180 0.642578
0 0 0 0
1.000000 0.000000 0.000000 0.000000
4.709184 -8.360377 -7.910639
-0.649149 -0.676609 0.347571
255 255 255 255
0.780273 0.649414
0 0 0 0
1.000000 0.000000 0.000000 0.000000
4.919477 -8.582833 -7.947810
-0.657319 -0.680202 0.324431
255 255 255 255
0.779297 0.642578
0 0 0 0
1.000000 0.000000 0.000000 0.000000
4.803633 -8.377511 -7.642983
-0.682117 -0.724960 0.095652
255 255 255 255
0.773438 0.649414
0 0 0 0
1.000000 0.000000 0.000000 0.000000
4.998908 -8.567188 -7.640374
-0.680717 -0.729977 0.061306
255 255 255 255
0.771973 0.642578
0 0 0 0
1.000000 0.000000 0.000000 0.000000
4.832397 -8.434447 -7.334686
-0.669648 -0.739705 -0.066384
255 255 255 255
0.765625 0.649414
0 0 0 0
1.000000 0.000000 0.000000 0.000000
5.051393 -8.620074 -7.269354
-0.674482 -0.733949 -0.079953
255 255 255 255
0.762695 0.642578
0 0 0 0
1.000000 0.000000 0.000000 0.000000
4.887869 -8.518458 -6.880612
-0.703434 -0.642346 -0.304257
255 255 255 255
0.754395 0.649414
0 0 0 0
1.000000 0.000000 0.000000 0.000000
5.089696 -8.732956 -6.887294
-0.703812 -0.609827 -0.364362
255 255 255 255
0.753418 0.642578
0 0 0 0
1.000000 0.000000 0.000000 0.000000
4.802157 -8.717276 -6.525756
-0.620551 -0.471358 -0.626688
255 255 255 255
0.744629 0.649414
0 0 0 0
1.000000 0.000000 0.000000 0.000000
4.956117 -9.016068 -6.481643
-0.558597 -0.435222 -0.706082
255 255 255 255
0.741699 0.642578
0 0 0 0
1.000000 0.000000 0.000000 0.000000
4.582167 -8.999218 -6.268242
-0.349773 -0.360430 -0.864725
255 255 255 255
0.733398 0.649414
0 0 0 0
1.000000 0.000000 0.000000 0.000000
4.737097 -9.271821 -6.220611
-0.302723 -0.348162 -0.887210
255 255 255 255
0.731934 0.642578
0 0 0 0
1.000000 0.000000 0.000000 0.000000
4.216166 -9.280169 -6.103207
-0.132001 -0.307732 -0.942272
255 255 255 255
0.721680 0.649414
0 0 0 0
1.000000 0.000000 0.000000 0.000000
4.360597 -9.587605 -6.009561
-0.106503 -0.303729 -0.946787
255 255 255 255
0.720215 0.642578
0 0 0 0
1.000000 0.000000 0.000000 0.000000
3.794822 -9.553398 -5.997611
0.001609 -0.257879 -0.966176
255 255 255 255
0.709473 0.649414
0 0 0 0
1.000000 0.000000 0.000000 0.000000
3.942524 -9.849924 -5.923317
0.005795 -0.256526 -0.966520
255 255 255 255
0.709473 0.642578
0 0 0 0
1.000000 0.000000 0.000000 0.000000
3.268107 -9.795030 -5.967761
0.092173 -0.219890 -0.971160
255 255 255 255
0.695801 0.649414
0 0 0 0
1.000000 0.000000 0.000000 0.000000
3.412916 -10.099207 -5.879759
0.087730 -0.220593 -0.971413
255 255 255 255
0.696289 0.642578
0 0 0 0
1.000000 0.000000 0.000000 0.000000
2.755856 -9.971542 -6.002121
0.216466 -0.171382 -0.961130
255 255 255 255
0.683105 0.649414
0 0 0 0
1.000000 0.000000 0.000000 0.000000
2.888479 -10.299370 -5.914497
0.208187 -0.176347 -0.962060
255 255 255 255
0.684082 0.642578
0 0 0 0
1.000000 0.000000 0.000000 0.000000
2.245790 -10.099514 -6.138040
0.442643 -0.093118 -0.891850
255 255 255 255
0.671387 0.649414
0 0 0 0
1.000000 0.000000 0.000000 0.000000
2.366357 -10.456093 -6.042007
0.405143 -0.103933 -0.908327
255 255 255 255
0.672852 0.642578
0 0 0 0
1.000000 0.000000 0.000000 0.000000
1.901939 -10.131536 -6.386450
0.693741 0.037933 -0.719225
255 255 255 255
0.662109 0.649414
0 0 0 0
1.000000 0.000000 0.000000 0.000000
2.018540 -10.530540 -6.278574
0.647446 0.008369 -0.762066
255 255 255 255
0.665039 0.642578
0 0 0 0
1.000000 0.000000 0.000000 0.000000
1.672529 -10.104508 -6.639936
0.881092 0.124311 -0.456315
255 255 255 255
0.654785 0.649414
0 0 0 0
1.000000 0.000000 0.000000 0.000000
1.762951 -10.483073 -6.604749
0.850037 0.113120 -0.514433
255 255 255 255
0.657227 0.642578
0 0 0 0
1.000000 0.000000 0.000000 0.000000
1.498199 -10.020792 -7.113092
0.956563 0.153477 -0.247855
255 255 255 255
0.644531 0.649414
0 0 0 0
1.000000 0.000000 0.000000 0.000000
1.561476 -10.402462 -7.043380
0.945707 0.145596 -0.290586
255 255 255 255
0.647461 0.642578
0 0 0 0
1.000000 0.000000 0.000000 0.000000
1.387278 -9.965687 -7.611753
0.970600 0.236657 -0.043925
255 255 255 255
0.634277 0.649414
0 0 0 0
1.000000 0.000000 0.000000 0.000000
1.464335 -10.307776 -7.554356
0.973735 0.211272 -0.084875
255 255 255 255
0.636230 0.642578
0 0 0 0
1.000000 0.000000 0.000000 0.000000
1.389699 -9.948647 -8.157679
0.932098 0.303041 0.198392
255 255 255 255
0.622559 0.649414
0 0 0 0
1.000000 0.000000 0.000000 0.000000
1.499084 -10.245468 -8.129529
0.935557 0.304406 0.179082
255 255 255 255
0.623047 0.642578
0 0 0 0
1.000000 0.000000 0.000000 0.000000
1.567663 -9.903341 -8.622983
0.833976 0.271277 0.480513
255 255 255 255
0.610840 0.649414
0 0 0 0
1.000000 0.000000 0.000000 0.000000
1.657344 -10.202641 -8.616205
0.833890 0.273224 0.479558
255 255 255 255
0.610840 0.642578
0 0 0 0
1.000000 0.000000 0.000000 0.000000
1.808860 -9.835023 -8.910028
0.739442 0.206709 0.640700
255 255 255 255
0.602051 0.649414
0 0 0 0
1.000000 0.000000 0.000000 0.000000
1.894760 -10.148964 -8.922555
0.740558 0.204816 0.640020
255 255 255 255
0.601562 0.642578
0 0 0 0
1.000000 0.000000 0.000000 0.000000
6.199969 -7.871918 -4.681803
0.370150 0.297284 0.880120
255 255 255 255
0.990234 0.852051
0 0 0 0
1.000000 0.000000 0.000000 0.000000
5.954795 -7.627418 -4.645459
0.368376 0.296157 0.881244
255 255 255 255
0.997559 0.853027
0 0 0 0
1.000000 0.000000 0.000000 0.000000
6.284323 -7.760690 -4.739802
0.016345 0.114786 0.993256
255 255 255 255
0.990234 0.854980
0 0 0 0
1.000000 0.000000 0.000000 0.000000
6.031816 -7.527808 -4.726943
0.006443 0.108657 0.994058
255 255 255 255
0.997559 0.856445
0 0 0 0
1.000000 0.000000 0.000000 0.000000
7.164594 -6.114091 -4.844217
-0.047765 0.069198 0.996459
255 255 255 255
0.990234 0.895020
0 0 0 0
1.000000 0.000000 0.000000 0.000000
6.880373 -5.931203 -4.907128
-0.054663 0.062685 0.996535
255 255 255 255
0.997559 0.895996
0 0 0 0
1.000000 0.000000 0.000000 0.000000
7.219913 -5.933493 -4.772332
-0.441073 -0.559440 0.701770
255 255 255 255
0.990234 0.898926
0 0 0 0
1.000000 0.000000 0.000000 0.000000
6.942811 -5.776875 -4.844489
-0.445259 -0.582168 0.680313
255 255 255 255
0.997559 0.898926
0 0 0 0
1.000000 0.000000 0.000000 0.000000
6.925655 -5.731747 -4.674022
-0.351221 -0.935566 -0.036877
255 255 255 255
0.997559 0.902832
0 0 0 0
1.000000 0.000000 0.000000 0.000000
7.218189 -5.821474 -4.589810
-0.350284 -0.935629 -0.043579
255 255 255 255
0.990234 0.902832
0 0 0 0
1.000000 0.000000 0.000000 0.000000
6.691675 -5.755149 -3.382113
-0.333503 -0.929971 -0.154689
255 255 255 255
0.997559 0.931641
0 0 0 0
1.000000 0.000000 0.000000 0.000000
7.018156 -5.900561 -3.303840
-0.337287 -0.926189 -0.168555
255 255 255 255
0.990234 0.931152
0 0 0 0
1.000000 0.000000 0.000000 0.000000
6.620664 -5.833211 -3.139606
-0.085140 -0.627831 -0.773679
255 255 255 255
0.997559 0.936523
0 0 0 0
1.000000 0.000000 0.000000 0.000000
6.948491 -6.027517 -3.063317
-0.042727 -0.577295 -0.815417
255 255 255 255
0.990234 0.936523
0 0 0 0
1.000000 0.000000 0.000000 0.000000
6.524904 -6.044225 -3.173753
0.501464 0.120733 -0.856713
255 255 255 255
0.997559 0.940430
0 0 0 0
1.000000 0.000000 0.000000 0.000000
6.837995 -6.219109 -3.014279
0.498463 0.119598 -0.858621
255 255 255 255
0.990234 0.939941
0 0 0 0
1.000000 0.000000 0.000000 0.000000
5.823766 -7.502458 -3.894694
0.540406 0.173847 -0.823249
255 255 255 255
0.997559 0.978027
0 0 0 0
1.000000 0.000000 0.000000 0.000000
6.036115 -7.777091 -3.805782
0.556474 0.185709 -0.809845
255 255 255 255
0.990234 0.979492
0 0 0 0
1.000000 0.000000 0.000000 0.000000
5.815926 -7.608631 -4.024106
0.806535 0.487903 -0.333844
255 255 255 255
0.997559 0.981934
0 0 0 0
1.000000 0.000000 0.000000 0.000000
6.016183 -7.863216 -3.919643
0.807491 0.493404 -0.323281
255 255 255 255
0.990234 0.982910
0 0 0 0
1.000000 0.000000 0.000000 0.000000
5.830874 -7.648010 -4.147566
0.779817 0.618540 0.096405
255 255 255 255
0.997559 0.984863
0 0 0 0
1.000000 0.000000 0.000000 0.000000
6.006241 -7.909832 -4.041014
0.784636 0.614621 0.081164
255 255 255 255
0.990234 0.984863
0 0 0 0
1.000000 0.000000 0.000000 0.000000
5.905794 -7.658082 -4.549357
0.742038 0.627835 0.234955
255 255 255 255
0.997559 0.994141
0 0 0 0
1.000000 0.000000 0.000000 0.000000
6.138759 -7.914237 -4.552025
0.734941 0.628159 0.255495
255 255 255 255
0.990234 0.995117
0 0 0 0
1.000000 0.000000 0.000000 0.000000
5.954795 -7.627418 -4.645459
0.642465 0.577531 0.503683
255 255 255 255
0.997559 0.997070
0 0 0 0
1.000000 0.000000 0.000000 0.000000
6.199969 -7.871918 -4.681803
0.642124 0.579384 0.501986
255 255 255 255
0.990234 0.997559
0 0 0 0
1.000000 0.000000 0.000000 0.000000
1.971533 -10.072144 -11.833919
-0.683101 0.723374 0.100514
255 255 255 255
0.008995 0.998047
0 0 0 0
1.000000 0.000000 0.000000 0.000000
1.929876 -10.062461 -12.072976
-0.644975 0.761823 0.060275
255 255 255 255
0.004307 0.995117
0 0 0 0
1.000000 0.000000 0.000000 0.000000
2.290706 -9.826734 -11.325139
-0.683101 0.723374 0.100514
255 255 255 255
0.024307 0.997559
0 0 0 0
1.000000 0.000000 0.000000 0.000000
2.019106 -9.977234 -12.263091
-0.647157 0.756785 0.092006
255 255 255 255
0.002920 0.989746
0 0 0 0
1.000000 0.000000 0.000000 0.000000
2.597952 -9.582220 -11.100133
-0.633531 0.771933 0.052515
255 255 255 255
0.034485 0.993652
0 0 0 0
1.000000 0.000000 0.000000 0.000000
2.687313 -9.262540 -13.141250
-0.677534 0.724481 0.126788
255 255 255 255
0.002745 0.958008
0 0 0 0
1.000000 0.000000 0.000000 0.000000
3.307721 -8.973099 -11.447336
-0.660249 0.743741 0.104497
255 255 255 255
0.043213 0.970215
0 0 0 0
1.000000 0.000000 0.000000 0.000000
3.153561 -8.674414 -13.834961
-0.690501 0.708426 0.146082
255 255 255 255
0.001991 0.933594
0 0 0 0
1.000000 0.000000 0.000000 0.000000
3.784762 -8.429546 -11.944581
-0.685265 0.715903 0.133775
255 255 255 255
0.045624 0.949219
0 0 0 0
1.000000 0.000000 0.000000 0.000000
3.554938 -8.133388 -14.413866
-0.707250 0.686340 0.169512
255 255 255 255
0.001991 0.912109
0 0 0 0
1.000000 0.000000 0.000000 0.000000
4.399869 -7.662451 -12.790680
-0.705476 0.689287 0.164887
255 255 255 255
0.045776 0.917969
0 0 0 0
1.000000 0.000000 0.000000 0.000000
4.239439 -7.877126 -12.551753
-0.690501 0.708426 0.146082
255 255 255 255
0.045929 0.926270
0 0 0 0
1.000000 0.000000 0.000000 0.000000
3.637249 -8.006560 -14.478785
-0.727581 0.658700 0.191680
255 255 255 255
0.003044 0.908203
0 0 0 0
1.000000 0.000000 0.000000 0.000000
4.439625 -7.550077 -13.043046
-0.732823 0.652362 0.193377
255 255 255 255
0.042877 0.912109
0 0 0 0
1.000000 0.000000 0.000000 0.000000
3.842797 -7.858930 -14.329890
-0.659681 0.741029 0.125289
255 255 255 255
0.009758 0.905273
0 0 0 0
1.000000 0.000000 0.000000 0.000000
4.399503 -7.543477 -13.227446
-0.658487 0.741632 0.127973
255 255 255 255
0.039215 0.909668
0 0 0 0
1.000000 0.000000 0.000000 0.000000
4.188229 -7.655909 -13.750984
-0.574384 0.816906 0.052409
255 255 255 255
0.026306 0.906250
0 0 0 0
1.000000 0.000000 0.000000 0.000000
5.118484 -7.969048 -4.475795
-0.549388 0.782224 -0.293764
255 255 255 255
0.583496 0.824707
0 0 0 0
1.000000 0.000000 0.000000 0.000000
5.169056 -7.800943 -4.121424
-0.635191 0.738581 -0.225899
255 255 255 255
0.582031 0.816406
0 0 0 0
1.000000 0.000000 0.000000 0.000000
4.752081 -8.402342 -4.950191
-0.635191 0.738581 -0.225899
255 255 255 255
0.593262 0.836914
0 0 0 0
1.000000 0.000000 0.000000 0.000000
5.034165 -7.757455 -3.615609
-0.702022 0.688671 -0.181374
255 255 255 255
0.585938 0.806152
0 0 0 0
1.000000 0.000000 0.000000 0.000000
4.486419 -8.684604 -5.115061
-0.705407 0.685283 -0.181077
255 255 255 255
0.600586 0.841797
0 0 0 0
1.000000 0.000000 0.000000 0.000000
4.753427 -7.906409 -3.166397
-0.670890 0.716329 -0.191779
255 255 255 255
0.594727 0.797852
0 0 0 0
1.000000 0.000000 0.000000 0.000000
4.285347 -8.918619 -5.086345
-0.677003 0.712238 -0.185428
255 255 255 255
0.606934 0.842773
0 0 0 0
1.000000 0.000000 0.000000 0.000000
4.327335 -8.229738 -2.635148
-0.621008 0.756039 -0.206770
255 255 255 255
0.608398 0.789062
0 0 0 0
1.000000 0.000000 0.000000 0.000000
3.965608 -9.071505 -4.898450
-0.661134 0.726965 -0.185538
255 255 255 255
0.615723 0.839844
0 0 0 0
1.000000 0.000000 0.000000 0.000000
3.641594 -8.601809 -2.122496
-0.580933 0.784497 -0.216983
255 255 255 255
0.626953 0.781250
0 0 0 0
1.000000 0.000000 0.000000 0.000000
3.680902 -9.285825 -4.661163
-0.608010 0.768363 -0.199855
255 255 255 255
0.624023 0.835938
0 0 0 0
1.000000 0.000000 0.000000 0.000000
3.039582 -8.931478 -1.710114
-0.476510 0.846853 -0.236175
255 255 255 255
0.643066 0.774414
0 0 0 0
1.000000 0.000000 0.000000 0.000000
2.980662 -9.587651 -4.011649
-0.520681 0.823144 -0.226550
255 255 255 255
0.643066 0.824707
0 0 0 0
1.000000 0.000000 0.000000 0.000000
2.039262 -9.283144 -1.276655
-0.341920 0.904227 -0.255859
255 255 255 255
0.666992 0.768066
0 0 0 0
1.000000 0.000000 0.000000 0.000000
2.211665 -9.827206 -3.474554
-0.373952 0.893748 -0.247740
255 255 255 255
0.662109 0.815430
0 0 0 0
1.000000 0.000000 0.000000 0.000000
1.111215 -9.487346 -1.015494
-0.182105 0.942308 -0.280881
255 255 255 255
0.687988 0.764160
0 0 0 0
1.000000 0.000000 0.000000 0.000000
0.894368 -10.136353 -3.035155
-0.203378 0.940644 -0.271710
255 255 255 255
0.692383 0.808594
0 0 0 0
1.000000 0.000000 0.000000 0.000000
0.037181 -9.616616 -0.896355
-0.003046 0.957523 -0.288340
255 255 255 255
0.711426 0.762207
0 0 0 0
1.000000 0.000000 0.000000 0.000000
0.037417 -10.193750 -2.890571
-0.003046 0.957523 -0.288340
255 255 255 255
0.711426 0.805664
0 0 0 0
1.000000 0.000000 0.000000 0.000000
-1.036819 -9.487346 -1.015494
0.176089 0.943213 -0.281677
255 255 255 255
0.734375 0.764160
0 0 0 0
1.000000 0.000000 0.000000 0.000000
-0.819512 -10.136353 -3.035155
0.197386 0.941663 -0.272599
255 255 255 255
0.729980 0.808594
0 0 0 0
1.000000 0.000000 0.000000 0.000000
-1.964806 -9.283144 -1.276655
0.336113 0.905968 -0.257391
255 255 255 255
0.755371 0.768066
0 0 0 0
1.000000 0.000000 0.000000 0.000000
-2.136701 -9.827206 -3.474554
0.368205 0.895663 -0.249425
255 255 255 255
0.760742 0.815430
0 0 0 0
1.000000 0.000000 0.000000 0.000000
-2.965020 -8.931478 -1.710114
0.470991 0.849327 -0.238350
255 255 255 255
0.779297 0.774414
0 0 0 0
1.000000 0.000000 0.000000 0.000000
-2.905568 -9.587651 -4.011649
0.515286 0.825874 -0.228939
255 255 255 255
0.779297 0.824707
0 0 0 0
1.000000 0.000000 0.000000 0.000000
-3.566950 -8.601809 -2.122496
0.575732 0.787575 -0.219679
255 255 255 255
0.795410 0.781250
0 0 0 0
1.000000 0.000000 0.000000 0.000000
-3.605667 -9.285825 -4.661163
0.602922 0.771619 -0.202704
255 255 255 255
0.798340 0.835938
0 0 0 0
1.000000 0.000000 0.000000 0.000000
-4.252573 -8.229738 -2.635148
0.615960 0.759360 -0.209680
255 255 255 255
0.813965 0.789062
0 0 0 0
1.000000 0.000000 0.000000 0.000000
-3.890326 -9.071505 -4.898450
0.656267 0.730561 -0.188663
255 255 255 255
0.807129 0.839844
0 0 0 0
1.000000 0.000000 0.000000 0.000000
-4.678534 -7.906409 -3.166397
0.666061 0.719967 -0.194965
255 255 255 255
0.827637 0.797852
0 0 0 0
1.000000 0.000000 0.000000 0.000000
-4.209995 -8.918619 -5.086345
0.672207 0.715927 -0.188645
255 255 255 255
0.815430 0.842773
0 0 0 0
1.000000 0.000000 0.000000 0.000000
-4.959177 -7.757455 -3.615609
0.697349 0.692512 -0.184744
255 255 255 255
0.836426 0.806152
0 0 0 0
1.000000 0.000000 0.000000 0.000000
-4.411055 -8.684604 -5.115061
0.700754 0.689139 -0.184478
255 255 255 255
0.821777 0.841797
0 0 0 0
1.000000 0.000000 0.000000 0.000000
-5.093938 -7.800943 -4.121424
0.630176 0.741954 -0.228871
255 255 255 255
0.840332 0.816406
0 0 0 0
1.000000 0.000000 0.000000 0.000000
-4.676763 -8.402342 -4.950191
0.630185 0.742897 -0.225768
255 255 255 255
0.829590 0.836914
0 0 0 0
1.000000 0.000000 0.000000 0.000000
-5.043283 -7.969048 -4.475795
0.544013 0.785052 -0.296215
255 255 255 255
0.838867 0.824707
0 0 0 0
1.000000 0.000000 0.000000 0.000000
-1.818308 -10.148964 -8.922555
-0.393350 0.151403 0.906837
255 255 255 255
1.862305 0.642578
0 0 0 0
1.000000 0.000000 0.000000 0.000000
-2.194830 -10.005926 -9.082230
-0.192655 0.224140 0.955325
255 255 255 255
1.853516 0.642578
0 0 0 0
1.000000 0.000000 0.000000 0.000000
-1.732419 -9.835023 -8.910028
-0.395084 0.152649 0.905874
255 255 255 255
1.862305 0.649414
0 0 0 0
1.000000 0.000000 0.000000 0.000000
-2.816940 -9.650941 -9.160467
0.093420 0.217239 0.971638
255 255 255 255
1.837891 0.642578
0 0 0 0
1.000000 0.000000 0.000000 0.000000
-2.061215 -9.692032 -9.103389
-0.182160 0.228665 0.956311
255 255 255 255
1.853516 0.649414
0 0 0 0
1.000000 0.000000 0.000000 0.000000
-3.167875 -9.399166 -9.105267
0.334192 0.085637 0.938607
255 255 255 255
1.828125 0.642578
0 0 0 0
1.000000 0.000000 0.000000 0.000000
-2.650984 -9.390630 -9.279571
0.096055 0.216465 0.971554
255 255 255 255
1.838867 0.649414
0 0 0 0
1.000000 0.000000 0.000000 0.000000
-3.614405 -9.116550 -8.946029
0.430704 -0.027233 0.902082
255 255 255 255
1.816406 0.642578
0 0 0 0
1.000000 0.000000 0.000000 0.000000
-3.047780 -9.078684 -9.162710
0.338612 0.073825 0.938026
255 255 255 255
1.827148 0.649414
0 0 0 0
1.000000 0.000000 0.000000 0.000000
-4.023044 -8.919540 -8.701929
0.513358 -0.148050 0.845308
255 255 255 255
1.804688 0.642578
0 0 0 0
1.000000 0.000000 0.000000 0.000000
-3.865436 -8.602599 -8.745807
0.510217 -0.139225 0.848702
255 255 255 255
1.805664 0.649414
0 0 0 0
1.000000 0.000000 0.000000 0.000000
-3.462759 -8.801192 -9.015410
0.428144 -0.027813 0.903282
255 255 255 255
1.816406 0.649414
0 0 0 0
1.000000 0.000000 0.000000 0.000000
-4.442251 -8.754210 -8.417624
0.557445 -0.308021 0.770959
255 255 255 255
1.792969 0.642578
0 0 0 0
1.000000 0.000000 0.000000 0.000000
-4.270060 -8.443763 -8.432348
0.550731 -0.287198 0.783717
255 255 255 255
1.793945 0.649414
0 0 0 0
1.000000 0.000000 0.000000 0.000000
-4.716389 -8.619898 -8.159675
0.601615 -0.536350 0.591937
255 255 255 255
1.784180 0.642578
0 0 0 0
1.000000 0.000000 0.000000 0.000000
-4.492670 -8.386012 -8.132812
0.599673 -0.510569 0.616208
255 255 255 255
1.786133 0.649414
0 0 0 0
1.000000 0.000000 0.000000 0.000000
-4.843309 -8.582833 -7.947810
0.657188 -0.678224 0.328812
255 255 255 255
1.779297 0.642578
0 0 0 0
1.000000 0.000000 0.000000 0.000000
-4.633027 -8.360377 -7.910639
0.648857 -0.674646 0.351905
255 255 255 255
1.780273 0.649414
0 0 0 0
1.000000 0.000000 0.000000 0.000000
-4.922833 -8.567188 -7.640374
0.681673 -0.728635 0.066436
255 255 255 255
1.771484 0.642578
0 0 0 0
1.000000 0.000000 0.000000 0.000000
-4.727559 -8.377511 -7.642983
0.682875 -0.723561 0.100705
255 255 255 255
1.773438 0.649414
0 0 0 0
1.000000 0.000000 0.000000 0.000000
-4.975413 -8.620074 -7.269354
0.675972 -0.733161 -0.074411
255 255 255 255
1.762695 0.642578
0 0 0 0
1.000000 0.000000 0.000000 0.000000
-4.756405 -8.434447 -7.334686
0.671129 -0.738836 -0.060888
255 255 255 255
1.765625 0.649414
0 0 0 0
1.000000 0.000000 0.000000 0.000000
-5.013847 -8.732956 -6.887294
0.698727 -0.612838 -0.369066
255 255 255 255
1.752930 0.642578
0 0 0 0
1.000000 0.000000 0.000000 0.000000
-4.812007 -8.518458 -6.880612
0.700020 -0.643454 -0.309741
255 255 255 255
1.754883 0.649414
0 0 0 0
1.000000 0.000000 0.000000 0.000000
-4.880373 -9.016068 -6.481643
0.555783 -0.435014 -0.708427
255 255 255 255
1.741211 0.642578
0 0 0 0
1.000000 0.000000 0.000000 0.000000
-4.726402 -8.717276 -6.525756
0.616840 -0.473390 -0.628817
255 255 255 255
1.744141 0.649414
0 0 0 0
1.000000 0.000000 0.000000 0.000000
-4.661424 -9.271821 -6.220611
0.296962 -0.352882 -0.887293
255 255 255 255
1.731445 0.642578
0 0 0 0
1.000000 0.000000 0.000000 0.000000
-4.506485 -8.999218 -6.268242
0.346248 -0.360218 -0.866230
255 255 255 255
1.733398 0.649414
0 0 0 0
1.000000 0.000000 0.000000 0.000000
-4.284985 -9.587605 -6.009561
0.102474 -0.303576 -0.947280
255 255 255 255
1.719727 0.642578
0 0 0 0
1.000000 0.000000 0.000000 0.000000
-4.140530 -9.280169 -6.103207
0.127086 -0.310104 -0.942170
255 255 255 255
1.721680 0.649414
0 0 0 0
1.000000 0.000000 0.000000 0.000000
-3.866947 -9.849924 -5.923317
-0.008755 -0.262483 -0.964897
255 255 255 255
1.708984 0.642578
0 0 0 0
1.000000 0.000000 0.000000 0.000000
-3.719221 -9.553398 -5.997611
-0.009890 -0.262443 -0.964897
255 255 255 255
1.708984 0.649414
0 0 0 0
1.000000 0.000000 0.000000 0.000000
-3.337338 -10.099207 -5.879759
-0.093097 -0.226166 -0.969630
255 255 255 255
1.696289 0.642578
0 0 0 0
1.000000 0.000000 0.000000 0.000000
-3.192518 -9.795030 -5.967761
-0.097518 -0.225484 -0.969354
255 255 255 255
1.695312 0.649414
0 0 0 0
1.000000 0.000000 0.000000 0.000000
-2.812902 -10.299370 -5.914497
-0.213318 -0.182153 -0.959852
255 255 255 255
1.684570 0.642578
0 0 0 0
1.000000 0.000000 0.000000 0.000000
-2.680255 -9.971542 -6.002121
-0.221542 -0.177244 -0.958907
255 255 255 255
1.682617 0.649414
0 0 0 0
1.000000 0.000000 0.000000 0.000000
-2.290733 -10.456093 -6.042007
-0.409691 -0.107294 -0.905893
255 255 255 255
1.672852 0.642578
0 0 0 0
1.000000 0.000000 0.000000 0.000000
-2.170152 -10.099514 -6.138040
-0.446927 -0.093921 -0.889626
255 255 255 255
1.670898 0.649414
0 0 0 0
1.000000 0.000000 0.000000 0.000000
-1.942855 -10.530540 -6.278574
-0.651419 0.004563 -0.758705
255 255 255 255
1.665039 0.642578
0 0 0 0
1.000000 0.000000 0.000000 0.000000
-1.826231 -10.131536 -6.386450
-0.699668 0.033923 -0.713663
255 255 255 255
1.662109 0.649414
0 0 0 0
1.000000 0.000000 0.000000 0.000000
-1.687173 -10.483073 -6.604749
-0.853144 0.109027 -0.510155
255 255 255 255
1.657227 0.642578
0 0 0 0
1.000000 0.000000 0.000000 0.000000
-1.596738 -10.104508 -6.639936
-0.883992 0.120244 -0.451774
255 255 255 255
1.655273 0.649414
0 0 0 0
1.000000 0.000000 0.000000 0.000000
-1.485569 -10.402462 -7.043380
-0.947767 0.143782 -0.284718
255 255 255 255
1.647461 0.642578
0 0 0 0
1.000000 0.000000 0.000000 0.000000
-1.422268 -10.020792 -7.113092
-0.957694 0.149846 -0.245700
255 255 255 255
1.644531 0.649414
0 0 0 0
1.000000 0.000000 0.000000 0.000000
-1.388286 -10.307776 -7.554356
-0.974659 0.209661 -0.077988
255 255 255 255
1.635742 0.642578
0 0 0 0
1.000000 0.000000 0.000000 0.000000
-1.311206 -9.965687 -7.611753
-0.971504 0.233405 -0.041268
255 255 255 255
1.633789 0.649414
0 0 0 0
1.000000 0.000000 0.000000 0.000000
-1.422870 -10.245468 -8.129529
-0.935602 0.306602 0.175054
255 255 255 255
1.623047 0.642578
0 0 0 0
1.000000 0.000000 0.000000 0.000000
-1.313473 -9.948647 -8.157679
-0.932226 0.305235 0.194386
255 255 255 255
1.622070 0.649414
0 0 0 0
1.000000 0.000000 0.000000 0.000000
-1.580986 -10.202641 -8.616205
-0.834935 0.275746 0.476286
255 255 255 255
1.610352 0.642578
0 0 0 0
1.000000 0.000000 0.000000 0.000000
-1.491307 -9.903341 -8.622983
-0.835017 0.273813 0.477257
255 255 255 255
1.611328 0.649414
0 0 0 0
1.000000 0.000000 0.000000 0.000000
-1.818308 -10.148964 -8.922555
-0.742114 0.207508 0.637344
255 255 255 255
1.601562 0.642578
0 0 0 0
1.000000 0.000000 0.000000 0.000000
-1.732419 -9.835023 -8.910028
-0.740977 0.209426 0.638040
255 255 255 255
1.602539 0.649414
0 0 0 0
1.000000 0.000000 0.000000 0.000000
-4.884589 -7.057982 -14.019573
-0.156241 0.495019 -0.854719
255 255 255 255
1.600586 0.629883
0 0 0 0
1.000000 0.000000 0.000000 0.000000
-5.111130 -7.311280 -14.145950
-0.156323 0.493221 -0.855743
255 255 255 255
1.600586 0.637207
0 0 0 0
1.000000 0.000000 0.000000 0.000000
-4.737749 -7.221612 -14.162552
-0.542520 0.688296 -0.481582
255 255 255 255
1.606445 0.629883
0 0 0 0
1.000000 0.000000 0.000000 0.000000
-4.964255 -7.480956 -14.248441
-0.552196 0.692927 -0.463607
255 255 255 255
1.605469 0.637207
0 0 0 0
1.000000 0.000000 0.000000 0.000000
-3.756746 -7.619530 -16.131689
-0.585970 0.699984 -0.408241
255 255 255 255
1.652344 0.629883
0 0 0 0
1.000000 0.000000 0.000000 0.000000
-3.953733 -7.873099 -16.307493
-0.593552 0.696918 -0.402494
255 255 255 255
1.654297 0.637207
0 0 0 0
1.000000 0.000000 0.000000 0.000000
-3.640512 -7.633817 -16.439892
-0.738354 0.665078 -0.111825
255 255 255 255
1.660156 0.629883
0 0 0 0
1.000000 0.000000 0.000000 0.000000
-3.824073 -7.886571 -16.594515
-0.752738 0.654414 -0.071602
255 255 255 255
1.661133 0.637207
0 0 0 0
1.000000 0.000000 0.000000 0.000000
-3.571484 -7.518327 -16.758665
-0.766241 0.505851 0.396219
255 255 255 255
1.666992 0.629883
0 0 0 0
1.000000 0.000000 0.000000 0.000000
-3.793527 -7.754645 -16.896507
-0.768073 0.509965 0.387298
255 255 255 255
1.666992 0.637207
0 0 0 0
1.000000 0.000000 0.000000 0.000000
-3.886937 -7.478783 -17.117687
-0.570419 0.208410 0.794473
255 255 255 255
1.675781 0.637207
0 0 0 0
1.000000 0.000000 0.000000 0.000000
-3.641078 -7.274829 -17.026804
-0.550477 0.179770 0.815266
255 255 255 255
1.674805 0.629883
0 0 0 0
1.000000 0.000000 0.000000 0.000000
-4.029987 -7.258063 -17.147137
-0.127213 -0.395100 0.909788
255 255 255 255
1.681641 0.637207
0 0 0 0
1.000000 0.000000 0.000000 0.000000
-3.772403 -7.083416 -17.029943
-0.118854 -0.407500 0.905438
255 255 255 255
1.680664 0.629883
0 0 0 0
1.000000 0.000000 0.000000 0.000000
-4.198388 -7.051889 -16.991983
0.164925 -0.668602 0.725101
255 255 255 255
1.688477 0.637207
0 0 0 0
1.000000 0.000000 0.000000 0.000000
-3.970123 -6.865718 -16.861887
0.181668 -0.674863 0.715232
255 255 255 255
1.688477 0.629883
0 0 0 0
1.000000 0.000000 0.000000 0.000000
-4.730464 -6.579242 -16.322950
0.236989 -0.702875 0.670673
255 255 255 255
1.711914 0.637207
0 0 0 0
1.000000 0.000000 0.000000 0.000000
-4.535862 -6.367719 -16.188686
0.241710 -0.707243 0.664366
255 255 255 255
1.712891 0.629883
0 0 0 0
1.000000 0.000000 0.000000 0.000000
-5.506663 -5.881303 -15.287254
0.294903 -0.759733 0.579515
255 255 255 255
1.745117 0.637207
0 0 0 0
1.000000 0.000000 0.000000 0.000000
-5.250685 -5.705841 -15.173368
0.300025 -0.769855 0.563301
255 255 255 255
1.745117 0.629883
0 0 0 0
1.000000 0.000000 0.000000 0.000000
-5.605824 -5.877265 -14.990078
0.519849 -0.822601 -0.230401
255 255 255 255
1.751953 0.637207
0 0 0 0
1.000000 0.000000 0.000000 0.000000
-5.321353 -5.752446 -14.911464
0.516667 -0.828728 -0.215093
255 255 255 255
1.750977 0.629883
0 0 0 0
1.000000 0.000000 0.000000 0.000000
-5.611893 -6.103795 -14.681427
0.554846 -0.572344 -0.603795
255 255 255 255
1.759766 0.637207
0 0 0 0
1.000000 0.000000 0.000000 0.000000
-5.351699 -5.932690 -14.596707
0.553090 -0.590466 -0.587742
255 255 255 255
1.758789 0.629883
0 0 0 0
1.000000 0.000000 0.000000 0.000000
-5.543692 -6.456147 -14.406946
0.471851 -0.295896 -0.830543
255 255 255 255
1.768555 0.637207
0 0 0 0
1.000000 0.000000 0.000000 0.000000
-5.268774 -6.263186 -14.299449
0.478518 -0.311830 -0.820843
255 255 255 255
1.768555 0.629883
0 0 0 0
1.000000 0.000000 0.000000 0.000000
-5.292141 -7.063296 -14.126456
0.363913 -0.103598 -0.925654
255 255 255 255
1.782227 0.637207
0 0 0 0
1.000000 0.000000 0.000000 0.000000
-5.026316 -6.849140 -14.078151
0.374114 -0.123182 -0.919165
255 255 255 255
1.782227 0.629883
0 0 0 0
1.000000 0.000000 0.000000 0.000000
-5.111130 -7.311280 -14.145950
0.252051 0.099770 -0.962557
255 255 255 255
1.788086 0.637207
0 0 0 0
1.000000 0.000000 0.000000 0.000000
-4.884589 -7.057982 -14.019573
0.250759 0.096838 -0.963194
255 255 255 255
1.787109 0.629883
0 0 0 0
1.000000 0.000000 0.000000 0.000000
-5.380522 -7.870631 -10.734321
-0.279342 -0.073728 -0.957357
255 255 255 255
1.021484 0.418457
0 0 0 0
1.000000 0.000000 0.000000 0.000000
-5.196003 -7.559087 -10.836208
-0.279121 -0.074562 -0.957357
255 255 255 255
1.013672 0.420898
0 0 0 0
1.000000 0.000000 0.000000 0.000000
-5.513275 -7.720686 -10.731628
-0.076025 -0.205446 -0.975711
255 255 255 255
1.021484 0.422852
0 0 0 0
1.000000 0.000000 0.000000 0.000000
-5.283262 -7.440231 -10.795035
-0.054216 -0.219408 -0.974125
255 255 255 255
1.013672 0.424072
0 0 0 0
1.000000 0.000000 0.000000 0.000000
-5.980598 -7.054818 -10.878514
-0.007252 -0.241775 -0.970305
255 255 255 255
1.021484 0.439941
0 0 0 0
1.000000 0.000000 0.000000 0.000000
-5.736404 -6.783750 -10.957814
-0.000567 -0.240862 -0.970559
255 255 255 255
1.013672 0.441406
0 0 0 0
1.000000 0.000000 0.000000 0.000000
-6.379272 -6.261226 -11.094584
0.041085 -0.281280 -0.958746
255 255 255 255
1.021484 0.457764
0 0 0 0
1.000000 0.000000 0.000000 0.000000
-6.061516 -6.164250 -11.100274
0.034245 -0.274658 -0.960932
255 255 255 255
1.013672 0.456543
0 0 0 0
1.000000 0.000000 0.000000 0.000000
-6.420079 -6.119688 -11.194393
0.309873 -0.711195 -0.631015
255 255 255 255
1.021484 0.460693
0 0 0 0
1.000000 0.000000 0.000000 0.000000
-6.118275 -5.999805 -11.169502
0.321087 -0.730806 -0.602350
255 255 255 255
1.013672 0.460693
0 0 0 0
1.000000 0.000000 0.000000 0.000000
-6.402899 -6.067510 -11.393765
0.350736 -0.914221 0.202941
255 255 255 255
1.021484 0.464600
0 0 0 0
1.000000 0.000000 0.000000 0.000000
-6.110140 -5.941864 -11.322612
0.352526 -0.913858 0.201465
255 255 255 255
1.013672 0.464355
0 0 0 0
1.000000 0.000000 0.000000 0.000000
-5.827678 -6.122014 -12.253798
0.312079 -0.888597 0.336158
255 255 255 255
1.013672 0.486816
0 0 0 0
1.000000 0.000000 0.000000 0.000000
-6.099548 -6.267437 -12.381677
0.302139 -0.881032 0.363998
255 255 255 255
1.021484 0.486816
0 0 0 0
1.000000 0.000000 0.000000 0.000000
-5.678547 -6.305481 -12.631005
0.158413 -0.781360 0.603640
255 255 255 255
1.013672 0.496094
0 0 0 0
1.000000 0.000000 0.000000 0.000000
-5.919872 -6.453514 -12.734346
0.122393 -0.760285 0.637956
255 255 255 255
1.021484 0.495605
0 0 0 0
1.000000 0.000000 0.000000 0.000000
-5.612885 -6.436818 -12.663726
-0.290505 -0.349717 0.890677
255 255 255 255
1.013672 0.498535
0 0 0 0
1.000000 0.000000 0.000000 0.000000
-5.855886 -6.562923 -12.824687
-0.301788 -0.333693 0.893069
255 255 255 255
1.021484 0.498047
0 0 0 0
1.000000 0.000000 0.000000 0.000000
-5.508989 -6.585523 -12.676300
-0.503520 0.362991 0.784031
255 255 255 255
1.013672 0.501953
0 0 0 0
1.000000 0.000000 0.000000 0.000000
-5.800496 -6.683491 -12.793267
-0.503469 0.331056 0.798073
255 255 255 255
1.021484 0.500000
0 0 0 0
1.000000 0.000000 0.000000 0.000000
-5.007270 -7.584768 -11.798413
-0.535698 0.404425 0.741261
255 255 255 255
1.013672 0.532715
0 0 0 0
1.000000 0.000000 0.000000 0.000000
-5.215616 -7.859414 -11.816952
-0.559288 0.408964 0.721072
255 255 255 255
1.021484 0.533691
0 0 0 0
1.000000 0.000000 0.000000 0.000000
-4.909597 -7.800009 -11.503175
-0.786468 0.476918 0.392451
255 255 255 255
1.013672 0.540527
0 0 0 0
1.000000 0.000000 0.000000 0.000000
-5.088932 -8.081610 -11.526684
-0.806863 0.482745 0.340485
255 255 255 255
1.021484 0.541016
0 0 0 0
1.000000 0.000000 0.000000 0.000000
-4.941549 -7.790800 -11.285501
-0.842873 0.400731 -0.359139
255 255 255 255
1.013672 0.544922
0 0 0 0
1.000000 0.000000 0.000000 0.000000
-5.093867 -8.098011 -11.323168
-0.847888 0.411822 -0.333899
255 255 255 255
1.021484 0.544922
0 0 0 0
1.000000 0.000000 0.000000 0.000000
-5.119926 -7.664694 -10.936869
-0.784434 0.300137 -0.542754
255 255 255 255
1.013672 0.555664
0 0 0 0
1.000000 0.000000 0.000000 0.000000
-5.274760 -7.968032 -10.837400
-0.782940 0.295005 -0.547701
255 255 255 255
1.021484 0.556152
0 0 0 0
1.000000 0.000000 0.000000 0.000000
-5.196003 -7.559087 -10.836208
-0.672977 0.128299 -0.728451
255 255 255 255
1.013672 0.558594
0 0 0 0
1.000000 0.000000 0.000000 0.000000
-5.380522 -7.870631 -10.734321
-0.671804 0.129770 -0.729273
255 255 255 255
1.021484 0.559570
0 0 0 0
1.000000 0.000000 0.000000 0.000000
-3.507900 -9.256413 -0.374197
0.382973 0.201461 0.901524
255 255 255 255
1.742188 0.825684
0 0 0 0
1.000000 0.000000 0.000000 0.000000
-3.611748 -9.178399 -0.346366
0.514788 0.023205 0.857003
255 255 255 255
1.740234 0.825684
0 0 0 0
1.000000 0.000000 0.000000 0.000000
-3.336016 -8.999762 -0.502924
0.381715 0.200045 0.902372
255 255 255 255
1.742188 0.832520
0 0 0 0
1.000000 0.000000 0.000000 0.000000
-4.232405 -8.511314 0.020073
0.575731 -0.068454 0.814769
255 255 255 255
1.719727 0.825684
0 0 0 0
1.000000 0.000000 0.000000 0.000000
-3.458981 -8.900766 -0.473440
0.520501 0.017301 0.853686
255 255 255 255
1.739258 0.832520
0 0 0 0
1.000000 0.000000 0.000000 0.000000
-4.234023 -8.460483 0.119812
0.703115 -0.710706 0.022943
255 255 255 255
1.717773 0.825684
0 0 0 0
1.000000 0.000000 0.000000 0.000000
-4.006785 -8.237023 -0.014476
0.713744 -0.695764 0.080517
255 255 255 255
1.718750 0.832520
0 0 0 0
1.000000 0.000000 0.000000 0.000000
-3.970736 -8.256411 -0.112528
0.562843 -0.047147 0.825218
255 255 255 255
1.720703 0.832520
0 0 0 0
1.000000 0.000000 0.000000 0.000000
-4.160887 -8.447069 0.254349
0.454604 -0.750549 -0.479595
255 255 255 255
1.715820 0.825684
0 0 0 0
1.000000 0.000000 0.000000 0.000000
-3.965624 -8.234803 0.074589
0.464388 -0.751490 -0.468623
255 255 255 255
1.716797 0.832520
0 0 0 0
1.000000 0.000000 0.000000 0.000000
-3.734453 -8.537020 0.704031
0.361878 -0.738015 -0.569542
255 255 255 255
1.703125 0.825684
0 0 0 0
1.000000 0.000000 0.000000 0.000000
-3.560042 -8.302544 0.548087
0.367250 -0.737907 -0.566233
255 255 255 255
1.703125 0.832520
0 0 0 0
1.000000 0.000000 0.000000 0.000000
-3.338283 -8.626309 1.011112
0.213338 -0.723507 -0.656525
255 255 255 255
1.692383 0.825684
0 0 0 0
1.000000 0.000000 0.000000 0.000000
-3.207254 -8.403038 0.780107
0.235884 -0.723531 -0.648739
255 255 255 255
1.693359 0.832520
0 0 0 0
1.000000 0.000000 0.000000 0.000000
-3.230810 -8.680648 1.061318
-0.397909 -0.500646 -0.768780
255 255 255 255
1.690430 0.825684
0 0 0 0
1.000000 0.000000 0.000000 0.000000
-3.103972 -8.446279 0.843432
-0.364827 -0.525064 -0.768901
255 255 255 255
1.690430 0.832520
0 0 0 0
1.000000 0.000000 0.000000 0.000000
-3.148322 -8.776337 1.008314
-0.896439 0.159501 -0.413469
255 255 255 255
1.688477 0.825684
0 0 0 0
1.000000 0.000000 0.000000 0.000000
-3.003666 -8.517691 0.782327
-0.898994 0.172497 -0.402560
255 255 255 255
1.687500 0.832520
0 0 0 0
1.000000 0.000000 0.000000 0.000000
-2.974856 -9.358253 0.198593
-0.914268 0.239361 -0.326835
255 255 255 255
1.667969 0.825684
0 0 0 0
1.000000 0.000000 0.000000 0.000000
-2.843921 -9.069497 0.068863
-0.913410 0.235755 -0.331816
255 255 255 255
1.668945 0.832520
0 0 0 0
1.000000 0.000000 0.000000 0.000000
-2.986203 -9.399710 0.088888
-0.890716 0.448014 0.076870
255 255 255 255
1.666016 0.825684
0 0 0 0
1.000000 0.000000 0.000000 0.000000
-2.858432 -9.100835 -0.017534
-0.890944 0.447712 0.075976
255 255 255 255
1.666016 0.832520
0 0 0 0
1.000000 0.000000 0.000000 0.000000
-3.027671 -9.396970 0.012587
-0.589948 0.601432 0.538740
255 255 255 255
1.664062 0.825684
0 0 0 0
1.000000 0.000000 0.000000 0.000000
-2.876309 -9.133329 -0.109612
-0.581921 0.602231 0.546522
255 255 255 255
1.664062 0.832520
0 0 0 0
1.000000 0.000000 0.000000 0.000000
-3.362347 -9.333977 -0.331312
-0.409443 0.589171 0.696587
255 255 255 255
1.653320 0.825684
0 0 0 0
1.000000 0.000000 0.000000 0.000000
-3.197418 -9.076664 -0.458681
-0.402163 0.588708 0.701205
255 255 255 255
1.653320 0.832520
0 0 0 0
1.000000 0.000000 0.000000 0.000000
-3.507900 -9.256413 -0.374197
-0.024693 0.460535 0.887298
255 255 255 255
1.649414 0.825684
0 0 0 0
1.000000 0.000000 0.000000 0.000000
-3.336016 -8.999762 -0.502924
-0.023962 0.459009 0.888108
255 255 255 255
1.649414 0.832520
0 0 0 0
1.000000 0.000000 0.000000 0.000000
-4.629839 -7.824275 0.573923
0.412139 -0.079485 0.907647
255 255 255 255
1.943359 0.475586
0 0 0 0
1.000000 0.000000 0.000000 0.000000
-4.721230 -7.704875 0.623633
0.669672 -0.343824 0.658274
255 255 255 255
1.943359 0.478516
0 0 0 0
1.000000 0.000000 0.000000 0.000000
-4.376577 -7.601523 0.474797
0.412234 -0.078554 0.907685
255 255 255 255
1.950195 0.476074
0 0 0 0
1.000000 0.000000 0.000000 0.000000
-4.940510 -6.164108 1.851993
0.701519 -0.404508 0.586723
255 255 255 255
1.943359 0.517578
0 0 0 0
1.000000 0.000000 0.000000 0.000000
-4.500085 -7.422909 0.549622
0.684545 -0.364515 0.631290
255 255 255 255
1.950195 0.481201
0 0 0 0
1.000000 0.000000 0.000000 0.000000
-4.873360 -6.067652 1.965075
0.548299 -0.836138 0.015555
255 255 255 255
1.943359 0.520508
0 0 0 0
1.000000 0.000000 0.000000 0.000000
-4.694155 -6.010609 1.658395
0.700746 -0.406486 0.586280
255 255 255 255
1.950195 0.517578
0 0 0 0
1.000000 0.000000 0.000000 0.000000
-4.729672 -6.048913 2.110616
0.184364 -0.913695 -0.362175
255 255 255 255
1.943359 0.524414
0 0 0 0
1.000000 0.000000 0.000000 0.000000
-4.572808 -5.909146 1.844684
0.202834 -0.913723 -0.352092
255 255 255 255
1.950195 0.523438
0 0 0 0
1.000000 0.000000 0.000000 0.000000
-4.656182 -5.926940 1.745595
0.544016 -0.839016 0.009952
255 255 255 255
1.950195 0.520508
0 0 0 0
1.000000 0.000000 0.000000 0.000000
-4.329901 -6.104196 2.377446
-0.043453 -0.875256 -0.481703
255 255 255 255
1.943359 0.534180
0 0 0 0
1.000000 0.000000 0.000000 0.000000
-4.158891 -5.966968 2.112848
-0.033830 -0.878310 -0.476894
255 255 255 255
1.950195 0.534180
0 0 0 0
1.000000 0.000000 0.000000 0.000000
-4.221460 -6.213523 2.392665
-0.681150 -0.417353 -0.601541
255 255 255 255
1.943359 0.537109
0 0 0 0
1.000000 0.000000 0.000000 0.000000
-4.064052 -6.081053 2.116449
-0.682054 -0.418188 -0.599934
255 255 255 255
1.950195 0.537598
0 0 0 0
1.000000 0.000000 0.000000 0.000000
-4.092260 -6.427537 2.347595
-0.811182 -0.210683 -0.545524
255 255 255 255
1.943359 0.541992
0 0 0 0
1.000000 0.000000 0.000000 0.000000
-3.946909 -6.269586 2.073233
-0.812203 -0.208084 -0.545003
255 255 255 255
1.950195 0.542480
0 0 0 0
1.000000 0.000000 0.000000 0.000000
-3.369762 -7.911084 1.790298
-0.848768 -0.145129 -0.508458
255 255 255 255
1.943359 0.576172
0 0 0 0
1.000000 0.000000 0.000000 0.000000
-3.270389 -7.657090 1.545904
-0.839790 -0.159795 -0.518862
255 255 255 255
1.950195 0.574707
0 0 0 0
1.000000 0.000000 0.000000 0.000000
-3.378405 -8.056542 1.657014
-0.883756 0.464416 0.057392
255 255 255 255
1.943359 0.579102
0 0 0 0
1.000000 0.000000 0.000000 0.000000
-3.260612 -7.784235 1.439612
-0.891904 0.450010 0.044711
255 255 255 255
1.950195 0.578613
0 0 0 0
1.000000 0.000000 0.000000 0.000000
-3.517594 -8.095071 1.509666
-0.480099 0.713586 0.510196
255 255 255 255
1.943359 0.583008
0 0 0 0
1.000000 0.000000 0.000000 0.000000
-3.334540 -7.842895 1.306716
-0.484443 0.712421 0.507712
255 255 255 255
1.950195 0.582520
0 0 0 0
1.000000 0.000000 0.000000 0.000000
-3.954772 -8.052882 1.134514
-0.391560 0.703089 0.593588
255 255 255 255
1.943359 0.594727
0 0 0 0
1.000000 0.000000 0.000000 0.000000
-3.777031 -7.808204 0.962040
-0.390765 0.702303 0.595040
255 255 255 255
1.950195 0.594727
0 0 0 0
1.000000 0.000000 0.000000 0.000000
-4.486305 -7.920353 0.648488
-0.329036 0.658396 0.676942
255 255 255 255
1.943359 0.609863
0 0 0 0
1.000000 0.000000 0.000000 0.000000
-4.263967 -7.679584 0.530600
-0.334194 0.660782 0.672072
255 255 255 255
1.950195 0.608887
0 0 0 0
1.000000 0.000000 0.000000 0.000000
-4.629839 -7.824275 0.573923
-0.097050 0.503152 0.858731
255 255 255 255
1.943359 0.613281
0 0 0 0
1.000000 0.000000 0.000000 0.000000
-4.376577 -7.601523 0.474797
-0.098394 0.502512 0.858953
255 255 255 255
1.950195 0.612305
0 0 0 0
1.000000 0.000000 0.000000 0.000000
-1.650179 -8.955719 1.767817
0.286161 0.572101 0.768643
255 255 255 255
1.973633 0.613281
0 0 0 0
1.000000 0.000000 0.000000 0.000000
-1.542588 -8.718410 1.549529
0.284766 0.571338 0.769728
255 255 255 255
1.980469 0.613281
0 0 0 0
1.000000 0.000000 0.000000 0.000000
-1.475155 -9.032468 1.757851
-0.140560 0.678996 0.720560
255 255 255 255
1.973633 0.609863
0 0 0 0
1.000000 0.000000 0.000000 0.000000
-1.392631 -8.782394 1.542787
-0.142885 0.678625 0.720453
255 255 255 255
1.980469 0.609863
0 0 0 0
1.000000 0.000000 0.000000 0.000000
-0.918991 -9.007153 1.957436
-0.399177 0.673569 0.622063
255 255 255 255
1.973633 0.598145
0 0 0 0
1.000000 0.000000 0.000000 0.000000
-0.855867 -8.762675 1.729749
-0.399649 0.673296 0.622055
255 255 255 255
1.980469 0.598145
0 0 0 0
1.000000 0.000000 0.000000 0.000000
-0.832264 -8.925621 2.064094
-0.896391 0.404082 0.182209
255 255 255 255
1.973633 0.595215
0 0 0 0
1.000000 0.000000 0.000000 0.000000
-0.773710 -8.688795 1.827304
-0.896298 0.404832 0.181001
255 255 255 255
1.980469 0.594727
0 0 0 0
1.000000 0.000000 0.000000 0.000000
-0.740578 -8.604276 1.917844
-0.985854 0.137837 -0.095355
255 255 255 255
1.980469 0.591797
0 0 0 0
1.000000 0.000000 0.000000 0.000000
-0.796699 -8.822871 2.172157
-0.986057 0.137666 -0.093490
255 255 255 255
1.973633 0.592285
0 0 0 0
1.000000 0.000000 0.000000 0.000000
-0.706169 -7.594710 2.685341
-0.987851 0.073795 -0.136767
255 255 255 255
1.980469 0.564941
0 0 0 0
1.000000 0.000000 0.000000 0.000000
-0.759871 -7.778626 2.966257
-0.987512 0.073861 -0.139157
255 255 255 255
1.973633 0.564941
0 0 0 0
1.000000 0.000000 0.000000 0.000000
-0.783735 -6.870784 3.076176
-0.949170 -0.183180 -0.255972
255 255 255 255
1.980469 0.546387
0 0 0 0
1.000000 0.000000 0.000000 0.000000
-0.835747 -7.024389 3.375086
-0.949133 -0.180995 -0.257657
255 255 255 255
1.973633 0.546387
0 0 0 0
1.000000 0.000000 0.000000 0.000000
-1.132922 -6.319095 3.290520
-0.810721 -0.459259 -0.363062
255 255 255 255
1.980469 0.531250
0 0 0 0
1.000000 0.000000 0.000000 0.000000
-1.187568 -6.446842 3.586182
-0.808651 -0.462265 -0.363860
255 255 255 255
1.973633 0.531250
0 0 0 0
1.000000 0.000000 0.000000 0.000000
-1.247220 -6.231104 3.302363
-0.378132 -0.817908 -0.433640
255 255 255 255
1.980469 0.527832
0 0 0 0
1.000000 0.000000 0.000000 0.000000
-1.321844 -6.362571 3.601013
-0.379698 -0.817182 -0.433640
255 255 255 255
1.973633 0.527832
0 0 0 0
1.000000 0.000000 0.000000 0.000000
-1.369594 -6.200523 3.275559
0.129910 -0.926662 -0.352734
255 255 255 255
1.980469 0.524902
0 0 0 0
1.000000 0.000000 0.000000 0.000000
-1.456239 -6.319095 3.579406
0.131307 -0.927730 -0.349393
255 255 255 255
1.973633 0.524902
0 0 0 0
1.000000 0.000000 0.000000 0.000000
-2.126181 -6.246408 3.012320
0.249002 -0.916680 -0.312564
255 255 255 255
1.980469 0.506836
0 0 0 0
1.000000 0.000000 0.000000 0.000000
-2.247256 -6.385231 3.304098
0.256679 -0.916630 -0.306441
255 255 255 255
1.973633 0.506348
0 0 0 0
1.000000 0.000000 0.000000 0.000000
-2.225353 -6.314951 2.942629
0.713798 -0.695789 -0.079808
255 255 255 255
1.980469 0.503906
0 0 0 0
1.000000 0.000000 0.000000 0.000000
-2.335236 -6.460043 3.232202
0.712943 -0.696635 -0.080075
255 255 255 255
1.973633 0.503418
0 0 0 0
1.000000 0.000000 0.000000 0.000000
-2.299482 -6.384356 2.886402
0.912655 -0.366928 0.180069
255 255 255 255
1.980469 0.500977
0 0 0 0
1.000000 0.000000 0.000000 0.000000
-2.383045 -6.535376 3.158168
0.912196 -0.368724 0.178723
255 255 255 255
1.973633 0.500977
0 0 0 0
1.000000 0.000000 0.000000 0.000000
-2.374555 -6.934144 2.529539
0.910295 -0.082550 0.405645
255 255 255 255
1.980469 0.486328
0 0 0 0
1.000000 0.000000 0.000000 0.000000
-2.527925 -7.102792 2.804504
0.910519 -0.084708 0.404697
255 255 255 255
1.973633 0.486572
0 0 0 0
1.000000 0.000000 0.000000 0.000000
-2.050954 -7.896230 2.048319
0.853618 0.087942 0.513422
255 255 255 255
1.980469 0.462402
0 0 0 0
1.000000 0.000000 0.000000 0.000000
-2.172856 -8.093252 2.297307
0.852998 0.088868 0.514293
255 255 255 255
1.973633 0.462402
0 0 0 0
1.000000 0.000000 0.000000 0.000000
-1.669249 -8.559608 1.636847
0.817101 0.161612 0.553379
255 255 255 255
1.980469 0.444336
0 0 0 0
1.000000 0.000000 0.000000 0.000000
-1.785129 -8.780139 1.868146
0.816290 0.162195 0.554403
255 255 255 255
1.973633 0.444336
0 0 0 0
1.000000 0.000000 0.000000 0.000000
-1.542588 -8.718410 1.549529
0.749915 0.238274 0.617132
255 255 255 255
1.980469 0.439941
0 0 0 0
1.000000 0.000000 0.000000 0.000000
-1.650179 -8.955719 1.767817
0.747764 0.240248 0.618975
255 255 255 255
1.973633 0.439453
0 0 0 0
1.000000 0.000000 0.000000 0.000000
-3.689915 -8.402660 -14.526651
0.384684 -0.014978 -0.922927
255 255 255 255
0.585938 0.583496
0 0 0 0
1.000000 0.000000 0.000000 0.000000
-3.477247 -8.133388 -14.413866
0.381957 -0.014280 -0.924070
255 255 255 255
0.585938 0.579102
0 0 0 0
1.000000 0.000000 0.000000 0.000000
-3.807566 -8.268597 -14.549795
0.042941 0.303749 -0.951784
255 255 255 255
0.589355 0.583496
0 0 0 0
1.000000 0.000000 0.000000 0.000000
-3.559546 -8.006560 -14.478785
0.010227 0.328223 -0.944545
255 255 255 255
0.588867 0.579102
0 0 0 0
1.000000 0.000000 0.000000 0.000000
-3.999724 -8.075294 -14.420454
-0.330769 0.675954 -0.658542
255 255 255 255
0.594238 0.583496
0 0 0 0
1.000000 0.000000 0.000000 0.000000
-3.765117 -7.858930 -14.329890
-0.335620 0.682385 -0.649392
255 255 255 255
0.594238 0.579102
0 0 0 0
1.000000 0.000000 0.000000 0.000000
-4.350741 -7.841431 -13.880503
-0.456023 0.765774 -0.453467
255 255 255 255
0.606445 0.583496
0 0 0 0
1.000000 0.000000 0.000000 0.000000
-4.110681 -7.655909 -13.750984
-0.471474 0.770902 -0.428279
255 255 255 255
0.606934 0.579102
0 0 0 0
1.000000 0.000000 0.000000 0.000000
-4.571096 -7.772888 -13.280509
-0.575469 0.770660 -0.273714
255 255 255 255
0.617188 0.583496
0 0 0 0
1.000000 0.000000 0.000000 0.000000
-4.322073 -7.543477 -13.227446
-0.575442 0.770050 -0.275480
255 255 255 255
0.617188 0.579102
0 0 0 0
1.000000 0.000000 0.000000 0.000000
-4.362218 -7.550077 -13.043046
-0.687450 0.700170 0.192804
255 255 255 255
0.620605 0.579102
0 0 0 0
1.000000 0.000000 0.000000 0.000000
-4.611195 -7.782853 -13.074017
-0.684043 0.695011 0.221462
255 255 255 255
0.620605 0.583496
0 0 0 0
1.000000 0.000000 0.000000 0.000000
-4.322521 -7.662451 -12.790680
-0.591813 0.560705 0.579110
255 255 255 255
0.625488 0.579102
0 0 0 0
1.000000 0.000000 0.000000 0.000000
-4.553892 -7.919845 -12.786263
-0.568502 0.541726 0.619143
255 255 255 255
0.625977 0.583496
0 0 0 0
1.000000 0.000000 0.000000 0.000000
-4.162150 -7.877126 -12.551753
-0.473897 0.460728 0.750434
255 255 255 255
0.631836 0.579102
0 0 0 0
1.000000 0.000000 0.000000 0.000000
-4.395965 -8.136835 -12.540960
-0.471916 0.459756 0.752276
255 255 255 255
0.631836 0.583496
0 0 0 0
1.000000 0.000000 0.000000 0.000000
-3.707591 -8.429546 -11.944581
-0.423938 0.466471 0.776325
255 255 255 255
0.648438 0.579102
0 0 0 0
1.000000 0.000000 0.000000 0.000000
-3.934392 -8.698088 -11.920871
-0.414712 0.466033 0.781554
255 255 255 255
0.648438 0.583496
0 0 0 0
1.000000 0.000000 0.000000 0.000000
-3.230656 -8.973099 -11.447336
-0.224561 0.456444 0.860948
255 255 255 255
0.667969 0.579102
0 0 0 0
1.000000 0.000000 0.000000 0.000000
-3.424786 -9.117483 -11.414405
-0.244830 0.459111 0.853976
255 255 255 255
0.666504 0.583496
0 0 0 0
1.000000 0.000000 0.000000 0.000000
-2.520970 -9.582220 -11.100133
0.139591 0.247913 0.958673
255 255 255 255
0.699707 0.579102
0 0 0 0
1.000000 0.000000 0.000000 0.000000
-2.675650 -9.726298 -11.031708
0.097911 0.282871 0.954147
255 255 255 255
0.698730 0.583496
0 0 0 0
1.000000 0.000000 0.000000 0.000000
-2.213675 -9.826734 -11.325139
0.651958 -0.279951 0.704683
255 255 255 255
0.713867 0.579102
0 0 0 0
1.000000 0.000000 0.000000 0.000000
-2.356537 -10.046687 -11.264389
0.645534 -0.271389 0.713887
255 255 255 255
0.712891 0.583496
0 0 0 0
1.000000 0.000000 0.000000 0.000000
-1.894397 -10.072144 -11.833919
0.771177 -0.389195 0.503798
255 255 255 255
0.731934 0.579102
0 0 0 0
1.000000 0.000000 0.000000 0.000000
-2.007360 -10.304837 -11.866438
0.786611 -0.395850 0.473863
255 255 255 255
0.732910 0.583496
0 0 0 0
1.000000 0.000000 0.000000 0.000000
-1.852680 -10.062461 -12.072976
0.927000 -0.347073 -0.142164
255 255 255 255
0.738770 0.579102
0 0 0 0
1.000000 0.000000 0.000000 0.000000
-1.960354 -10.320848 -12.118412
0.926962 -0.347322 -0.141805
255 255 255 255
0.738770 0.583496
0 0 0 0
1.000000 0.000000 0.000000 0.000000
-1.941875 -9.977234 -12.263091
0.775134 -0.106888 -0.622690
255 255 255 255
0.745117 0.579102
0 0 0 0
1.000000 0.000000 0.000000 0.000000
-2.028366 -10.213860 -12.340408
0.779064 -0.109857 -0.617245
255 255 255 255
0.744629 0.583496
0 0 0 0
1.000000 0.000000 0.000000 0.000000
-2.609893 -9.262540 -13.141250
0.751051 -0.119381 -0.649362
255 255 255 255
0.781738 0.579102
0 0 0 0
1.000000 0.000000 0.000000 0.000000
-2.688379 -9.517338 -13.192954
0.749076 -0.110519 -0.653200
255 255 255 255
0.780762 0.583496
0 0 0 0
1.000000 0.000000 0.000000 0.000000
-3.075988 -8.674414 -13.834961
0.715266 -0.178789 -0.675595
255 255 255 255
0.805664 0.579102
0 0 0 0
1.000000 0.000000 0.000000 0.000000
-3.217349 -8.971222 -13.910105
0.720392 -0.174900 -0.671153
255 255 255 255
0.805176 0.583496
0 0 0 0
1.000000 0.000000 0.000000 0.000000
-3.477247 -8.133388 -14.413866
0.689102 -0.202924 -0.695673
255 255 255 255
0.821777 0.579102
0 0 0 0
1.000000 0.000000 0.000000 0.000000
-3.689915 -8.402660 -14.526651
0.688885 -0.203085 -0.695841
255 255 255 255
0.822754 0.583496
0 0 0 0
1.000000 0.000000 0.000000 0.000000
3.517732 -5.846896 -18.352472
0.750598 0.262010 0.606591
255 255 255 255
0.838379 0.862793
0 0 0 0
1.000000 0.000000 0.000000 0.000000
3.317758 -7.869061 -17.214426
0.751843 0.260063 0.605888
255 255 255 255
0.899414 0.862793
0 0 0 0
1.000000 0.000000 0.000000 0.000000
3.422220 -5.751040 -18.261198
0.745617 0.259886 0.613608
255 255 255 255
0.837402 0.867188
0 0 0 0
1.000000 0.000000 0.000000 0.000000
3.153714 -7.854927 -17.031279
0.744360 0.261837 0.614304
255 255 255 255
0.901855 0.869141
0 0 0 0
1.000000 0.000000 0.000000 0.000000
3.022650 -7.709150 -16.961060
0.524339 0.354885 0.774032
255 255 255 255
0.899414 0.875000
0 0 0 0
1.000000 0.000000 0.000000 0.000000
3.317168 -5.708497 -18.128292
0.568983 0.354304 0.742109
255 255 255 255
0.838379 0.872070
0 0 0 0
1.000000 0.000000 0.000000 0.000000
3.153714 -7.854927 -17.031279
0.384765 -0.564751 0.730077
255 255 255 255
0.905762 0.874023
0 0 0 0
1.000000 0.000000 0.000000 0.000000
2.975785 -7.725739 -16.984024
-0.829404 0.274484 0.486568
255 255 255 255
0.899414 0.876465
0 0 0 0
1.000000 0.000000 0.000000 0.000000
3.241138 -5.731522 -18.148399
-0.747844 0.408774 0.523100
255 255 255 255
0.838867 0.874512
0 0 0 0
1.000000 0.000000 0.000000 0.000000
3.317758 -7.869061 -17.214426
0.850331 -0.365638 -0.378479
255 255 255 255
0.913574 0.874512
0 0 0 0
1.000000 0.000000 0.000000 0.000000
3.119390 -7.932256 -17.051447
-0.279808 -0.866055 0.414314
255 255 255 255
0.905762 0.875977
0 0 0 0
1.000000 0.000000 0.000000 0.000000
2.952087 -7.733284 -17.135706
-0.862645 0.266462 0.429931
255 255 255 255
0.897949 0.879883
0 0 0 0
1.000000 0.000000 0.000000 0.000000
3.191452 -5.844487 -18.202385
-0.855577 0.333591 0.395860
255 255 255 255
0.840820 0.877930
0 0 0 0
1.000000 0.000000 0.000000 0.000000
3.246298 -7.972331 -17.282827
0.710409 -0.512138 -0.482736
255 255 255 255
0.912109 0.877930
0 0 0 0
1.000000 0.000000 0.000000 0.000000
3.061591 -7.913457 -17.244431
-0.094705 -0.795583 0.598396
255 255 255 255
0.906250 0.880859
0 0 0 0
1.000000 0.000000 0.000000 0.000000
3.517732 -5.846896 -18.352472
0.834982 -0.281368 -0.472902
255 255 255 255
0.976074 0.870117
0 0 0 0
1.000000 0.000000 0.000000 0.000000
3.473454 -5.868505 -18.409679
0.749071 -0.308017 -0.586531
255 255 255 255
0.976074 0.872070
0 0 0 0
1.000000 0.000000 0.000000 0.000000
3.361659 -6.012333 -18.404509
0.832699 -0.289900 -0.471774
255 255 255 255
0.973633 0.875977
0 0 0 0
1.000000 0.000000 0.000000 0.000000
3.188358 -7.930602 -17.390976
0.835658 -0.361070 -0.413889
255 255 255 255
0.914062 0.880859
0 0 0 0
1.000000 0.000000 0.000000 0.000000
3.007418 -8.077100 -17.279417
-0.038787 -0.774732 0.631099
255 255 255 255
0.906738 0.884766
0 0 0 0
1.000000 0.000000 0.000000 0.000000
2.859433 -7.857974 -17.193493
-0.799045 0.290731 0.526310
255 255 255 255
0.899902 0.883789
0 0 0 0
1.000000 0.000000 0.000000 0.000000
3.115717 -5.808521 -18.282772
-0.803764 0.356389 0.476393
255 255 255 255
0.838867 0.880859
0 0 0 0
1.000000 0.000000 0.000000 0.000000
2.454926 -8.167877 -17.682329
-0.785973 0.275115 0.553677
255 255 255 255
0.899902 0.903809
0 0 0 0
1.000000 0.000000 0.000000 0.000000
2.713998 -6.048440 -18.798765
-0.787017 0.353643 0.505510
255 255 255 255
0.837891 0.900879
0 0 0 0
1.000000 0.000000 0.000000 0.000000
3.129107 -8.086050 -17.448713
0.826055 -0.389354 -0.407475
255 255 255 255
0.912109 0.884277
0 0 0 0
1.000000 0.000000 0.000000 0.000000
2.612665 -8.359611 -17.753622
-0.028993 -0.878140 0.477524
255 255 255 255
0.906738 0.902832
0 0 0 0
1.000000 0.000000 0.000000 0.000000
2.934021 -6.219781 -19.039629
0.779024 -0.267569 -0.567035
255 255 255 255
0.975586 0.897949
0 0 0 0
1.000000 0.000000 0.000000 0.000000
2.730505 -8.342240 -17.985596
0.770882 -0.402512 -0.493685
255 255 255 255
0.913574 0.903320
0 0 0 0
1.000000 0.000000 0.000000 0.000000
3.337465 -5.959387 -18.564985
0.830325 -0.242258 -0.501868
255 255 255 255
0.976074 0.879395
0 0 0 0
1.000000 0.000000 0.000000 0.000000
3.253654 -5.861703 -18.446556
0.128978 0.900406 -0.415493
255 255 255 255
0.979980 0.878418
0 0 0 0
1.000000 0.000000 0.000000 0.000000
3.302514 -5.910067 -18.345116
0.084826 0.837274 -0.540164
255 255 255 255
0.979004 0.875488
0 0 0 0
1.000000 0.000000 0.000000 0.000000
2.831106 -6.122557 -18.952986
0.057476 0.879811 -0.471836
255 255 255 255
0.980469 0.898438
0 0 0 0
1.000000 0.000000 0.000000 0.000000
2.295712 -6.443831 -19.623695
0.735851 -0.244588 -0.631427
255 255 255 255
0.976562 0.922852
0 0 0 0
1.000000 0.000000 0.000000 0.000000
2.185736 -6.347280 -19.491249
0.028945 0.898318 -0.438392
255 255 255 255
0.981934 0.923828
0 0 0 0
1.000000 0.000000 0.000000 0.000000
2.149994 -8.640326 -18.700266
0.733598 -0.397287 -0.551359
255 255 255 255
0.915527 0.928711
0 0 0 0
1.000000 0.000000 0.000000 0.000000
2.004866 -8.668404 -18.432858
0.086095 -0.929429 0.358816
255 255 255 255
0.907227 0.929199
0 0 0 0
1.000000 0.000000 0.000000 0.000000
1.913995 -8.499968 -18.314510
-0.738152 0.267076 0.619518
255 255 255 255
0.901855 0.929199
0 0 0 0
1.000000 0.000000 0.000000 0.000000
1.518107 -8.864705 -18.892979
0.137981 -0.945637 0.294504
255 255 255 255
0.910645 0.950195
0 0 0 0
1.000000 0.000000 0.000000 0.000000
1.523774 -8.747337 -18.716158
-0.528186 0.285627 0.799648
255 255 255 255
0.905273 0.947266
0 0 0 0
1.000000 0.000000 0.000000 0.000000
1.825107 -6.619553 -19.984783
0.668459 -0.245870 -0.701933
255 255 255 255
0.975098 0.939941
0 0 0 0
1.000000 0.000000 0.000000 0.000000
1.710832 -8.885451 -19.184673
0.660603 -0.393963 -0.639059
255 255 255 255
0.917480 0.946289
0 0 0 0
1.000000 0.000000 0.000000 0.000000
1.737164 -6.520864 -19.854193
-0.065649 0.891385 -0.448468
255 255 255 255
0.979004 0.941895
0 0 0 0
1.000000 0.000000 0.000000 0.000000
1.707290 -6.460787 -19.635101
-0.118074 0.935068 -0.334226
255 255 255 255
0.983887 0.941406
0 0 0 0
1.000000 0.000000 0.000000 0.000000
2.120664 -6.334658 -19.358637
-0.113502 0.944767 -0.307460
255 255 255 255
0.985840 0.923828
0 0 0 0
1.000000 0.000000 0.000000 0.000000
2.713998 -6.048440 -18.798765
-0.071797 0.923419 -0.377018
255 255 255 255
0.986328 0.897949
0 0 0 0
1.000000 0.000000 0.000000 0.000000
3.115717 -5.808521 -18.282772
0.040081 0.940640 -0.337030
255 255 255 255
0.985840 0.877930
0 0 0 0
1.000000 0.000000 0.000000 0.000000
3.191452 -5.844487 -18.202385
-0.175726 0.865118 -0.469778
255 255 255 255
0.984863 0.875488
0 0 0 0
1.000000 0.000000 0.000000 0.000000
3.375427 -5.791741 -18.319138
-0.340200 0.633294 -0.695128
255 255 255 255
0.979980 0.872070
0 0 0 0
1.000000 0.000000 0.000000 0.000000
3.241138 -5.731522 -18.148399
-0.439928 0.676743 -0.590324
255 255 255 255
0.985840 0.872070
0 0 0 0
1.000000 0.000000 0.000000 0.000000
3.422220 -5.751040 -18.261198
-0.066660 0.868041 -0.491997
255 255 255 255
0.980469 0.870117
0 0 0 0
1.000000 0.000000 0.000000 0.000000
3.317168 -5.708497 -18.128292
-0.181291 0.881350 -0.436298
255 255 255 255
0.985352 0.870117
0 0 0 0
1.000000 0.000000 0.000000 0.000000
1.164149 -6.504192 -19.824354
0.110375 0.803428 -0.585082
255 255 255 255
0.982422 0.960449
0 0 0 0
1.000000 0.000000 0.000000 0.000000
1.532524 -6.584271 -19.845831
-0.030133 -0.219187 -0.975217
255 255 255 255
0.978027 0.949707
0 0 0 0
1.000000 0.000000 0.000000 0.000000
0.561841 -6.575912 -19.951628
-0.009169 0.877777 -0.478983
255 255 255 255
0.983887 0.979492
0 0 0 0
1.000000 0.000000 0.000000 0.000000
0.524683 -6.709988 -20.199602
0.243559 -0.267698 -0.932211
255 255 255 255
0.977051 0.982422
0 0 0 0
1.000000 0.000000 0.000000 0.000000
1.160902 -6.628644 -19.986403
0.324466 -0.285209 -0.901875
255 255 255 255
0.977539 0.961914
0 0 0 0
1.000000 0.000000 0.000000 0.000000
1.762963 -6.614794 -19.987995
-0.497352 -0.237883 -0.834297
255 255 255 255
0.975098 0.941895
0 0 0 0
1.000000 0.000000 0.000000 0.000000
1.655159 -8.889537 -19.170494
-0.510234 -0.290755 -0.809397
255 255 255 255
0.916992 0.947754
0 0 0 0
1.000000 0.000000 0.000000 0.000000
1.486238 -8.869169 -19.030455
0.004823 -0.369762 -0.929114
255 255 255 255
0.915039 0.953125
0 0 0 0
1.000000 0.000000 0.000000 0.000000
1.127333 -8.904403 -19.138329
0.323377 -0.411784 -0.851975
255 255 255 255
0.913574 0.963379
0 0 0 0
1.000000 0.000000 0.000000 0.000000
0.465078 -8.997990 -19.329554
0.247793 -0.427167 -0.869555
255 255 255 255
0.913086 0.984863
0 0 0 0
1.000000 0.000000 0.000000 0.000000
0.039105 -6.735232 -20.227573
0.129983 -0.232021 -0.963987
255 255 255 255
0.977539 0.997559
0 0 0 0
1.000000 0.000000 0.000000 0.000000
0.039093 -6.595088 -19.980511
-0.013823 0.875993 -0.482125
255 255 255 255
0.985352 0.996094
0 0 0 0
1.000000 0.000000 0.000000 0.000000
0.391918 -8.922150 -19.132202
-0.221274 0.243256 0.944386
255 255 255 255
0.907227 0.985352
0 0 0 0
1.000000 0.000000 0.000000 0.000000
1.061706 -8.824925 -18.899059
-0.327412 0.285076 0.900852
255 255 255 255
0.906250 0.963379
0 0 0 0
1.000000 0.000000 0.000000 0.000000
1.164149 -6.504192 -19.824354
-0.326322 0.361523 0.873393
255 255 255 255
0.840332 0.960938
0 0 0 0
1.000000 0.000000 0.000000 0.000000
0.561841 -6.575912 -19.951628
-0.233049 0.343879 0.909635
255 255 255 255
0.841797 0.980469
0 0 0 0
1.000000 0.000000 0.000000 0.000000
0.039093 -6.595088 -19.980511
-0.121910 0.324284 0.938071
255 255 255 255
0.842773 0.997070
0 0 0 0
1.000000 0.000000 0.000000 0.000000
0.039070 -8.958482 -19.197769
-0.119934 0.236318 0.964246
255 255 255 255
0.907715 0.996582
0 0 0 0
1.000000 0.000000 0.000000 0.000000
0.039070 -9.021913 -19.418608
0.133784 -0.404309 -0.904785
255 255 255 255
0.913574 0.998047
0 0 0 0
1.000000 0.000000 0.000000 0.000000
1.707290 -6.460787 -19.635101
-0.544390 0.362618 0.756404
255 255 255 255
0.840332 0.942871
0 0 0 0
1.000000 0.000000 0.000000 0.000000
2.120664 -6.334658 -19.358637
-0.736276 0.354593 0.576335
255 255 255 255
0.839355 0.926758
0 0 0 0
1.000000 0.000000 0.000000 0.000000
-3.439663 -5.846896 -18.352472
-0.750671 0.265613 0.604932
255 255 255 255
1.838867 0.862793
0 0 0 0
1.000000 0.000000 0.000000 0.000000
-3.344151 -5.751040 -18.261198
-0.745694 0.263495 0.611973
255 255 255 255
1.837891 0.867188
0 0 0 0
1.000000 0.000000 0.000000 0.000000
-3.239772 -7.869061 -17.214426
-0.751917 0.263665 0.604236
255 255 255 255
1.899414 0.862793
0 0 0 0
1.000000 0.000000 0.000000 0.000000
-3.239111 -5.708497 -18.128292
-0.569023 0.357964 0.740321
255 255 255 255
1.838867 0.872070
0 0 0 0
1.000000 0.000000 0.000000 0.000000
-2.944675 -7.709150 -16.961060
-0.524644 0.351515 0.775362
255 255 255 255
1.899414 0.875000
0 0 0 0
1.000000 0.000000 0.000000 0.000000
-3.075728 -7.854927 -17.031279
-0.744437 0.265446 0.612661
255 255 255 255
1.901367 0.869141
0 0 0 0
1.000000 0.000000 0.000000 0.000000
-3.163081 -5.731522 -18.148399
0.748331 0.405210 0.525171
255 255 255 255
1.838867 0.874512
0 0 0 0
1.000000 0.000000 0.000000 0.000000
-2.897811 -7.725739 -16.984024
0.829834 0.270881 0.487852
255 255 255 255
1.899414 0.876465
0 0 0 0
1.000000 0.000000 0.000000 0.000000
-3.075728 -7.854927 -17.031279
-0.385819 -0.567692 0.727233
255 255 255 255
1.905273 0.874023
0 0 0 0
1.000000 0.000000 0.000000 0.000000
-3.113394 -5.844487 -18.202385
0.856012 0.330093 0.397848
255 255 255 255
1.840820 0.877930
0 0 0 0
1.000000 0.000000 0.000000 0.000000
-3.041404 -7.932256 -17.051447
0.279194 -0.867938 0.410774
255 255 255 255
1.906250 0.875977
0 0 0 0
1.000000 0.000000 0.000000 0.000000
-2.874101 -7.733284 -17.135706
0.863059 0.262900 0.431292
255 255 255 255
1.898438 0.879883
0 0 0 0
1.000000 0.000000 0.000000 0.000000
-3.239772 -7.869061 -17.214426
-0.852429 -0.367652 -0.371750
255 255 255 255
1.913086 0.874512
0 0 0 0
1.000000 0.000000 0.000000 0.000000
-2.983593 -7.913457 -17.244431
0.093843 -0.798050 0.595239
255 255 255 255
1.906250 0.880859
0 0 0 0
1.000000 0.000000 0.000000 0.000000
-3.168300 -7.972331 -17.282827
-0.713485 -0.511096 -0.479292
255 255 255 255
1.912109 0.877930
0 0 0 0
1.000000 0.000000 0.000000 0.000000
-2.781446 -7.857974 -17.193493
0.799413 0.287105 0.527740
255 255 255 255
1.899414 0.883789
0 0 0 0
1.000000 0.000000 0.000000 0.000000
-3.037648 -5.808521 -18.282772
0.804168 0.352840 0.478350
255 255 255 255
1.838867 0.880859
0 0 0 0
1.000000 0.000000 0.000000 0.000000
-2.929431 -8.077100 -17.279417
0.037971 -0.777309 0.627972
255 255 255 255
1.907227 0.884766
0 0 0 0
1.000000 0.000000 0.000000 0.000000
-2.376905 -8.167877 -17.682329
0.786324 0.271471 0.554976
255 255 255 255
1.900391 0.903809
0 0 0 0
1.000000 0.000000 0.000000 0.000000
-2.635894 -6.048440 -18.798765
0.787389 0.350072 0.507414
255 255 255 255
1.837891 0.900879
0 0 0 0
1.000000 0.000000 0.000000 0.000000
-3.110360 -7.930602 -17.390976
-0.838264 -0.359768 -0.409732
255 255 255 255
1.914062 0.880859
0 0 0 0
1.000000 0.000000 0.000000 0.000000
-3.395373 -5.868505 -18.409679
-0.756291 -0.305732 -0.578405
255 255 255 255
1.976562 0.872070
0 0 0 0
1.000000 0.000000 0.000000 0.000000
-3.283578 -6.012333 -18.404509
-0.835224 -0.292953 -0.465380
255 255 255 255
1.973633 0.875977
0 0 0 0
1.000000 0.000000 0.000000 0.000000
-3.439663 -5.846896 -18.352472
-0.837199 -0.281390 -0.468954
255 255 255 255
1.976562 0.870117
0 0 0 0
1.000000 0.000000 0.000000 0.000000
-3.224434 -5.910067 -18.345116
-0.088601 0.839396 -0.536250
255 255 255 255
1.978516 0.875488
0 0 0 0
1.000000 0.000000 0.000000 0.000000
-3.297346 -5.791741 -18.319138
0.336817 0.636506 -0.693841
255 255 255 255
1.979492 0.872070
0 0 0 0
1.000000 0.000000 0.000000 0.000000
-3.259384 -5.959387 -18.564985
-0.832622 -0.242349 -0.498004
255 255 255 255
1.975586 0.879395
0 0 0 0
1.000000 0.000000 0.000000 0.000000
-3.175574 -5.861703 -18.446556
-0.131388 0.900910 -0.413640
255 255 255 255
1.979492 0.878418
0 0 0 0
1.000000 0.000000 0.000000 0.000000
-3.051098 -8.086050 -17.448713
-0.827645 -0.389547 -0.404050
255 255 255 255
1.912109 0.884277
0 0 0 0
1.000000 0.000000 0.000000 0.000000
-2.534643 -8.359611 -17.753622
0.028501 -0.880195 0.473756
255 255 255 255
1.907227 0.902832
0 0 0 0
1.000000 0.000000 0.000000 0.000000
-2.652460 -8.342240 -17.985596
-0.773928 -0.401180 -0.489989
255 255 255 255
1.914062 0.903320
0 0 0 0
1.000000 0.000000 0.000000 0.000000
-2.855906 -6.219781 -19.039629
-0.784450 -0.266603 -0.559965
255 255 255 255
1.975586 0.897949
0 0 0 0
1.000000 0.000000 0.000000 0.000000
-2.752990 -6.122557 -18.952986
-0.061893 0.879676 -0.471530
255 255 255 255
1.980469 0.898438
0 0 0 0
1.000000 0.000000 0.000000 0.000000
-2.635894 -6.048440 -18.798765
0.065659 0.923203 -0.378662
255 255 255 255
1.986328 0.897949
0 0 0 0
1.000000 0.000000 0.000000 0.000000
-3.037648 -5.808521 -18.282772
-0.044394 0.940679 -0.336380
255 255 255 255
1.986328 0.877930
0 0 0 0
1.000000 0.000000 0.000000 0.000000
-3.113394 -5.844487 -18.202385
0.171991 0.867581 -0.466608
255 255 255 255
1.985352 0.875488
0 0 0 0
1.000000 0.000000 0.000000 0.000000
-3.163081 -5.731522 -18.148399
0.435776 0.677376 -0.592673
255 255 255 255
1.986328 0.872070
0 0 0 0
1.000000 0.000000 0.000000 0.000000
-3.344151 -5.751040 -18.261198
0.060870 0.869668 -0.489870
255 255 255 255
1.980469 0.870117
0 0 0 0
1.000000 0.000000 0.000000 0.000000
-3.239111 -5.708497 -18.128292
0.177041 0.881722 -0.437290
255 255 255 255
1.985352 0.870117
0 0 0 0
1.000000 0.000000 0.000000 0.000000
-2.042512 -6.334658 -19.358637
0.106015 0.947017 -0.303183
255 255 255 255
1.986328 0.923828
0 0 0 0
1.000000 0.000000 0.000000 0.000000
-2.107584 -6.347280 -19.491249
-0.033325 0.899874 -0.434874
255 255 255 255
1.982422 0.923828
0 0 0 0
1.000000 0.000000 0.000000 0.000000
-2.217536 -6.443831 -19.623695
-0.739593 -0.246910 -0.626129
255 255 255 255
1.976562 0.922852
0 0 0 0
1.000000 0.000000 0.000000 0.000000
-1.658976 -6.520864 -19.854193
0.059727 0.891988 -0.448096
255 255 255 255
1.978516 0.941895
0 0 0 0
1.000000 0.000000 0.000000 0.000000
-1.629114 -6.460787 -19.635101
0.113117 0.934203 -0.338332
255 255 255 255
1.984375 0.941406
0 0 0 0
1.000000 0.000000 0.000000 0.000000
-1.746919 -6.619553 -19.984783
-0.673158 -0.245212 -0.697660
255 255 255 255
1.974609 0.939941
0 0 0 0
1.000000 0.000000 0.000000 0.000000
-2.071889 -8.640326 -18.700266
-0.735733 -0.394421 -0.550571
255 255 255 255
1.915039 0.928711
0 0 0 0
1.000000 0.000000 0.000000 0.000000
-1.684776 -6.614794 -19.987995
0.493415 -0.239592 -0.836145
255 255 255 255
1.975586 0.941895
0 0 0 0
1.000000 0.000000 0.000000 0.000000
-1.454338 -6.584271 -19.845831
0.020729 -0.217664 -0.975804
255 255 255 255
1.977539 0.949707
0 0 0 0
1.000000 0.000000 0.000000 0.000000
-1.085963 -6.504192 -19.824354
-0.114619 0.802358 -0.585733
255 255 255 255
1.982422 0.960449
0 0 0 0
1.000000 0.000000 0.000000 0.000000
-1.577031 -8.889537 -19.170494
0.507011 -0.290522 -0.811503
255 255 255 255
1.916992 0.947754
0 0 0 0
1.000000 0.000000 0.000000 0.000000
-1.408123 -8.869169 -19.030455
-0.010958 -0.367297 -0.930039
255 255 255 255
1.915039 0.953125
0 0 0 0
1.000000 0.000000 0.000000 0.000000
-1.082704 -6.628644 -19.986403
-0.331899 -0.283038 -0.899851
255 255 255 255
1.977539 0.961914
0 0 0 0
1.000000 0.000000 0.000000 0.000000
-1.632692 -8.885451 -19.184673
-0.665827 -0.393550 -0.633871
255 255 255 255
1.917969 0.946289
0 0 0 0
1.000000 0.000000 0.000000 0.000000
-1.926785 -8.668404 -18.432858
-0.085971 -0.931114 0.354451
255 255 255 255
1.907227 0.929199
0 0 0 0
1.000000 0.000000 0.000000 0.000000
-1.439991 -8.864705 -18.892979
-0.137434 -0.947146 0.289872
255 255 255 255
1.910156 0.950195
0 0 0 0
1.000000 0.000000 0.000000 0.000000
-1.049206 -8.904403 -19.138329
-0.326488 -0.413070 -0.850164
255 255 255 255
1.914062 0.963379
0 0 0 0
1.000000 0.000000 0.000000 0.000000
-0.446472 -6.709988 -20.199602
-0.250852 -0.269589 -0.929729
255 255 255 255
1.977539 0.982422
0 0 0 0
1.000000 0.000000 0.000000 0.000000
-0.483643 -6.575912 -19.951628
0.004488 0.879145 -0.476533
255 255 255 255
1.984375 0.979492
0 0 0 0
1.000000 0.000000 0.000000 0.000000
-0.386938 -8.997990 -19.329554
-0.249172 -0.426786 -0.869349
255 255 255 255
1.913086 0.984863
0 0 0 0
1.000000 0.000000 0.000000 0.000000
0.039093 -6.595088 -19.980511
0.009916 0.875145 -0.483759
255 255 255 255
1.985352 0.996094
0 0 0 0
1.000000 0.000000 0.000000 0.000000
0.039105 -6.735232 -20.227573
-0.133568 -0.233764 -0.963075
255 255 255 255
1.977539 0.997559
0 0 0 0
1.000000 0.000000 0.000000 0.000000
-0.983591 -8.824925 -18.899059
0.326558 0.288689 0.900010
255 255 255 255
1.906250 0.963379
0 0 0 0
1.000000 0.000000 0.000000 0.000000
-0.313790 -8.922150 -19.132202
0.221273 0.246995 0.943415
255 255 255 255
1.907227 0.985352
0 0 0 0
1.000000 0.000000 0.000000 0.000000
-1.445683 -8.747337 -18.716158
0.528003 0.289088 0.798524
255 255 255 255
1.905273 0.947266
0 0 0 0
1.000000 0.000000 0.000000 0.000000
-0.483643 -6.575912 -19.951628
0.233189 0.340101 0.911018
255 255 255 255
1.841797 0.980469
0 0 0 0
1.000000 0.000000 0.000000 0.000000
-1.085963 -6.504192 -19.824354
0.326499 0.357758 0.874876
255 255 255 255
1.840820 0.960938
0 0 0 0
1.000000 0.000000 0.000000 0.000000
0.039070 -8.958482 -19.197769
0.118821 0.232670 0.965270
255 255 255 255
1.908203 0.996582
0 0 0 0
1.000000 0.000000 0.000000 0.000000
0.039093 -6.595088 -19.980511
0.122024 0.320501 0.939356
255 255 255 255
1.842773 0.997070
0 0 0 0
1.000000 0.000000 0.000000 0.000000
0.039070 -9.021913 -19.418608
-0.139171 -0.404220 -0.904012
255 255 255 255
1.914062 0.998047
0 0 0 0
1.000000 0.000000 0.000000 0.000000
-1.629114 -6.460787 -19.635101
0.544625 0.358894 0.758010
255 255 255 255
1.839844 0.942871
0 0 0 0
1.000000 0.000000 0.000000 0.000000
-1.835925 -8.499968 -18.314510
0.737908 0.270264 0.618424
255 255 255 255
1.901367 0.929199
0 0 0 0
1.000000 0.000000 0.000000 0.000000
-2.042512 -6.334658 -19.358637
0.736609 0.350970 0.578124
255 255 255 255
1.838867 0.926758
0 0 0 0
1.000000 0.000000 0.000000 0.000000
5.704414 -7.756238 -1.859209
0.275679 0.363621 0.889821
255 255 255 255
0.589844 0.590332
0 0 0 0
1.000000 0.000000 0.000000 0.000000
5.580198 -7.869096 -1.767251
0.569198 0.576461 0.586265
255 255 255 255
0.593750 0.590332
0 0 0 0
1.000000 0.000000 0.000000 0.000000
5.450845 -7.527643 -1.866695
0.274242 0.361614 0.891082
255 255 255 255
0.590820 0.597656
0 0 0 0
1.000000 0.000000 0.000000 0.000000
5.351909 -8.010446 -1.288392
0.683230 0.623523 0.380021
255 255 255 255
0.604980 0.590332
0 0 0 0
1.000000 0.000000 0.000000 0.000000
5.147731 -7.728361 -1.358435
0.679517 0.622465 0.388323
255 255 255 255
0.605469 0.597656
0 0 0 0
1.000000 0.000000 0.000000 0.000000
5.341116 -7.613744 -1.804681
0.569713 0.576900 0.585332
255 255 255 255
0.594238 0.597656
0 0 0 0
1.000000 0.000000 0.000000 0.000000
5.334882 -7.992285 -1.174684
0.839026 0.526253 -0.138175
255 255 255 255
0.606934 0.590332
0 0 0 0
1.000000 0.000000 0.000000 0.000000
5.131767 -7.699302 -1.253760
0.840883 0.520506 -0.148286
255 255 255 255
0.607910 0.597656
0 0 0 0
1.000000 0.000000 0.000000 0.000000
5.332438 -7.941453 -1.029521
0.777567 0.224636 -0.587306
255 255 255 255
0.609375 0.590332
0 0 0 0
1.000000 0.000000 0.000000 0.000000
5.141709 -7.632554 -1.140620
0.772902 0.218447 -0.595738
255 255 255 255
0.610840 0.597656
0 0 0 0
1.000000 0.000000 0.000000 0.000000
5.900350 -6.668176 0.121560
0.750459 0.169323 -0.638859
255 255 255 255
0.644531 0.590332
0 0 0 0
1.000000 0.000000 0.000000 0.000000
5.689253 -6.445296 -0.097932
0.751155 0.174182 -0.636731
255 255 255 255
0.644043 0.597656
0 0 0 0
1.000000 0.000000 0.000000 0.000000
6.101387 -6.211504 0.344276
0.612659 -0.058284 -0.788196
255 255 255 255
0.655762 0.590332
0 0 0 0
1.000000 0.000000 0.000000 0.000000
5.895473 -5.959671 0.204898
0.569601 -0.119634 -0.813168
255 255 255 255
0.657715 0.597656
0 0 0 0
1.000000 0.000000 0.000000 0.000000
6.408374 -5.707494 0.383536
0.363303 -0.448334 -0.816706
255 255 255 255
0.667969 0.590332
0 0 0 0
1.000000 0.000000 0.000000 0.000000
6.165443 -5.543828 0.158010
0.352397 -0.474819 -0.806451
255 255 255 255
0.668457 0.597656
0 0 0 0
1.000000 0.000000 0.000000 0.000000
6.587201 -5.526199 0.268801
-0.040174 -0.867339 -0.496094
255 255 255 255
0.673340 0.590332
0 0 0 0
1.000000 0.000000 0.000000 0.000000
6.342428 -5.383315 -0.003282
-0.103259 -0.886712 -0.450643
255 255 255 255
0.675293 0.597656
0 0 0 0
1.000000 0.000000 0.000000 0.000000
6.946271 -5.334892 -0.413269
-0.236662 -0.924224 -0.299668
255 255 255 255
0.689453 0.590332
0 0 0 0
1.000000 0.000000 0.000000 0.000000
6.631562 -5.203673 -0.526575
-0.239673 -0.922602 -0.302261
255 255 255 255
0.689453 0.597656
0 0 0 0
1.000000 0.000000 0.000000 0.000000
7.014153 -5.345719 -0.657250
-0.478852 -0.709810 0.516595
255 255 255 255
0.694824 0.590332
0 0 0 0
1.000000 0.000000 0.000000 0.000000
6.697768 -5.208597 -0.773095
-0.481647 -0.683792 0.548127
255 255 255 255
0.695312 0.597656
0 0 0 0
1.000000 0.000000 0.000000 0.000000
6.838999 -5.943411 -1.283385
-0.387851 -0.378006 0.840644
255 255 255 255
0.712891 0.590332
0 0 0 0
1.000000 0.000000 0.000000 0.000000
6.552817 -5.778269 -1.341349
-0.386390 -0.380243 0.840308
255 255 255 255
0.712891 0.597656
0 0 0 0
1.000000 0.000000 0.000000 0.000000
6.408858 -6.728230 -1.571834
-0.240629 -0.172678 0.955133
255 255 255 255
0.731934 0.590332
0 0 0 0
1.000000 0.000000 0.000000 0.000000
6.108602 -6.531479 -1.618262
-0.240629 -0.172678 0.955133
255 255 255 255
0.731934 0.597656
0 0 0 0
1.000000 0.000000 0.000000 0.000000
5.816315 -7.607946 -1.858842
-0.182235 -0.140383 0.973182
255 255 255 255
0.753906 0.590332
0 0 0 0
1.000000 0.000000 0.000000 0.000000
5.534089 -7.404655 -1.870083
-0.182203 -0.139681 0.973289
255 255 255 255
0.754395 0.597656
0 0 0 0
1.000000 0.000000 0.000000 0.000000
5.704414 -7.756238 -1.859209
-0.017922 0.020404 0.999631
255 255 255 255
0.757812 0.590332
0 0 0 0
1.000000 0.000000 0.000000 0.000000
5.450845 -7.527643 -1.866695
-0.015850 0.021348 0.999646
255 255 255 255
0.757324 0.597656
0 0 0 0
1.000000 0.000000 0.000000 0.000000
-5.629817 -7.756238 -1.859209
-0.276975 0.366994 0.888032
255 255 255 255
1.589844 0.590332
0 0 0 0
1.000000 0.000000 0.000000 0.000000
-5.376259 -7.527643 -1.866695
-0.275630 0.364947 0.889293
255 255 255 255
1.590820 0.597656
0 0 0 0
1.000000 0.000000 0.000000 0.000000
-5.505624 -7.869096 -1.767251
-0.569837 0.579227 0.582909
255 255 255 255
1.593750 0.590332
0 0 0 0
1.000000 0.000000 0.000000 0.000000
-5.266542 -7.613744 -1.804681
-0.570408 0.579625 0.581953
255 255 255 255
1.594727 0.597656
0 0 0 0
1.000000 0.000000 0.000000 0.000000
-5.073263 -7.728361 -1.358435
-0.679851 0.624653 0.384202
255 255 255 255
1.605469 0.597656
0 0 0 0
1.000000 0.000000 0.000000 0.000000
-5.277453 -8.010446 -1.288392
-0.683476 0.625747 0.375901
255 255 255 255
1.605469 0.590332
0 0 0 0
1.000000 0.000000 0.000000 0.000000
-5.057311 -7.699302 -1.253760
-0.842892 0.519061 -0.141805
255 255 255 255
1.608398 0.597656
0 0 0 0
1.000000 0.000000 0.000000 0.000000
-5.260450 -7.992285 -1.174684
-0.840068 0.526318 -0.131431
255 255 255 255
1.607422 0.590332
0 0 0 0
1.000000 0.000000 0.000000 0.000000
-5.067288 -7.632554 -1.140620
-0.778000 0.215029 -0.590320
255 255 255 255
1.611328 0.597656
0 0 0 0
1.000000 0.000000 0.000000 0.000000
-5.258041 -7.941453 -1.029521
-0.783292 0.224219 -0.579810
255 255 255 255
1.609375 0.590332
0 0 0 0
1.000000 0.000000 0.000000 0.000000
-5.615069 -6.445296 -0.097932
-0.753874 0.172118 -0.634073
255 255 255 255
1.644531 0.597656
0 0 0 0
1.000000 0.000000 0.000000 0.000000
-5.826213 -6.668176 0.121560
-0.755408 0.172142 -0.632239
255 255 255 255
1.644531 0.590332
0 0 0 0
1.000000 0.000000 0.000000 0.000000
-5.821349 -5.959671 0.204898
-0.576779 -0.118840 -0.808210
255 255 255 255
1.657227 0.597656
0 0 0 0
1.000000 0.000000 0.000000 0.000000
-6.027286 -6.211504 0.344276
-0.617614 -0.058900 -0.784273
255 255 255 255
1.655273 0.590332
0 0 0 0
1.000000 0.000000 0.000000 0.000000
-6.091319 -5.543828 0.158010
-0.361014 -0.475948 -0.801962
255 255 255 255
1.668945 0.597656
0 0 0 0
1.000000 0.000000 0.000000 0.000000
-6.334272 -5.707494 0.383536
-0.371900 -0.449636 -0.812107
255 255 255 255
1.667969 0.590332
0 0 0 0
1.000000 0.000000 0.000000 0.000000
-6.268268 -5.383315 -0.003282
0.099112 -0.887591 -0.449843
255 255 255 255
1.675781 0.597656
0 0 0 0
1.000000 0.000000 0.000000 0.000000
-6.513088 -5.526199 0.268801
0.035889 -0.868158 -0.494989
255 255 255 255
1.672852 0.590332
0 0 0 0
1.000000 0.000000 0.000000 0.000000
-6.557271 -5.203673 -0.526575
0.234238 -0.924836 -0.299686
255 255 255 255
1.689453 0.597656
0 0 0 0
1.000000 0.000000 0.000000 0.000000
-6.872016 -5.334892 -0.413269
0.233337 -0.923622 -0.304097
255 255 255 255
1.689453 0.590332
0 0 0 0
1.000000 0.000000 0.000000 0.000000
-6.623418 -5.208597 -0.773095
0.482090 -0.680776 0.551483
255 255 255 255
1.695312 0.597656
0 0 0 0
1.000000 0.000000 0.000000 0.000000
-6.939839 -5.345719 -0.657250
0.479432 -0.706867 0.520080
255 255 255 255
1.694336 0.590332
0 0 0 0
1.000000 0.000000 0.000000 0.000000
-6.478337 -5.778269 -1.341349
0.385857 -0.376658 0.842166
255 255 255 255
1.712891 0.597656
0 0 0 0
1.000000 0.000000 0.000000 0.000000
-6.764543 -5.943411 -1.283385
0.387316 -0.374418 0.842495
255 255 255 255
1.712891 0.590332
0 0 0 0
1.000000 0.000000 0.000000 0.000000
-6.034063 -6.531479 -1.618262
0.239609 -0.168980 0.956051
255 255 255 255
1.732422 0.597656
0 0 0 0
1.000000 0.000000 0.000000 0.000000
-6.334332 -6.728230 -1.571834
0.239609 -0.168980 0.956051
255 255 255 255
1.732422 0.590332
0 0 0 0
1.000000 0.000000 0.000000 0.000000
-5.459504 -7.404655 -1.870083
0.181126 -0.135970 0.974015
255 255 255 255
1.753906 0.597656
0 0 0 0
1.000000 0.000000 0.000000 0.000000
-5.741730 -7.607946 -1.858842
0.181123 -0.136684 0.973916
255 255 255 255
1.753906 0.590332
0 0 0 0
1.000000 0.000000 0.000000 0.000000
-5.376259 -7.527643 -1.866695
0.014682 0.025079 0.999578
255 255 255 255
1.757812 0.597656
0 0 0 0
1.000000 0.000000 0.000000 0.000000
-5.629817 -7.756238 -1.859209
0.016685 0.024112 0.999570
255 255 255 255
1.757812 0.590332
0 0 0 0
1.000000 0.000000 0.000000 0.000000
-8.349626 -4.682696 -5.387735
0.922858 -0.343818 0.173556
255 255 255 255
1.749023 0.603027
0 0 0 0
1.000000 0.000000 0.000000 0.000000
-8.256298 -4.428230 -5.381110
0.482841 -0.860264 0.163740
255 255 255 255
1.749023 0.608887
0 0 0 0
1.000000 0.000000 0.000000 0.000000
-8.237583 -4.703006 -6.031075
0.889912 -0.409495 0.200922
255 255 255 255
1.765625 0.603027
0 0 0 0
1.000000 0.000000 0.000000 0.000000
-8.104441 -4.373242 -5.368630
0.330568 -0.932335 0.146548
255 255 255 255
1.749023 0.613770
0 0 0 0
1.000000 0.000000 0.000000 0.000000
-7.712414 -4.677844 -8.281341
0.455959 -0.875404 0.160530
255 255 255 255
1.823242 0.608887
0 0 0 0
1.000000 0.000000 0.000000 0.000000
-8.062027 -4.781479 -6.955059
0.887704 -0.412590 0.204332
255 255 255 255
1.790039 0.603027
0 0 0 0
1.000000 0.000000 0.000000 0.000000
-8.146251 -4.743718 -6.510536
0.887704 -0.412590 0.204332
255 255 255 255
1.778320 0.603027
0 0 0 0
1.000000 0.000000 0.000000 0.000000
-7.563248 -4.621840 -8.268635
0.334612 -0.931836 0.140417
255 255 255 255
1.823242 0.613770
0 0 0 0
1.000000 0.000000 0.000000 0.000000
-7.067385 -4.865833 -11.169196
0.339911 -0.930082 0.139317
255 255 255 255
1.898438 0.613770
0 0 0 0
1.000000 0.000000 0.000000 0.000000
-7.210175 -4.920810 -11.181712
0.491665 -0.856095 0.159268
255 255 255 255
1.898438 0.608887
0 0 0 0
1.000000 0.000000 0.000000 0.000000
-7.570864 -5.005624 -9.594540
0.915225 -0.353922 0.192621
255 255 255 255
1.857422 0.603027
0 0 0 0
1.000000 0.000000 0.000000 0.000000
-7.680155 -4.955122 -9.000025
0.889178 -0.410721 0.201671
255 255 255 255
1.842773 0.603027
0 0 0 0
1.000000 0.000000 0.000000 0.000000
-7.761368 -4.917988 -8.560744
0.888409 -0.412747 0.200922
255 255 255 255
1.831055 0.603027
0 0 0 0
1.000000 0.000000 0.000000 0.000000
-7.867791 -4.869411 -7.988830
0.887704 -0.412590 0.204332
255 255 255 255
1.816406 0.603027
0 0 0 0
1.000000 0.000000 0.000000 0.000000
-7.950054 -4.831957 -7.549597
0.888471 -0.410562 0.205081
255 255 255 255
1.804688 0.603027
0 0 0 0
1.000000 0.000000 0.000000 0.000000
-7.414259 -5.084085 -10.518523
0.896759 -0.405249 0.177752
255 255 255 255
1.881836 0.603027
0 0 0 0
1.000000 0.000000 0.000000 0.000000
-7.326032 -5.181038 -11.191725
0.895234 -0.408183 0.178723
255 255 255 255
1.898438 0.603027
0 0 0 0
1.000000 0.000000 0.000000 0.000000
-7.490418 -5.043361 -10.039062
0.915225 -0.353922 0.192621
255 255 255 255
1.869141 0.603027
0 0 0 0
1.000000 0.000000 0.000000 0.000000
8.819543 -3.285747 -5.578877
-0.571115 0.820869 -0.001438
255 255 255 255
0.595703 0.613770
0 0 0 0
1.000000 0.000000 0.000000 0.000000
8.628495 -3.418122 -5.501584
0.177671 0.976512 -0.121894
255 255 255 255
0.595703 0.607422
0 0 0 0
1.000000 0.000000 0.000000 0.000000
8.702435 -3.367160 -6.190382
-0.484874 0.874495 0.012436
255 255 255 255
0.612305 0.613770
0 0 0 0
1.000000 0.000000 0.000000 0.000000
8.476885 -3.363134 -5.489068
0.332027 0.932112 -0.144654
255 255 255 255
0.595703 0.603027
0 0 0 0
1.000000 0.000000 0.000000 0.000000
8.077209 -3.662788 -8.402404
0.212197 0.969340 -0.123904
255 255 255 255
0.670410 0.607422
0 0 0 0
1.000000 0.000000 0.000000 0.000000
8.523076 -3.445622 -7.114391
-0.475104 0.879830 0.013239
255 255 255 255
0.636230 0.613770
0 0 0 0
1.000000 0.000000 0.000000 0.000000
8.609131 -3.407885 -6.669869
-0.478432 0.877972 0.016350
255 255 255 255
0.625000 0.613770
0 0 0 0
1.000000 0.000000 0.000000 0.000000
7.928195 -3.607127 -8.389664
0.335381 0.931070 -0.143626
255 255 255 255
0.670410 0.603027
0 0 0 0
1.000000 0.000000 0.000000 0.000000
7.425968 -3.855713 -11.289669
0.338708 0.930032 -0.142537
255 255 255 255
0.745117 0.603027
0 0 0 0
1.000000 0.000000 0.000000 0.000000
7.568581 -3.910701 -11.302209
0.174845 0.977396 -0.118851
255 255 255 255
0.745117 0.607422
0 0 0 0
1.000000 0.000000 0.000000 0.000000
8.021074 -3.669766 -9.753824
-0.516766 0.855946 0.017589
255 255 255 255
0.704102 0.613770
0 0 0 0
1.000000 0.000000 0.000000 0.000000
8.132811 -3.619289 -9.159322
-0.482959 0.875519 0.014745
255 255 255 255
0.688965 0.613770
0 0 0 0
1.000000 0.000000 0.000000 0.000000
8.215913 -3.581823 -8.720089
-0.480700 0.876747 0.015555
255 255 255 255
0.677734 0.613770
0 0 0 0
1.000000 0.000000 0.000000 0.000000
8.324685 -3.533258 -8.148173
-0.480700 0.876747 0.015555
255 255 255 255
0.663086 0.613770
0 0 0 0
1.000000 0.000000 0.000000 0.000000
8.408672 -3.496111 -7.708870
-0.480700 0.876747 0.015555
255 255 255 255
0.651367 0.613770
0 0 0 0
1.000000 0.000000 0.000000 0.000000
7.865143 -3.748240 -10.677868
-0.501009 0.865395 0.008996
255 255 255 255
0.728027 0.613770
0 0 0 0
1.000000 0.000000 0.000000 0.000000
7.798654 -3.763684 -11.361826
-0.533266 0.845311 0.032824
255 255 255 255
0.745117 0.613770
0 0 0 0
1.000000 0.000000 0.000000 0.000000
7.942767 -3.707515 -10.198359
-0.516766 0.855946 0.017589
255 255 255 255
0.715820 0.613770
0 0 0 0
1.000000 0.000000 0.000000 0.000000
-8.744048 -3.285747 -5.578888
0.569048 0.822304 -0.000406
255 255 255 255
1.595703 0.613770
0 0 0 0
1.000000 0.000000 0.000000 0.000000
-8.626775 -3.367160 -6.190382
0.482618 0.875731 0.013239
255 255 255 255
1.612305 0.613770
0 0 0 0
1.000000 0.000000 0.000000 0.000000
-8.553024 -3.418122 -5.501607
-0.176652 0.977330 -0.116708
255 255 255 255
1.595703 0.607422
0 0 0 0
1.000000 0.000000 0.000000 0.000000
-8.533329 -3.407885 -6.669869
0.476156 0.879194 0.017130
255 255 255 255
1.625000 0.613770
0 0 0 0
1.000000 0.000000 0.000000 0.000000
-8.000910 -3.662788 -8.402404
-0.209069 0.970971 -0.116211
255 255 255 255
1.669922 0.607422
0 0 0 0
1.000000 0.000000 0.000000 0.000000
-8.401414 -3.363134 -5.489103
-0.331257 0.933152 -0.139629
255 255 255 255
1.595703 0.603027
0 0 0 0
1.000000 0.000000 0.000000 0.000000
-8.447145 -3.445622 -7.114391
0.472832 0.881041 0.014026
255 255 255 255
1.635742 0.613770
0 0 0 0
1.000000 0.000000 0.000000 0.000000
-7.944399 -3.669766 -9.753824
0.514580 0.857242 0.018536
255 255 255 255
1.704102 0.613770
0 0 0 0
1.000000 0.000000 0.000000 0.000000
-7.491552 -3.910701 -11.302197
-0.172046 0.979100 -0.108457
255 255 255 255
1.745117 0.607422
0 0 0 0
1.000000 0.000000 0.000000 0.000000
-7.851909 -3.607127 -8.389664
-0.334591 0.932114 -0.138606
255 255 255 255
1.669922 0.603027
0 0 0 0
1.000000 0.000000 0.000000 0.000000
-8.056299 -3.619289 -9.159322
0.480700 0.876747 0.015555
255 255 255 255
1.688477 0.613770
0 0 0 0
1.000000 0.000000 0.000000 0.000000
-8.139521 -3.581835 -8.720089
0.478432 0.877972 0.016350
255 255 255 255
1.677734 0.613770
0 0 0 0
1.000000 0.000000 0.000000 0.000000
-8.248458 -3.533258 -8.148173
0.478432 0.877972 0.016350
255 255 255 255
1.663086 0.613770
0 0 0 0
1.000000 0.000000 0.000000 0.000000
-8.332563 -3.496111 -7.708906
0.478432 0.877972 0.016350
255 255 255 255
1.651367 0.613770
0 0 0 0
1.000000 0.000000 0.000000 0.000000
-7.865972 -3.707515 -10.198359
0.514580 0.857242 0.018536
255 255 255 255
1.715820 0.613770
0 0 0 0
1.000000 0.000000 0.000000 0.000000
-7.721612 -3.763684 -11.361826
0.531181 0.846573 0.034077
255 255 255 255
1.745117 0.613770
0 0 0 0
1.000000 0.000000 0.000000 0.000000
-7.788242 -3.748240 -10.677868
0.498827 0.866645 0.009952
255 255 255 255
1.728516 0.613770
0 0 0 0
1.000000 0.000000 0.000000 0.000000
-7.348939 -3.855713 -11.289658
-0.337896 0.931082 -0.137522
255 255 255 255
1.745117 0.603027
0 0 0 0
1.000000 0.000000 0.000000 0.000000
8.425061 -4.682696 -5.387735
-0.922851 -0.345913 0.169382
255 255 255 255
0.749023 0.603027
0 0 0 0
1.000000 0.000000 0.000000 0.000000
8.313196 -4.703006 -6.031075
-0.889844 -0.411665 0.196749
255 255 255 255
0.765625 0.603027
0 0 0 0
1.000000 0.000000 0.000000 0.000000
8.331734 -4.428230 -5.381146
-0.481802 -0.861777 0.158772
255 255 255 255
0.749023 0.608887
0 0 0 0
1.000000 0.000000 0.000000 0.000000
8.222005 -4.743718 -6.510536
-0.887637 -0.414770 0.200165
255 255 255 255
0.778320 0.603027
0 0 0 0
1.000000 0.000000 0.000000 0.000000
7.788677 -4.677844 -8.281341
-0.454856 -0.876877 0.155538
255 255 255 255
0.823730 0.608887
0 0 0 0
1.000000 0.000000 0.000000 0.000000
8.179864 -4.373242 -5.368630
-0.329284 -0.933575 0.141457
255 255 255 255
0.749023 0.613770
0 0 0 0
1.000000 0.000000 0.000000 0.000000
8.137899 -4.781479 -6.955059
-0.887637 -0.414770 0.200165
255 255 255 255
0.789551 0.603027
0 0 0 0
1.000000 0.000000 0.000000 0.000000
7.647503 -5.005624 -9.594528
-0.915221 -0.356123 0.188538
255 255 255 255
0.857910 0.603027
0 0 0 0
1.000000 0.000000 0.000000 0.000000
7.287181 -4.920810 -11.181712
-0.490519 -0.857658 0.154315
255 255 255 255
0.898438 0.608887
0 0 0 0
1.000000 0.000000 0.000000 0.000000
7.639509 -4.621840 -8.268635
-0.333291 -0.933064 0.135311
255 255 255 255
0.823730 0.613770
0 0 0 0
1.000000 0.000000 0.000000 0.000000
7.756629 -4.955122 -9.000025
-0.889103 -0.412902 0.197505
255 255 255 255
0.842285 0.603027
0 0 0 0
1.000000 0.000000 0.000000 0.000000
7.837702 -4.917988 -8.560744
-0.888330 -0.414922 0.196749
255 255 255 255
0.831055 0.603027
0 0 0 0
1.000000 0.000000 0.000000 0.000000
7.943971 -4.869411 -7.988830
-0.887637 -0.414770 0.200165
255 255 255 255
0.816406 0.603027
0 0 0 0
1.000000 0.000000 0.000000 0.000000
8.026105 -4.831957 -7.549573
-0.888409 -0.412746 0.200922
255 255 255 255
0.805176 0.603027
0 0 0 0
1.000000 0.000000 0.000000 0.000000
7.567188 -5.043361 -10.039062
-0.915221 -0.356123 0.188538
255 255 255 255
0.869141 0.603027
0 0 0 0
1.000000 0.000000 0.000000 0.000000
7.403038 -5.181038 -11.191725
-0.895006 -0.410458 0.174611
255 255 255 255
0.898438 0.603027
0 0 0 0
1.000000 0.000000 0.000000 0.000000
7.491123 -5.084085 -10.518523
-0.896593 -0.407426 0.173563
255 255 255 255
0.881348 0.603027
0 0 0 0
1.000000 0.000000 0.000000 0.000000
7.144391 -4.865833 -11.169196
-0.338576 -0.931318 0.134210
255 255 255 255
0.898438 0.613770
0 0 0 0
1.000000 0.000000 0.000000 0.000000
4.295395 -6.213523 2.392665
0.477067 -0.422298 0.770760
255 255 255 255
0.206787 0.932129
0 0 0 0
1.000000 0.000000 0.000000 0.000000
4.166196 -6.427537 2.347595
0.451038 -0.495535 0.742301
255 255 255 255
0.210938 0.928711
0 0 0 0
1.000000 0.000000 0.000000 0.000000
4.403837 -6.104196 2.377446
0.492893 -0.426767 0.758239
255 255 255 255
0.203491 0.933594
0 0 0 0
1.000000 0.000000 0.000000 0.000000
3.443745 -7.911084 1.790298
0.444668 -0.564409 0.695494
255 255 255 255
0.233521 0.900391
0 0 0 0
1.000000 0.000000 0.000000 0.000000
3.493810 -6.451955 2.758820
0.416413 -0.460009 0.784214
255 255 255 255
0.228394 0.937012
0 0 0 0
1.000000 0.000000 0.000000 0.000000
4.390730 -5.167305 2.929252
0.491047 -0.396111 0.775867
255 255 255 255
0.200195 0.957031
0 0 0 0
1.000000 0.000000 0.000000 0.000000
5.083970 -5.038272 2.497363
0.604624 -0.387167 0.696083
255 255 255 255
0.180298 0.948730
0 0 0 0
1.000000 0.000000 0.000000 0.000000
4.803633 -6.048913 2.110616
0.603796 -0.420977 0.676911
255 255 255 255
0.192749 0.928223
0 0 0 0
1.000000 0.000000 0.000000 0.000000
2.409113 -6.460043 3.232202
0.360874 -0.427274 0.828979
255 255 255 255
0.255859 0.946289
0 0 0 0
1.000000 0.000000 0.000000 0.000000
2.456922 -6.535376 3.158168
0.350665 -0.452328 0.820020
255 255 255 255
0.254639 0.943848
0 0 0 0
1.000000 0.000000 0.000000 0.000000
2.601825 -7.102792 2.804504
0.380400 -0.496618 0.780171
255 255 255 255
0.252197 0.929199
0 0 0 0
1.000000 0.000000 0.000000 0.000000
2.712262 -8.091009 2.092704
0.410920 -0.580756 0.702756
255 255 255 255
0.250977 0.903320
0 0 0 0
1.000000 0.000000 0.000000 0.000000
3.585709 -5.209105 3.356430
0.404281 -0.404487 0.820333
255 255 255 255
0.222168 0.966309
0 0 0 0
1.000000 0.000000 0.000000 0.000000
3.452400 -8.056542 1.657014
0.347637 -0.689516 0.635387
255 255 255 255
0.233643 0.895996
0 0 0 0
1.000000 0.000000 0.000000 0.000000
3.222376 -8.776337 1.008314
0.425146 -0.725433 0.541293
255 255 255 255
0.239746 0.876465
0 0 0 0
1.000000 0.000000 0.000000 0.000000
2.336720 -9.072307 1.333130
0.353242 -0.765705 0.537509
255 255 255 255
0.260986 0.878906
0 0 0 0
1.000000 0.000000 0.000000 0.000000
2.246805 -8.093252 2.297307
0.366408 -0.573779 0.732477
255 255 255 255
0.261475 0.907227
0 0 0 0
1.000000 0.000000 0.000000 0.000000
1.859113 -8.780139 1.868146
0.340737 -0.645057 0.683959
255 255 255 255
0.271240 0.891602
0 0 0 0
1.000000 0.000000 0.000000 0.000000
3.048969 -9.358253 0.198593
0.412312 -0.789531 0.454576
255 255 255 255
0.243530 0.855957
0 0 0 0
1.000000 0.000000 0.000000 0.000000
3.304852 -8.680648 1.061318
0.373245 -0.688029 0.622338
255 255 255 255
0.237793 0.877930
0 0 0 0
1.000000 0.000000 0.000000 0.000000
3.591601 -8.095071 1.509666
0.514614 -0.675308 0.528328
255 255 255 255
0.230347 0.892578
0 0 0 0
1.000000 0.000000 0.000000 0.000000
3.412325 -8.626309 1.011112
0.519183 -0.675580 0.523489
255 255 255 255
0.235107 0.877930
0 0 0 0
1.000000 0.000000 0.000000 0.000000
4.028802 -8.052882 1.134514
0.559637 -0.678422 0.475972
255 255 255 255
0.219482 0.885742
0 0 0 0
1.000000 0.000000 0.000000 0.000000
3.808531 -8.537020 0.704031
0.561676 -0.678636 0.473259
255 255 255 255
0.225098 0.873047
0 0 0 0
1.000000 0.000000 0.000000 0.000000
4.560382 -7.920353 0.648488
0.601555 -0.676521 0.424794
255 255 255 255
0.204834 0.878418
0 0 0 0
1.000000 0.000000 0.000000 0.000000
4.234999 -8.447069 0.254349
0.598149 -0.676743 0.429227
255 255 255 255
0.213745 0.865234
0 0 0 0
1.000000 0.000000 0.000000 0.000000
4.703929 -7.824275 0.573923
0.681211 -0.656497 0.323981
255 255 255 255
0.200928 0.877441
0 0 0 0
1.000000 0.000000 0.000000 0.000000
4.308159 -8.460483 0.119812
0.683973 -0.654302 0.322597
255 255 255 255
0.211670 0.862793
0 0 0 0
1.000000 0.000000 0.000000 0.000000
4.795309 -7.704875 0.623633
0.707411 -0.559638 0.431712
255 255 255 255
0.198486 0.879883
0 0 0 0
1.000000 0.000000 0.000000 0.000000
5.332438 -7.941453 -1.029521
0.702391 -0.641264 0.308913
255 255 255 255
0.180298 0.844238
0 0 0 0
1.000000 0.000000 0.000000 0.000000
4.306565 -8.511314 0.020073
0.650769 -0.698063 0.298678
255 255 255 255
0.211548 0.860352
0 0 0 0
1.000000 0.000000 0.000000 0.000000
5.014482 -6.164108 1.851993
0.699777 -0.481810 0.527419
255 255 255 255
0.187622 0.921387
0 0 0 0
1.000000 0.000000 0.000000 0.000000
6.101387 -6.211504 0.344276
0.697654 -0.496030 0.516946
255 255 255 255
0.156250 0.888184
0 0 0 0
1.000000 0.000000 0.000000 0.000000
5.900350 -6.668176 0.121560
0.702877 -0.538780 0.464414
255 255 255 255
0.163818 0.879395
0 0 0 0
1.000000 0.000000 0.000000 0.000000
5.334882 -7.992285 -1.174684
0.705650 -0.669607 0.231698
255 255 255 255
0.179810 0.840820
0 0 0 0
1.000000 0.000000 0.000000 0.000000
5.351909 -8.010446 -1.288392
0.720698 -0.671893 0.170742
255 255 255 255
0.178955 0.838379
0 0 0 0
1.000000 0.000000 0.000000 0.000000
4.665175 -8.738352 -1.297968
0.656530 -0.725524 0.206357
255 255 255 255
0.199463 0.832520
0 0 0 0
1.000000 0.000000 0.000000 0.000000
3.685991 -9.178399 -0.346366
0.603324 -0.748940 0.274025
255 255 255 255
0.227173 0.847168
0 0 0 0
1.000000 0.000000 0.000000 0.000000
5.032690 -8.840924 -3.239984
0.672781 -0.718375 0.176927
255 255 255 255
0.183716 0.792480
0 0 0 0
1.000000 0.000000 0.000000 0.000000
3.970709 -9.355620 -1.525726
0.570412 -0.799130 0.189792
255 255 255 255
0.217407 0.823242
0 0 0 0
1.000000 0.000000 0.000000 0.000000
5.580198 -7.869096 -1.767251
0.738444 -0.656891 0.152297
255 255 255 255
0.170166 0.829590
0 0 0 0
1.000000 0.000000 0.000000 0.000000
3.582155 -9.256413 -0.374197
0.522153 -0.816531 0.246238
255 255 255 255
0.229614 0.845703
0 0 0 0
1.000000 0.000000 0.000000 0.000000
4.032828 -9.673327 -3.299117
0.555482 -0.814676 0.166561
255 255 255 255
0.211548 0.785645
0 0 0 0
1.000000 0.000000 0.000000 0.000000
2.983803 -9.919707 -1.441313
0.436735 -0.875349 0.207427
255 255 255 255
0.241821 0.819824
0 0 0 0
1.000000 0.000000 0.000000 0.000000
3.436590 -9.333977 -0.331312
0.472149 -0.844832 0.251665
255 255 255 255
0.233276 0.846191
0 0 0 0
1.000000 0.000000 0.000000 0.000000
5.896843 -7.737807 -2.997324
0.801007 -0.584215 0.130694
255 255 255 255
0.155640 0.804688
0 0 0 0
1.000000 0.000000 0.000000 0.000000
5.473705 -8.761896 -4.529567
0.722091 -0.673346 0.158710
255 255 255 255
0.169312 0.765625
0 0 0 0
1.000000 0.000000 0.000000 0.000000
4.766297 -9.412119 -4.525056
0.630497 -0.761139 0.152121
255 255 255 255
0.189941 0.762207
0 0 0 0
1.000000 0.000000 0.000000 0.000000
5.704414 -7.756238 -1.859209
0.762464 -0.634152 0.128454
255 255 255 255
0.165894 0.828613
0 0 0 0
1.000000 0.000000 0.000000 0.000000
6.738019 -6.337255 -2.274058
0.861461 -0.499360 0.092327
255 255 255 255
0.126953 0.829590
0 0 0 0
1.000000 0.000000 0.000000 0.000000
6.837995 -6.219109 -3.014279
0.848110 -0.520109 0.100973
255 255 255 255
0.118347 0.813965
0 0 0 0
1.000000 0.000000 0.000000 0.000000
6.036115 -7.777091 -3.805782
0.846958 -0.520337 0.109137
255 255 255 255
0.149780 0.786621
0 0 0 0
1.000000 0.000000 0.000000 0.000000
6.016183 -7.863216 -3.919643
0.786538 -0.590825 0.179679
255 255 255 255
0.150757 0.783691
0 0 0 0
1.000000 0.000000 0.000000 0.000000
5.816315 -7.607946 -1.858842
0.820256 -0.562383 0.104428
255 255 255 255
0.162231 0.829590
0 0 0 0
1.000000 0.000000 0.000000 0.000000
5.512788 -8.812350 -5.220444
0.700686 -0.706296 -0.100926
255 255 255 255
0.166504 0.750488
0 0 0 0
1.000000 0.000000 0.000000 0.000000
6.160272 -8.032419 -5.277180
0.806717 -0.587262 -0.065811
255 255 255 255
0.144775 0.752930
0 0 0 0
1.000000 0.000000 0.000000 0.000000
6.006241 -7.909832 -4.041014
0.777936 -0.598106 0.192575
255 255 255 255
0.151001 0.780762
0 0 0 0
1.000000 0.000000 0.000000 0.000000
6.138759 -7.914237 -4.552025
0.774050 -0.602545 0.194386
255 255 255 255
0.146606 0.769531
0 0 0 0
1.000000 0.000000 0.000000 0.000000
6.199969 -7.871918 -4.681803
0.777272 -0.620293 0.105284
255 255 255 255
0.144409 0.766602
0 0 0 0
1.000000 0.000000 0.000000 0.000000
4.562874 -9.627101 -5.157249
0.579962 -0.810180 -0.085162
255 255 255 255
0.193726 0.748047
0 0 0 0
1.000000 0.000000 0.000000 0.000000
3.669956 -10.116446 -4.437645
0.517468 -0.844709 0.136725
255 255 255 255
0.218750 0.759766
0 0 0 0
1.000000 0.000000 0.000000 0.000000
5.087205 -8.814617 -6.350236
0.708112 -0.684507 -0.173285
255 255 255 255
0.169067 0.724121
0 0 0 0
1.000000 0.000000 0.000000 0.000000
4.843047 -9.093336 -6.011591
0.664714 -0.714417 -0.218548
255 255 255 255
0.178467 0.730957
0 0 0 0
1.000000 0.000000 0.000000 0.000000
4.422374 -9.471536 -5.755472
0.586743 -0.782683 -0.207700
255 255 255 255
0.192139 0.734863
0 0 0 0
1.000000 0.000000 0.000000 0.000000
3.979163 -9.779787 -5.610509
0.480336 -0.856799 -0.187544
255 255 255 255
0.204956 0.736816
0 0 0 0
1.000000 0.000000 0.000000 0.000000
3.817965 -10.076040 -5.065457
0.480797 -0.871828 -0.093539
255 255 255 255
0.213135 0.747559
0 0 0 0
1.000000 0.000000 0.000000 0.000000
2.961746 -10.504209 -4.980300
0.389968 -0.905825 -0.165546
255 255 255 255
0.234741 0.746094
0 0 0 0
1.000000 0.000000 0.000000 0.000000
2.709605 -10.598008 -4.351319
0.412845 -0.904951 0.103068
255 255 255 255
0.242676 0.758301
0 0 0 0
1.000000 0.000000 0.000000 0.000000
2.893309 -10.356093 -3.330903
0.435476 -0.884536 0.167203
255 255 255 255
0.240234 0.779785
0 0 0 0
1.000000 0.000000 0.000000 0.000000
1.752608 -10.822615 -3.305221
0.310904 -0.934220 0.174848
255 255 255 255
0.267090 0.776367
0 0 0 0
1.000000 0.000000 0.000000 0.000000
1.844519 -10.380217 -1.361812
0.322422 -0.919034 0.226760
255 255 255 255
0.268066 0.817383
0 0 0 0
1.000000 0.000000 0.000000 0.000000
2.221218 -10.797275 -4.996453
0.338159 -0.930452 -0.141092
255 255 255 255
0.252686 0.743652
0 0 0 0
1.000000 0.000000 0.000000 0.000000
1.667569 -10.996575 -4.313972
0.299878 -0.950862 0.077039
255 255 255 255
0.267578 0.755371
0 0 0 0
1.000000 0.000000 0.000000 0.000000
3.388037 -10.055660 -5.571273
0.370426 -0.897787 -0.238250
255 255 255 255
0.219971 0.735352
0 0 0 0
1.000000 0.000000 0.000000 0.000000
2.777358 -10.257831 -5.603803
0.307093 -0.911805 -0.272589
255 255 255 255
0.234741 0.731934
0 0 0 0
1.000000 0.000000 0.000000 0.000000
2.016332 -10.636868 -5.387132
0.290742 -0.846831 -0.445361
255 255 255 255
0.254883 0.733887
0 0 0 0
1.000000 0.000000 0.000000 0.000000
2.863341 -10.311650 -5.774151
0.252048 -0.935012 0.249448
255 255 255 255
0.232300 0.728516
0 0 0 0
1.000000 0.000000 0.000000 0.000000
3.434925 -10.102159 -5.748541
0.384049 -0.904074 0.187499
255 255 255 255
0.218506 0.731445
0 0 0 0
1.000000 0.000000 0.000000 0.000000
2.144031 -10.387573 -5.740204
0.247087 -0.931041 -0.268535
255 255 255 255
0.249268 0.726562
0 0 0 0
1.000000 0.000000 0.000000 0.000000
2.318383 -10.465940 -5.921676
0.079379 -0.951428 0.297463
255 255 255 255
0.244629 0.723633
0 0 0 0
1.000000 0.000000 0.000000 0.000000
1.718543 -10.433741 -6.045527
0.224945 -0.954124 -0.197605
255 255 255 255
0.258301 0.718750
0 0 0 0
1.000000 0.000000 0.000000 0.000000
1.389356 -10.748852 -5.575995
0.313718 -0.878075 -0.361337
255 255 255 255
0.269287 0.728027
0 0 0 0
1.000000 0.000000 0.000000 0.000000
1.323776 -11.055708 -5.028487
0.254634 -0.951599 -0.172109
255 255 255 255
0.273682 0.740234
0 0 0 0
1.000000 0.000000 0.000000 0.000000
0.671593 -11.197801 -4.974302
0.224538 -0.963784 -0.143887
255 255 255 255
0.289062 0.739258
0 0 0 0
1.000000 0.000000 0.000000 0.000000
0.662690 -11.227711 -4.274133
0.214430 -0.974405 0.067483
255 255 255 255
0.290527 0.753906
0 0 0 0
1.000000 0.000000 0.000000 0.000000
0.721622 -11.075486 -3.247234
0.220003 -0.957872 0.184609
255 255 255 255
0.290527 0.774902
0 0 0 0
1.000000 0.000000 0.000000 0.000000
0.037653 -11.301438 -4.986901
-0.001721 -0.988771 -0.149425
255 255 255 255
0.303711 0.737793
0 0 0 0
1.000000 0.000000 0.000000 0.000000
0.037558 -11.352117 -4.172280
0.000709 -0.997648 0.068546
255 255 255 255
0.304688 0.754395
0 0 0 0
1.000000 0.000000 0.000000 0.000000
0.579210 -10.951659 -5.888851
0.353744 -0.924053 -0.144886
255 255 255 255
0.288574 0.719238
0 0 0 0
1.000000 0.000000 0.000000 0.000000
0.037783 -11.125716 -5.878685
-0.000244 -0.994792 -0.101924
255 255 255 255
0.302734 0.718750
0 0 0 0
1.000000 0.000000 0.000000 0.000000
1.047395 -10.724338 -6.019786
0.426101 -0.881137 -0.205026
255 255 255 255
0.275879 0.717285
0 0 0 0
1.000000 0.000000 0.000000 0.000000
0.591313 -10.954705 -6.885642
0.495866 -0.864661 0.080486
255 255 255 255
0.286377 0.698242
0 0 0 0
1.000000 0.000000 0.000000 0.000000
0.037936 -11.196503 -6.903696
-0.000627 -0.990343 0.138636
255 255 255 255
0.301758 0.696289
0 0 0 0
1.000000 0.000000 0.000000 0.000000
-0.515452 -10.954705 -6.885642
-0.496495 -0.864327 0.080195
255 255 255 255
0.317139 0.696777
0 0 0 0
1.000000 0.000000 0.000000 0.000000
-0.503633 -10.951659 -5.888851
-0.354167 -0.923754 -0.145754
255 255 255 255
0.316895 0.717773
0 0 0 0
1.000000 0.000000 0.000000 0.000000
-0.596287 -11.197801 -4.974302
-0.226677 -0.963518 -0.142303
255 255 255 255
0.318604 0.737793
0 0 0 0
1.000000 0.000000 0.000000 0.000000
-0.587538 -11.227711 -4.274133
-0.212798 -0.974911 0.065320
255 255 255 255
0.318604 0.752441
0 0 0 0
1.000000 0.000000 0.000000 0.000000
-0.646706 -11.075486 -3.247234
-0.220268 -0.958301 0.182048
255 255 255 255
0.320801 0.773438
0 0 0 0
1.000000 0.000000 0.000000 0.000000
0.037452 -11.204698 -3.212673
0.000306 -0.981318 0.192391
255 255 255 255
0.305664 0.774414
0 0 0 0
1.000000 0.000000 0.000000 0.000000
-1.248448 -11.055708 -5.028487
-0.254054 -0.951984 -0.170832
255 255 255 255
0.333984 0.736816
0 0 0 0
1.000000 0.000000 0.000000 0.000000
-1.592416 -10.996575 -4.313972
-0.295507 -0.952200 0.077398
255 255 255 255
0.341797 0.751953
0 0 0 0
1.000000 0.000000 0.000000 0.000000
-1.313874 -10.748852 -5.575995
-0.313231 -0.878587 -0.360515
255 255 255 255
0.337158 0.724609
0 0 0 0
1.000000 0.000000 0.000000 0.000000
-0.971783 -10.724338 -6.019786
-0.429626 -0.879987 -0.202595
255 255 255 255
0.329590 0.714844
0 0 0 0
1.000000 0.000000 0.000000 0.000000
-0.626326 -11.062132 -7.677958
-0.613347 -0.749702 0.248501
255 255 255 255
0.319580 0.679688
0 0 0 0
1.000000 0.000000 0.000000 0.000000
-0.818791 -10.663813 -6.956086
-0.598541 -0.800981 -0.013360
255 255 255 255
0.327393 0.695312
0 0 0 0
1.000000 0.000000 0.000000 0.000000
-1.411334 -10.448854 -6.390394
-0.299054 -0.943445 -0.143102
255 255 255 255
0.342285 0.707031
0 0 0 0
1.000000 0.000000 0.000000 0.000000
-1.642918 -10.433741 -6.045527
-0.229113 -0.952868 -0.198871
255 255 255 255
0.347168 0.714355
0 0 0 0
1.000000 0.000000 0.000000 0.000000
-1.940895 -10.636868 -5.387132
-0.295150 -0.845095 -0.445758
255 255 255 255
0.352051 0.729004
0 0 0 0
1.000000 0.000000 0.000000 0.000000
-2.145900 -10.797275 -4.996453
-0.337294 -0.930460 -0.143102
255 255 255 255
0.355225 0.738281
0 0 0 0
1.000000 0.000000 0.000000 0.000000
-2.634441 -10.598008 -4.351319
-0.408942 -0.906852 0.101913
255 255 255 255
0.366699 0.751953
0 0 0 0
1.000000 0.000000 0.000000 0.000000
-1.677679 -10.822615 -3.305221
-0.311248 -0.934267 0.173984
255 255 255 255
0.344238 0.772461
0 0 0 0
1.000000 0.000000 0.000000 0.000000
-2.886428 -10.504209 -4.980300
-0.390234 -0.905752 -0.165319
255 255 255 255
0.373291 0.739258
0 0 0 0
1.000000 0.000000 0.000000 0.000000
-2.068500 -10.387573 -5.740204
-0.250379 -0.930651 -0.266829
255 255 255 255
0.356934 0.721191
0 0 0 0
1.000000 0.000000 0.000000 0.000000
-2.701863 -10.257831 -5.603803
-0.313446 -0.909769 -0.272163
255 255 255 255
0.372070 0.725098
0 0 0 0
1.000000 0.000000 0.000000 0.000000
-1.608026 -10.527884 -6.524576
0.176166 -0.984302 0.010762
255 255 255 255
0.347900 0.704102
0 0 0 0
1.000000 0.000000 0.000000 0.000000
-1.885021 -10.550708 -6.192898
0.095143 -0.973037 0.210111
255 255 255 255
0.353271 0.711426
0 0 0 0
1.000000 0.000000 0.000000 0.000000
-1.244256 -10.401318 -6.946250
-0.405308 -0.911289 -0.072643
255 255 255 255
0.339600 0.695312
0 0 0 0
1.000000 0.000000 0.000000 0.000000
-0.909108 -10.665324 -7.621399
-0.726220 -0.668430 0.160644
255 255 255 255
0.330811 0.681152
0 0 0 0
1.000000 0.000000 0.000000 0.000000
-1.383834 -10.452787 -7.001462
0.092079 -0.988293 -0.121649
255 255 255 255
0.343506 0.694336
0 0 0 0
1.000000 0.000000 0.000000 0.000000
-1.281462 -10.348784 -7.553399
-0.611423 -0.790052 0.044504
255 255 255 255
0.342285 0.683105
0 0 0 0
1.000000 0.000000 0.000000 0.000000
-1.942855 -10.530540 -6.278574
-0.201927 -0.970325 -0.133017
255 255 255 255
0.354980 0.709961
0 0 0 0
1.000000 0.000000 0.000000 0.000000
-1.687173 -10.483073 -6.604749
-0.245482 -0.931955 -0.266829
255 255 255 255
0.350342 0.702637
0 0 0 0
1.000000 0.000000 0.000000 0.000000
-2.242805 -10.465940 -5.921676
-0.078202 -0.951241 0.298372
255 255 255 255
0.361328 0.717773
0 0 0 0
1.000000 0.000000 0.000000 0.000000
-2.290733 -10.456093 -6.042007
-0.262389 -0.964889 -0.011850
255 255 255 255
0.362549 0.715332
0 0 0 0
1.000000 0.000000 0.000000 0.000000
-2.787799 -10.311650 -5.774151
-0.249688 -0.935944 0.248325
255 255 255 255
0.374023 0.721680
0 0 0 0
1.000000 0.000000 0.000000 0.000000
-3.312554 -10.055660 -5.571273
-0.374669 -0.896714 -0.235641
255 255 255 255
0.386963 0.726562
0 0 0 0
1.000000 0.000000 0.000000 0.000000
-3.359395 -10.102159 -5.748541
-0.381320 -0.905704 0.185190
255 255 255 255
0.387939 0.723145
0 0 0 0
1.000000 0.000000 0.000000 0.000000
-3.337338 -10.099207 -5.879759
-0.384468 -0.921328 -0.057789
255 255 255 255
0.387939 0.720215
0 0 0 0
1.000000 0.000000 0.000000 0.000000
-2.812902 -10.299370 -5.914497
-0.318731 -0.947553 -0.023519
255 255 255 255
0.375000 0.718750
0 0 0 0
1.000000 0.000000 0.000000 0.000000
-3.903669 -9.779787 -5.610509
-0.479280 -0.857440 -0.187318
255 255 255 255
0.402100 0.726562
0 0 0 0
1.000000 0.000000 0.000000 0.000000
-3.742624 -10.076040 -5.065457
-0.484232 -0.869858 -0.094163
255 255 255 255
0.395020 0.738281
0 0 0 0
1.000000 0.000000 0.000000 0.000000
-3.883383 -9.850537 -5.804733
-0.495598 -0.852527 0.166072
255 255 255 255
0.401367 0.722656
0 0 0 0
1.000000 0.000000 0.000000 0.000000
-3.866947 -9.849924 -5.923317
-0.465973 -0.881697 -0.074023
255 255 255 255
0.401123 0.720215
0 0 0 0
1.000000 0.000000 0.000000 0.000000
-4.317527 -9.574404 -5.917709
-0.638415 -0.747150 0.184915
255 255 255 255
0.413086 0.720215
0 0 0 0
1.000000 0.000000 0.000000 0.000000
-4.346833 -9.471536 -5.755472
-0.589821 -0.781232 -0.204421
255 255 255 255
0.414795 0.723633
0 0 0 0
1.000000 0.000000 0.000000 0.000000
-4.487509 -9.627101 -5.157249
-0.580819 -0.809590 -0.084929
255 255 255 255
0.414307 0.737305
0 0 0 0
1.000000 0.000000 0.000000 0.000000
-3.594769 -10.116446 -4.437645
-0.518746 -0.843991 0.136312
255 255 255 255
0.390625 0.750977
0 0 0 0
1.000000 0.000000 0.000000 0.000000
-4.691097 -9.412119 -4.525056
-0.631230 -0.760549 0.152029
255 255 255 255
0.419678 0.750977
0 0 0 0
1.000000 0.000000 0.000000 0.000000
-3.957913 -9.673327 -3.299117
-0.556858 -0.814108 0.164734
255 255 255 255
0.400391 0.775879
0 0 0 0
1.000000 0.000000 0.000000 0.000000
-2.818381 -10.356093 -3.330903
-0.435617 -0.884644 0.166263
255 255 255 255
0.371338 0.773438
0 0 0 0
1.000000 0.000000 0.000000 0.000000
-5.437411 -8.812350 -5.220444
-0.702904 -0.704318 -0.099309
255 255 255 255
0.441650 0.736816
0 0 0 0
1.000000 0.000000 0.000000 0.000000
-4.767433 -9.093336 -6.011591
-0.668901 -0.710768 -0.217670
255 255 255 255
0.427979 0.718262
0 0 0 0
1.000000 0.000000 0.000000 0.000000
-4.729117 -9.226739 -6.155892
-0.752341 -0.638016 0.164069
255 255 255 255
0.425293 0.714844
0 0 0 0
1.000000 0.000000 0.000000 0.000000
-4.661424 -9.271821 -6.220611
-0.635082 -0.763980 -0.114039
255 255 255 255
0.423584 0.713379
0 0 0 0
1.000000 0.000000 0.000000 0.000000
-4.284985 -9.587605 -6.009561
-0.565703 -0.820882 -0.078311
255 255 255 255
0.412354 0.718262
0 0 0 0
1.000000 0.000000 0.000000 0.000000
-4.880373 -9.016068 -6.481643
-0.655761 -0.724376 -0.212734
255 255 255 255
0.431396 0.707520
0 0 0 0
1.000000 0.000000 0.000000 0.000000
-4.963558 -8.949307 -6.416170
-0.807232 -0.589827 0.021900
255 255 255 255
0.433594 0.708984
0 0 0 0
1.000000 0.000000 0.000000 0.000000
-5.011497 -8.814617 -6.350236
-0.708184 -0.685050 -0.170826
255 255 255 255
0.436523 0.710938
0 0 0 0
1.000000 0.000000 0.000000 0.000000
-6.084871 -8.032419 -5.277180
-0.807339 -0.586961 -0.060665
255 255 255 255
0.463623 0.736816
0 0 0 0
1.000000 0.000000 0.000000 0.000000
-5.398494 -8.761896 -4.529567
-0.721186 -0.674901 0.156203
255 255 255 255
0.440430 0.751953
0 0 0 0
1.000000 0.000000 0.000000 0.000000
-4.957784 -8.840924 -3.239984
-0.669126 -0.722344 0.174610
255 255 255 255
0.428711 0.779785
0 0 0 0
1.000000 0.000000 0.000000 0.000000
-5.941125 -7.863216 -3.919643
-0.783719 -0.594383 0.180260
255 255 255 255
0.460693 0.768066
0 0 0 0
1.000000 0.000000 0.000000 0.000000
-5.931148 -7.909832 -4.041014
-0.778953 -0.597458 0.190465
255 255 255 255
0.460205 0.765137
0 0 0 0
1.000000 0.000000 0.000000 0.000000
-6.063547 -7.914237 -4.552025
-0.775008 -0.602033 0.192139
255 255 255 255
0.463379 0.753418
0 0 0 0
1.000000 0.000000 0.000000 0.000000
-6.124722 -7.871918 -4.681803
-0.776894 -0.621009 0.103847
255 255 255 255
0.465332 0.750488
0 0 0 0
1.000000 0.000000 0.000000 0.000000
-5.821987 -7.737807 -2.997324
-0.800436 -0.586120 0.125565
255 255 255 255
0.458008 0.789062
0 0 0 0
1.000000 0.000000 0.000000 0.000000
-6.021512 -7.783514 -6.459291
-0.788858 -0.603329 -0.117034
255 255 255 255
0.468994 0.710449
0 0 0 0
1.000000 0.000000 0.000000 0.000000
-6.209076 -7.760690 -4.739802
-0.865480 -0.485737 0.122492
255 255 255 255
0.468506 0.749512
0 0 0 0
1.000000 0.000000 0.000000 0.000000
-6.741541 -6.684754 -6.335854
-0.885514 -0.451738 -0.108623
255 255 255 255
0.497803 0.715332
0 0 0 0
1.000000 0.000000 0.000000 0.000000
-7.031726 -6.426911 -5.289507
-0.892155 -0.447369 -0.062612
255 255 255 255
0.503418 0.740234
0 0 0 0
1.000000 0.000000 0.000000 0.000000
-5.125158 -8.667860 -6.843559
-0.695802 -0.707541 -0.123470
255 255 255 255
0.441162 0.700195
0 0 0 0
1.000000 0.000000 0.000000 0.000000
-5.660635 -8.032821 -7.757306
-0.745073 -0.661083 -0.088514
255 255 255 255
0.461182 0.680664
0 0 0 0
1.000000 0.000000 0.000000 0.000000
-6.505707 -6.957841 -7.167892
-0.842418 -0.535733 -0.057639
255 255 255 255
0.491211 0.695312
0 0 0 0
1.000000 0.000000 0.000000 0.000000
-6.427872 -7.077984 -7.254005
-0.807238 -0.582098 -0.097614
255 255 255 255
0.488037 0.693359
0 0 0 0
1.000000 0.000000 0.000000 0.000000
-6.371266 -7.133917 -7.391800
-0.796197 -0.597651 -0.094251
255 255 255 255
0.486328 0.689941
0 0 0 0
1.000000 0.000000 0.000000 0.000000
-8.011655 -3.856363 -6.635627
-0.927302 -0.357870 -0.109725
255 255 255 255
0.566406 0.712402
0 0 0 0
1.000000 0.000000 0.000000 0.000000
-7.288460 -5.244752 -7.775725
-0.908121 -0.410833 -0.080830
255 255 255 255
0.533203 0.682617
0 0 0 0
1.000000 0.000000 0.000000 0.000000
-6.607879 -6.780704 -7.208215
-0.905075 -0.419372 -0.070479
255 255 255 255
0.495605 0.694336
0 0 0 0
1.000000 0.000000 0.000000 0.000000
-7.089312 -6.114091 -4.844217
-0.891812 -0.424170 0.157327
255 255 255 255
0.508789 0.751953
0 0 0 0
1.000000 0.000000 0.000000 0.000000
-7.144642 -5.933493 -4.772332
-0.902802 -0.389924 0.181406
255 255 255 255
0.512207 0.753906
0 0 0 0
1.000000 0.000000 0.000000 0.000000
-8.087473 -4.072985 -5.427409
-0.926327 -0.370804 -0.066496
255 255 255 255
0.559570 0.742188
0 0 0 0
1.000000 0.000000 0.000000 0.000000
-8.580843 -2.394741 -5.424728
-0.950580 -0.307913 -0.039828
255 255 255 255
0.598145 0.745117
0 0 0 0
1.000000 0.000000 0.000000 0.000000
-8.498745 -2.391694 -6.575431
-0.946922 -0.303740 -0.105265
255 255 255 255
0.600098 0.715332
0 0 0 0
1.000000 0.000000 0.000000 0.000000
-8.256653 -2.411259 -8.415876
-0.943763 -0.300379 -0.138143
255 255 255 255
0.600098 0.667969
0 0 0 0
1.000000 0.000000 0.000000 0.000000
-7.777604 -3.908068 -8.393914
-0.937687 -0.320813 -0.133496
255 255 255 255
0.564941 0.668457
0 0 0 0
1.000000 0.000000 0.000000 0.000000
-7.314662 -5.157742 -7.887614
-0.916849 -0.384992 -0.105681
255 255 255 255
0.535156 0.679688
0 0 0 0
1.000000 0.000000 0.000000 0.000000
-8.030276 -2.452220 -9.454524
-0.943400 -0.283844 -0.171548
255 255 255 255
0.597168 0.641113
0 0 0 0
1.000000 0.000000 0.000000 0.000000
-7.532596 -4.107665 -9.529421
-0.933474 -0.321019 -0.159915
255 255 255 255
0.559082 0.640137
0 0 0 0
1.000000 0.000000 0.000000 0.000000
-7.266533 -5.142581 -8.531332
-0.922829 -0.369228 -0.109808
255 255 255 255
0.535645 0.664551
0 0 0 0
1.000000 0.000000 0.000000 0.000000
-7.306667 -5.114927 -8.138680
-0.923423 -0.375814 -0.077808
255 255 255 255
0.536133 0.673828
0 0 0 0
1.000000 0.000000 0.000000 0.000000
-7.701256 -2.647754 -10.882116
-0.938730 -0.282896 -0.196866
255 255 255 255
0.588867 0.604980
0 0 0 0
1.000000 0.000000 0.000000 0.000000
-7.146142 -5.364765 -8.759031
-0.920722 -0.363792 -0.141158
255 255 255 255
0.529785 0.658691
0 0 0 0
1.000000 0.000000 0.000000 0.000000
-7.212183 -5.233582 -8.679093
-0.922705 -0.362548 -0.131052
255 255 255 255
0.533203 0.660645
0 0 0 0
1.000000 0.000000 0.000000 0.000000
-6.788938 -5.827614 -9.970577
-0.907816 -0.391900 -0.149277
255 255 255 255
0.517090 0.629883
0 0 0 0
1.000000 0.000000 0.000000 0.000000
-7.133532 -4.484812 -10.905625
-0.926036 -0.326177 -0.189912
255 255 255 255
0.545898 0.605957
0 0 0 0
1.000000 0.000000 0.000000 0.000000
-7.314308 -2.915282 -12.171735
-0.930723 -0.295909 -0.214923
255 255 255 255
0.577148 0.572266
0 0 0 0
1.000000 0.000000 0.000000 0.000000
-6.654437 -4.932027 -12.214869
-0.920968 -0.326705 -0.212325
255 255 255 255
0.529297 0.574707
0 0 0 0
1.000000 0.000000 0.000000 0.000000
-6.420079 -6.119688 -11.194393
-0.912760 -0.361786 -0.189684
255 255 255 255
0.505371 0.600586
0 0 0 0
1.000000 0.000000 0.000000 0.000000
-6.754235 -6.177392 -8.935449
-0.889391 -0.442723 -0.113930
255 255 255 255
0.509766 0.654297
0 0 0 0
1.000000 0.000000 0.000000 0.000000
-6.193762 -6.985661 -9.916959
-0.845305 -0.516951 -0.134987
255 255 255 255
0.487793 0.631836
0 0 0 0
1.000000 0.000000 0.000000 0.000000
-6.379272 -6.261226 -11.094584
-0.893494 -0.418002 -0.164145
255 255 255 255
0.502441 0.603516
0 0 0 0
1.000000 0.000000 0.000000 0.000000
-6.402899 -6.067510 -11.393765
-0.912816 -0.352988 -0.205346
255 255 255 255
0.505859 0.595703
0 0 0 0
1.000000 0.000000 0.000000 0.000000
-7.006600 -3.268295 -13.128119
-0.925513 -0.311824 -0.214923
255 255 255 255
0.564453 0.549316
0 0 0 0
1.000000 0.000000 0.000000 0.000000
-6.231452 -5.235483 -13.450976
-0.916302 -0.338737 -0.213655
255 255 255 255
0.515137 0.544922
0 0 0 0
1.000000 0.000000 0.000000 0.000000
-6.099548 -6.267437 -12.381677
-0.910017 -0.352717 -0.217853
255 255 255 255
0.496582 0.572754
0 0 0 0
1.000000 0.000000 0.000000 0.000000
-6.581218 -3.737471 -14.307644
-0.919402 -0.329406 -0.214923
255 255 255 255
0.545898 0.520508
0 0 0 0
1.000000 0.000000 0.000000 0.000000
-5.919872 -6.453514 -12.734346
-0.908790 -0.358366 -0.213717
255 255 255 255
0.489990 0.564453
0 0 0 0
1.000000 0.000000 0.000000 0.000000
-5.543692 -6.456147 -14.406946
-0.906635 -0.369333 -0.203977
255 255 255 255
0.479980 0.525391
0 0 0 0
1.000000 0.000000 0.000000 0.000000
-5.611893 -6.103795 -14.681427
-0.914093 -0.345565 -0.212179
255 255 255 255
0.486328 0.517578
0 0 0 0
1.000000 0.000000 0.000000 0.000000
-5.605824 -5.877265 -14.990078
-0.911642 -0.346897 -0.220389
255 255 255 255
0.489258 0.509766
0 0 0 0
1.000000 0.000000 0.000000 0.000000
-6.126140 -4.279820 -15.376874
-0.912015 -0.346700 -0.219151
255 255 255 255
0.525391 0.496094
0 0 0 0
1.000000 0.000000 0.000000 0.000000
-5.506663 -5.881303 -15.287254
-0.869156 -0.425153 -0.252613
255 255 255 255
0.486328 0.502441
0 0 0 0
1.000000 0.000000 0.000000 0.000000
-5.795502 -4.761548 -16.049509
-0.869218 -0.424378 -0.253698
255 255 255 255
0.508301 0.481201
0 0 0 0
1.000000 0.000000 0.000000 0.000000
-4.999028 -5.695662 -17.177410
-0.839782 -0.476366 -0.260462
255 255 255 255
0.472412 0.456787
0 0 0 0
1.000000 0.000000 0.000000 0.000000
-4.730464 -6.579242 -16.322950
-0.836664 -0.480299 -0.263260
255 255 255 255
0.456299 0.479980
0 0 0 0
1.000000 0.000000 0.000000 0.000000
-4.342500 -6.407712 -17.933678
-0.817464 -0.519455 -0.248834
255 255 255 255
0.444092 0.441162
0 0 0 0
1.000000 0.000000 0.000000 0.000000
-4.198388 -7.051889 -16.991983
-0.818744 -0.518806 -0.245967
255 255 255 255
0.435791 0.465576
0 0 0 0
1.000000 0.000000 0.000000 0.000000
-4.029987 -7.258063 -17.147137
-0.807645 -0.533913 -0.250293
255 255 255 255
0.428467 0.462646
0 0 0 0
1.000000 0.000000 0.000000 0.000000
-4.052268 -6.705347 -18.201323
-0.788714 -0.547217 -0.280150
255 255 255 255
0.431885 0.436035
0 0 0 0
1.000000 0.000000 0.000000 0.000000
-3.886937 -7.478783 -17.117687
-0.782770 -0.551363 -0.288566
255 255 255 255
0.422607 0.463867
0 0 0 0
1.000000 0.000000 0.000000 0.000000
-3.253221 -7.865495 -18.136580
-0.772560 -0.560178 -0.298918
255 255 255 255
0.397705 0.442871
0 0 0 0
1.000000 0.000000 0.000000 0.000000
-3.320855 -7.356964 -18.830267
-0.774151 -0.554998 -0.304414
255 255 255 255
0.402344 0.424561
0 0 0 0
1.000000 0.000000 0.000000 0.000000
-3.162786 -8.310904 -17.490395
-0.752951 -0.589077 -0.293349
255 255 255 255
0.393066 0.459717
0 0 0 0
1.000000 0.000000 0.000000 0.000000
-3.793527 -7.754645 -16.896507
-0.778912 -0.552394 -0.296914
255 255 255 255
0.417480 0.470459
0 0 0 0
1.000000 0.000000 0.000000 0.000000
-2.563537 -8.812126 -18.005598
-0.678758 -0.660679 -0.320610
255 255 255 255
0.370361 0.451416
0 0 0 0
1.000000 0.000000 0.000000 0.000000
-2.647052 -8.309793 -18.777653
-0.691762 -0.629802 -0.353293
255 255 255 255
0.374023 0.431396
0 0 0 0
1.000000 0.000000 0.000000 0.000000
-2.668494 -8.004010 -19.250786
-0.702630 -0.613485 -0.360481
255 255 255 255
0.375488 0.419189
0 0 0 0
1.000000 0.000000 0.000000 0.000000
-1.720104 -8.908098 -19.241835
-0.552347 -0.710184 -0.436522
255 255 255 255
0.342285 0.425537
0 0 0 0
1.000000 0.000000 0.000000 0.000000
-2.565272 -9.202687 -17.113838
-0.656906 -0.703386 -0.271519
255 255 255 255
0.369873 0.472900
0 0 0 0
1.000000 0.000000 0.000000 0.000000
-1.554254 -9.809612 -17.715284
-0.546506 -0.786290 -0.288233
255 255 255 255
0.336914 0.463623
0 0 0 0
1.000000 0.000000 0.000000 0.000000
-1.635986 -9.424068 -18.456604
-0.559810 -0.736593 -0.379532
255 255 255 255
0.339111 0.445801
0 0 0 0
1.000000 0.000000 0.000000 0.000000
-3.413427 -8.614454 -16.301697
-0.737168 -0.618158 -0.272880
255 255 255 255
0.399658 0.487793
0 0 0 0
1.000000 0.000000 0.000000 0.000000
-3.824073 -7.886571 -16.594515
-0.774716 -0.557174 -0.298952
255 255 255 255
0.417236 0.477783
0 0 0 0
1.000000 0.000000 0.000000 0.000000
-3.978163 -8.402247 -15.199961
-0.763321 -0.593579 -0.254963
255 255 255 255
0.417969 0.512207
0 0 0 0
1.000000 0.000000 0.000000 0.000000
-3.193427 -9.182944 -15.526749
-0.684654 -0.696917 -0.213439
255 255 255 255
0.390137 0.507324
0 0 0 0
1.000000 0.000000 0.000000 0.000000
-2.636803 -9.467568 -16.152271
-0.624742 -0.747960 -0.224173
255 255 255 255
0.372314 0.494873
0 0 0 0
1.000000 0.000000 0.000000 0.000000
-3.953733 -7.873099 -16.307493
-0.778772 -0.561744 -0.279207
255 255 255 255
0.421143 0.484863
0 0 0 0
1.000000 0.000000 0.000000 0.000000
-1.472096 -10.247145 -16.525522
-0.537823 -0.810001 -0.233761
255 255 255 255
0.335205 0.490723
0 0 0 0
1.000000 0.000000 0.000000 0.000000
-0.541193 -10.675030 -16.708551
-0.389650 -0.882890 -0.262063
255 255 255 255
0.307617 0.489502
0 0 0 0
1.000000 0.000000 0.000000 0.000000
-0.575541 -10.297458 -17.943855
-0.409905 -0.860990 -0.301123
255 255 255 255
0.307129 0.462402
0 0 0 0
1.000000 0.000000 0.000000 0.000000
-0.587633 -9.944138 -18.763792
-0.431572 -0.796394 -0.423676
255 255 255 255
0.306885 0.443604
0 0 0 0
1.000000 0.000000 0.000000 0.000000
-0.574774 -9.439548 -19.536673
-0.411592 -0.746185 -0.523259
255 255 255 255
0.306396 0.423584
0 0 0 0
1.000000 0.000000 0.000000 0.000000
0.039023 -10.471194 -18.018810
-0.000680 -0.947389 -0.320085
255 255 255 255
0.290039 0.461914
0 0 0 0
1.000000 0.000000 0.000000 0.000000
0.039058 -10.135656 -18.875740
-0.000093 -0.884704 -0.466153
255 255 255 255
0.289062 0.443359
0 0 0 0
1.000000 0.000000 0.000000 0.000000
-1.380327 -10.654675 -15.234840
-0.535540 -0.816195 -0.216849
255 255 255 255
0.333740 0.519531
0 0 0 0
1.000000 0.000000 0.000000 0.000000
-0.565139 -11.095689 -15.290430
-0.451346 -0.857335 -0.247517
255 255 255 255
0.309570 0.520508
0 0 0 0
1.000000 0.000000 0.000000 0.000000
-0.448645 -11.170490 -15.193725
-0.258711 -0.922864 -0.285291
255 255 255 255
0.306396 0.522949
0 0 0 0
1.000000 0.000000 0.000000 0.000000
0.038975 -10.826818 -16.743727
-0.001011 -0.958771 -0.284180
255 255 255 255
0.291260 0.489746
0 0 0 0
1.000000 0.000000 0.000000 0.000000
-2.627699 -9.745237 -15.001366
-0.597350 -0.779272 -0.189494
255 255 255 255
0.372803 0.520508
0 0 0 0
1.000000 0.000000 0.000000 0.000000
-2.701721 -9.714703 -14.869369
-0.632442 -0.761821 -0.140164
255 255 255 255
0.375244 0.523438
0 0 0 0
1.000000 0.000000 0.000000 0.000000
-3.823069 -8.919552 -14.255549
-0.672825 -0.720577 -0.167558
255 255 255 255
0.410400 0.534668
0 0 0 0
1.000000 0.000000 0.000000 0.000000
-2.706692 -9.737078 -14.713509
-0.627705 -0.764168 -0.148436
255 255 255 255
0.375488 0.526855
0 0 0 0
1.000000 0.000000 0.000000 0.000000
-4.283604 -8.688453 -13.272303
-0.697428 -0.708263 -0.109354
255 255 255 255
0.424805 0.556152
0 0 0 0
1.000000 0.000000 0.000000 0.000000
-3.141627 -9.573956 -13.730569
-0.638939 -0.759504 -0.122111
255 255 255 255
0.389160 0.547852
0 0 0 0
1.000000 0.000000 0.000000 0.000000
-4.702692 -8.083252 -13.683493
-0.788422 -0.585938 -0.187262
255 255 255 255
0.440674 0.545898
0 0 0 0
1.000000 0.000000 0.000000 0.000000
-1.982175 -10.501694 -13.935905
-0.635271 -0.755035 -0.162336
255 255 255 255
0.353027 0.545898
0 0 0 0
1.000000 0.000000 0.000000 0.000000
-2.382324 -10.503997 -11.753532
-0.661778 -0.747369 -0.059070
255 255 255 255
0.365967 0.592285
0 0 0 0
1.000000 0.000000 0.000000 0.000000
-1.627367 -11.051104 -12.788236
-0.657102 -0.746580 -0.104087
255 255 255 255
0.342285 0.571289
0 0 0 0
1.000000 0.000000 0.000000 0.000000
-3.499044 -9.457036 -12.544361
-0.653280 -0.752716 -0.081515
255 255 255 255
0.400146 0.573242
0 0 0 0
1.000000 0.000000 0.000000 0.000000
-4.777116 -8.427847 -11.493055
-0.695032 -0.716095 -0.064327
255 255 255 255
0.440186 0.595703
0 0 0 0
1.000000 0.000000 0.000000 0.000000
-5.215616 -7.859414 -11.816952
-0.786014 -0.602809 -0.137121
255 255 255 255
0.456299 0.587891
0 0 0 0
1.000000 0.000000 0.000000 0.000000
-4.964255 -7.480956 -14.248441
-0.802390 -0.552445 -0.225775
255 255 255 255
0.453613 0.531250
0 0 0 0
1.000000 0.000000 0.000000 0.000000
-5.111130 -7.311280 -14.145950
-0.822042 -0.545718 -0.162599
255 255 255 255
0.459229 0.533203
0 0 0 0
1.000000 0.000000 0.000000 0.000000
-5.800496 -6.683491 -12.793267
-0.827586 -0.536965 -0.163614
255 255 255 255
0.483887 0.563477
0 0 0 0
1.000000 0.000000 0.000000 0.000000
-5.292141 -7.063296 -14.126456
-0.831440 -0.529749 -0.167553
255 255 255 255
0.466553 0.533203
0 0 0 0
1.000000 0.000000 0.000000 0.000000
-5.088932 -8.081610 -11.526684
-0.726937 -0.668784 -0.155854
255 255 255 255
0.450928 0.594727
0 0 0 0
1.000000 0.000000 0.000000 0.000000
-4.865377 -8.382611 -10.611804
-0.615018 -0.788306 -0.018065
255 255 255 255
0.443115 0.615723
0 0 0 0
1.000000 0.000000 0.000000 0.000000
-3.860087 -9.257971 -11.215434
-0.650405 -0.759580 0.003381
255 255 255 255
0.411377 0.602539
0 0 0 0
1.000000 0.000000 0.000000 0.000000
-5.093867 -8.098011 -11.323168
-0.714651 -0.697809 -0.048341
255 255 255 255
0.450928 0.599121
0 0 0 0
1.000000 0.000000 0.000000 0.000000
-2.797599 -10.145268 -10.939041
-0.651020 -0.757480 0.048961
255 255 255 255
0.379395 0.609375
0 0 0 0
1.000000 0.000000 0.000000 0.000000
-3.956166 -9.090916 -10.423425
-0.597491 -0.799611 0.060228
255 255 255 255
0.415771 0.620117
0 0 0 0
1.000000 0.000000 0.000000 0.000000
-4.057145 -8.939590 -8.730185
-0.532686 -0.846233 0.011581
255 255 255 255
0.418701 0.657715
0 0 0 0
1.000000 0.000000 0.000000 0.000000
-4.470400 -8.772264 -8.452787
-0.571014 -0.820466 -0.027908
255 255 255 255
0.428955 0.664062
0 0 0 0
1.000000 0.000000 0.000000 0.000000
-5.436596 -7.945728 -9.984003
-0.674780 -0.733370 -0.082716
255 255 255 255
0.459961 0.629883
0 0 0 0
1.000000 0.000000 0.000000 0.000000
-5.380522 -7.870631 -10.734321
-0.742134 -0.662295 -0.102973
255 255 255 255
0.459961 0.612793
0 0 0 0
1.000000 0.000000 0.000000 0.000000
-5.274760 -7.968032 -10.837400
-0.701430 -0.708168 -0.080590
255 255 255 255
0.456543 0.610352
0 0 0 0
1.000000 0.000000 0.000000 0.000000
-2.714155 -9.954598 -10.104052
-0.608481 -0.767162 0.203009
255 255 255 255
0.380127 0.627930
0 0 0 0
1.000000 0.000000 0.000000 0.000000
-3.193061 -9.437955 -9.164092
-0.550191 -0.821668 0.148834
255 255 255 255
0.395508 0.648438
0 0 0 0
1.000000 0.000000 0.000000 0.000000
-3.664174 -9.146636 -8.980011
-0.449347 -0.887139 0.105223
255 255 255 255
0.408447 0.652344
0 0 0 0
1.000000 0.000000 0.000000 0.000000
-2.116829 -10.648570 -10.503068
-0.694420 -0.694325 0.188928
255 255 255 255
0.359619 0.619141
0 0 0 0
1.000000 0.000000 0.000000 0.000000
-1.892543 -10.368043 -9.624342
-0.655327 -0.680597 0.327619
255 255 255 255
0.358398 0.639648
0 0 0 0
1.000000 0.000000 0.000000 0.000000
-2.836317 -9.698019 -9.211972
-0.519329 -0.825238 0.221990
255 255 255 255
0.385254 0.647461
0 0 0 0
1.000000 0.000000 0.000000 0.000000
-2.816940 -9.650941 -9.160467
-0.421315 -0.688904 0.589835
255 255 255 255
0.385254 0.648926
0 0 0 0
1.000000 0.000000 0.000000 0.000000
-3.167875 -9.399166 -9.105267
-0.264427 -0.691663 0.672072
255 255 255 255
0.395508 0.649902
0 0 0 0
1.000000 0.000000 0.000000 0.000000
-3.614405 -9.116550 -8.946029
-0.123523 -0.737542 0.663908
255 255 255 255
0.407715 0.653320
0 0 0 0
1.000000 0.000000 0.000000 0.000000
-4.023044 -8.919540 -8.701929
0.000897 -0.814090 0.580738
255 255 255 255
0.417969 0.658691
0 0 0 0
1.000000 0.000000 0.000000 0.000000
-4.442251 -8.754210 -8.417624
0.014707 -0.868734 0.495060
255 255 255 255
0.428467 0.665039
0 0 0 0
1.000000 0.000000 0.000000 0.000000
-4.759640 -8.640148 -8.190870
-0.582779 -0.810111 -0.063951
255 255 255 255
0.436279 0.669922
0 0 0 0
1.000000 0.000000 0.000000 0.000000
-4.716389 -8.619898 -8.159675
0.087842 -0.914133 0.395784
255 255 255 255
0.435303 0.670898
0 0 0 0
1.000000 0.000000 0.000000 0.000000
-4.843309 -8.582833 -7.947810
0.218327 -0.961612 0.166240
255 255 255 255
0.437988 0.675781
0 0 0 0
1.000000 0.000000 0.000000 0.000000
-5.607052 -7.993502 -8.412759
-0.702849 -0.705374 -0.091926
255 255 255 255
0.461426 0.665527
0 0 0 0
1.000000 0.000000 0.000000 0.000000
-4.899502 -8.595952 -7.970090
-0.568851 -0.811909 -0.131196
255 255 255 255
0.439209 0.674805
0 0 0 0
1.000000 0.000000 0.000000 0.000000
-6.205487 -7.187677 -8.929238
-0.782260 -0.612373 -0.114317
255 255 255 255
0.484375 0.654297
0 0 0 0
1.000000 0.000000 0.000000 0.000000
-5.513275 -7.720686 -10.731628
-0.784201 -0.611071 -0.107806
255 255 255 255
0.464600 0.612793
0 0 0 0
1.000000 0.000000 0.000000 0.000000
-6.211225 -7.230976 -8.529691
-0.785979 -0.613793 -0.074133
255 255 255 255
0.483398 0.663574
0 0 0 0
1.000000 0.000000 0.000000 0.000000
-6.191034 -7.225225 -8.741756
-0.777988 -0.623917 -0.073909
255 255 255 255
0.483398 0.658691
0 0 0 0
1.000000 0.000000 0.000000 0.000000
-4.922833 -8.567188 -7.640374
0.256926 -0.966395 0.008391
255 255 255 255
0.439453 0.682129
0 0 0 0
1.000000 0.000000 0.000000 0.000000
-5.013257 -8.593449 -7.635711
-0.569899 -0.811107 -0.131613
255 255 255 255
0.441406 0.682617
0 0 0 0
1.000000 0.000000 0.000000 0.000000
-5.050840 -8.643064 -7.244901
-0.565181 -0.808671 -0.163158
255 255 255 255
0.440918 0.690918
0 0 0 0
1.000000 0.000000 0.000000 0.000000
-4.975413 -8.620074 -7.269354
0.252851 -0.958981 -0.128145
255 255 255 255
0.439209 0.690430
0 0 0 0
1.000000 0.000000 0.000000 0.000000
-5.013847 -8.732956 -6.887294
-0.620426 -0.761919 -0.185877
255 255 255 255
0.438232 0.698730
0 0 0 0
1.000000 0.000000 0.000000 0.000000
-5.980598 -7.054818 -10.878514
-0.857205 -0.495111 -0.141647
255 255 255 255
0.483154 0.609863
0 0 0 0
1.000000 0.000000 0.000000 0.000000
-6.294658 -7.019040 -9.024668
-0.823697 -0.553260 -0.124203
255 255 255 255
0.488525 0.652344
0 0 0 0
1.000000 0.000000 0.000000 0.000000
-2.194830 -10.005926 -9.082230
-0.464925 -0.724725 0.508545
255 255 255 255
0.368164 0.650879
0 0 0 0
1.000000 0.000000 0.000000 0.000000
-1.818308 -10.148964 -8.922555
-0.576090 -0.700019 0.422011
255 255 255 255
0.358643 0.654785
0 0 0 0
1.000000 0.000000 0.000000 0.000000
-2.179752 -10.052413 -9.156653
-0.516728 -0.823102 0.235574
255 255 255 255
0.367432 0.649414
0 0 0 0
1.000000 0.000000 0.000000 0.000000
-1.790655 -10.208474 -8.978689
-0.575245 -0.759632 0.303402
255 255 255 255
0.357422 0.653320
0 0 0 0
1.000000 0.000000 0.000000 0.000000
-1.474505 -10.550459 -9.105632
-0.759283 -0.556895 0.336685
255 255 255 255
0.347168 0.650391
0 0 0 0
1.000000 0.000000 0.000000 0.000000
-1.580986 -10.202641 -8.616205
-0.764536 -0.585041 0.270577
255 255 255 255
0.352295 0.661133
0 0 0 0
1.000000 0.000000 0.000000 0.000000
-1.568411 -10.273050 -8.701256
-0.728786 -0.635087 0.256000
255 255 255 255
0.351318 0.659180
0 0 0 0
1.000000 0.000000 0.000000 0.000000
-1.537168 -11.152449 -10.019284
-0.714818 -0.659578 0.232363
255 255 255 255
0.341797 0.629395
0 0 0 0
1.000000 0.000000 0.000000 0.000000
-1.185903 -11.210506 -9.314333
-0.716310 -0.621814 0.316619
255 255 255 255
0.333008 0.644531
0 0 0 0
1.000000 0.000000 0.000000 0.000000
-0.930964 -11.143427 -8.615378
-0.726476 -0.611459 0.313607
255 255 255 255
0.326904 0.659180
0 0 0 0
1.000000 0.000000 0.000000 0.000000
-1.108350 -10.664249 -8.292144
-0.777417 -0.574474 0.256130
255 255 255 255
0.336182 0.667480
0 0 0 0
1.000000 0.000000 0.000000 0.000000
-0.722039 -12.097946 -10.463523
-0.593130 -0.789851 0.155989
255 255 255 255
0.315674 0.619629
0 0 0 0
1.000000 0.000000 0.000000 0.000000
-1.746919 -11.126932 -11.147588
-0.695001 -0.718488 0.027373
255 255 255 255
0.346436 0.605469
0 0 0 0
1.000000 0.000000 0.000000 0.000000
-0.594599 -11.885042 -9.506514
-0.548350 -0.778863 0.304442
255 255 255 255
0.314209 0.639160
0 0 0 0
1.000000 0.000000 0.000000 0.000000
-0.457111 -11.543624 -8.633067
-0.507449 -0.790107 0.343840
255 255 255 255
0.312744 0.658203
0 0 0 0
1.000000 0.000000 0.000000 0.000000
-1.363372 -10.323045 -8.156994
-0.715948 -0.676220 0.173624
255 255 255 255
0.345215 0.670410
0 0 0 0
1.000000 0.000000 0.000000 0.000000
-1.422870 -10.245468 -8.129529
-0.684585 -0.722557 0.096203
255 255 255 255
0.347412 0.670898
0 0 0 0
1.000000 0.000000 0.000000 0.000000
-1.388286 -10.307776 -7.554356
-0.469514 -0.874643 -0.120648
255 255 255 255
0.345215 0.682617
0 0 0 0
1.000000 0.000000 0.000000 0.000000
-1.485569 -10.402462 -7.043380
-0.323224 -0.911221 -0.255349
255 255 255 255
0.346191 0.693359
0 0 0 0
1.000000 0.000000 0.000000 0.000000
0.038043 -11.430189 -7.702140
-0.001101 -0.954719 0.297508
255 255 255 255
0.300781 0.678711
0 0 0 0
1.000000 0.000000 0.000000 0.000000
0.038184 -11.780734 -8.683013
-0.000041 -0.918476 0.395478
255 255 255 255
0.299805 0.657227
0 0 0 0
1.000000 0.000000 0.000000 0.000000
0.533468 -11.543624 -8.633067
0.505086 -0.791044 0.345163
255 255 255 255
0.286865 0.659668
0 0 0 0
1.000000 0.000000 0.000000 0.000000
0.702411 -11.062132 -7.677958
0.614205 -0.748470 0.250090
255 255 255 255
0.282471 0.681152
0 0 0 0
1.000000 0.000000 0.000000 0.000000
1.007320 -11.143427 -8.615378
0.727881 -0.608380 0.316328
255 255 255 255
0.272949 0.662109
0 0 0 0
1.000000 0.000000 0.000000 0.000000
1.184612 -10.664249 -8.292144
0.776978 -0.573569 0.259470
255 255 255 255
0.264404 0.670898
0 0 0 0
1.000000 0.000000 0.000000 0.000000
0.985169 -10.665324 -7.621399
0.726555 -0.667710 0.162112
255 255 255 255
0.271484 0.684082
0 0 0 0
1.000000 0.000000 0.000000 0.000000
0.894675 -10.663813 -6.956086
0.600309 -0.799592 -0.016765
255 255 255 255
0.275879 0.697754
0 0 0 0
1.000000 0.000000 0.000000 0.000000
1.262460 -11.210506 -9.314333
0.715897 -0.620956 0.319226
255 255 255 255
0.265381 0.647461
0 0 0 0
1.000000 0.000000 0.000000 0.000000
0.671204 -11.885042 -9.506514
0.547545 -0.777822 0.308524
255 255 255 255
0.283447 0.640625
0 0 0 0
1.000000 0.000000 0.000000 0.000000
0.038338 -12.249863 -9.713608
0.000654 -0.947299 0.320349
255 255 255 255
0.298584 0.634766
0 0 0 0
1.000000 0.000000 0.000000 0.000000
0.798880 -12.097946 -10.463523
0.592219 -0.790130 0.158022
255 255 255 255
0.280029 0.621582
0 0 0 0
1.000000 0.000000 0.000000 0.000000
1.613927 -11.152449 -10.019284
0.716674 -0.656787 0.234542
255 255 255 255
0.255127 0.633789
0 0 0 0
1.000000 0.000000 0.000000 0.000000
1.551003 -10.550459 -9.105632
0.759965 -0.554836 0.338543
255 255 255 255
0.251953 0.655273
0 0 0 0
1.000000 0.000000 0.000000 0.000000
1.644792 -10.273050 -8.701256
0.729360 -0.633178 0.259072
255 255 255 255
0.248657 0.664551
0 0 0 0
1.000000 0.000000 0.000000 0.000000
1.439598 -10.323045 -8.156994
0.716243 -0.675823 0.173953
255 255 255 255
0.255859 0.675293
0 0 0 0
1.000000 0.000000 0.000000 0.000000
1.357511 -10.348784 -7.553399
0.609712 -0.791214 0.047241
255 255 255 255
0.260010 0.687012
0 0 0 0
1.000000 0.000000 0.000000 0.000000
1.320140 -10.401318 -6.946250
0.401401 -0.912936 -0.073660
255 255 255 255
0.263916 0.699219
0 0 0 0
1.000000 0.000000 0.000000 0.000000
1.487053 -10.448854 -6.390394
0.296091 -0.944363 -0.143206
255 255 255 255
0.262207 0.710938
0 0 0 0
1.000000 0.000000 0.000000 0.000000
1.459718 -10.452787 -7.001462
-0.096812 -0.987968 -0.120609
255 255 255 255
0.260010 0.698730
0 0 0 0
1.000000 0.000000 0.000000 0.000000
1.683781 -10.527884 -6.524576
-0.177831 -0.983970 0.013408
255 255 255 255
0.256592 0.708984
0 0 0 0
1.000000 0.000000 0.000000 0.000000
1.561476 -10.402462 -7.043380
0.321097 -0.911556 -0.256830
255 255 255 255
0.257080 0.697754
0 0 0 0
1.000000 0.000000 0.000000 0.000000
1.464335 -10.307776 -7.554356
0.468236 -0.875217 -0.121447
255 255 255 255
0.257080 0.687012
0 0 0 0
1.000000 0.000000 0.000000 0.000000
1.499084 -10.245468 -8.129529
0.687296 -0.719743 0.097945
255 255 255 255
0.253662 0.675781
0 0 0 0
1.000000 0.000000 0.000000 0.000000
1.657344 -10.202641 -8.616205
0.766475 -0.581628 0.272442
255 255 255 255
0.247925 0.666504
0 0 0 0
1.000000 0.000000 0.000000 0.000000
1.894760 -10.148964 -8.922555
0.576116 -0.698471 0.424534
255 255 255 255
0.240967 0.660645
0 0 0 0
1.000000 0.000000 0.000000 0.000000
1.867107 -10.208474 -8.978689
0.578122 -0.758055 0.301873
255 255 255 255
0.242065 0.659180
0 0 0 0
1.000000 0.000000 0.000000 0.000000
2.256263 -10.052413 -9.156653
0.518842 -0.821708 0.235796
255 255 255 255
0.231567 0.656250
0 0 0 0
1.000000 0.000000 0.000000 0.000000
2.271306 -10.005926 -9.082230
0.464742 -0.724327 0.509279
255 255 255 255
0.230957 0.657715
0 0 0 0
1.000000 0.000000 0.000000 0.000000
2.912838 -9.698019 -9.211972
0.520087 -0.824254 0.223863
255 255 255 255
0.213745 0.656250
0 0 0 0
1.000000 0.000000 0.000000 0.000000
1.969184 -10.368043 -9.624342
0.656140 -0.678275 0.330791
255 255 255 255
0.239624 0.645508
0 0 0 0
1.000000 0.000000 0.000000 0.000000
2.893450 -9.650941 -9.160467
0.420853 -0.688597 0.590523
255 255 255 255
0.213745 0.657715
0 0 0 0
1.000000 0.000000 0.000000 0.000000
3.269571 -9.437955 -9.164092
0.549695 -0.821948 0.149117
255 255 255 255
0.203491 0.658203
0 0 0 0
1.000000 0.000000 0.000000 0.000000
2.790925 -9.954598 -10.104052
0.612118 -0.763819 0.204676
255 255 255 255
0.216919 0.636230
0 0 0 0
1.000000 0.000000 0.000000 0.000000
2.193682 -10.648570 -10.503068
0.695987 -0.692587 0.189540
255 255 255 255
0.236328 0.625488
0 0 0 0
1.000000 0.000000 0.000000 0.000000
4.033006 -9.090916 -10.423425
0.600364 -0.797320 0.061994
255 255 255 255
0.180542 0.631836
0 0 0 0
1.000000 0.000000 0.000000 0.000000
2.874546 -10.145268 -10.939041
0.653292 -0.755362 0.051354
255 255 255 255
0.215820 0.617676
0 0 0 0
1.000000 0.000000 0.000000 0.000000
3.740625 -9.146636 -8.980011
0.453374 -0.885157 0.104642
255 255 255 255
0.191040 0.663086
0 0 0 0
1.000000 0.000000 0.000000 0.000000
3.244374 -9.399166 -9.105267
0.263285 -0.690282 0.673938
255 255 255 255
0.203857 0.659668
0 0 0 0
1.000000 0.000000 0.000000 0.000000
3.937092 -9.257971 -11.215434
0.652462 -0.757816 0.002705
255 255 255 255
0.183228 0.614258
0 0 0 0
1.000000 0.000000 0.000000 0.000000
4.942255 -8.382611 -10.611804
0.613057 -0.789755 -0.021168
255 255 255 255
0.152954 0.630371
0 0 0 0
1.000000 0.000000 0.000000 0.000000
4.133536 -8.939590 -8.730185
0.536510 -0.843857 0.007842
255 255 255 255
0.181396 0.669922
0 0 0 0
1.000000 0.000000 0.000000 0.000000
2.459449 -10.503997 -11.753532
0.662533 -0.746767 -0.058212
255 255 255 255
0.227295 0.599121
0 0 0 0
1.000000 0.000000 0.000000 0.000000
3.576334 -9.457036 -12.544361
0.653029 -0.752735 -0.083323
255 255 255 255
0.191406 0.583984
0 0 0 0
1.000000 0.000000 0.000000 0.000000
1.823914 -11.126932 -11.147588
0.696403 -0.717150 0.026831
255 255 255 255
0.248047 0.610840
0 0 0 0
1.000000 0.000000 0.000000 0.000000
1.494078 -11.363204 -12.145594
0.686258 -0.722833 -0.081006
255 255 255 255
0.256592 0.589355
0 0 0 0
1.000000 0.000000 0.000000 0.000000
0.750138 -12.167517 -11.173162
0.593462 -0.804717 -0.015297
255 255 255 255
0.280518 0.607422
0 0 0 0
1.000000 0.000000 0.000000 0.000000
1.342055 -11.550106 -11.997939
0.687307 -0.723902 -0.059793
255 255 255 255
0.261719 0.592285
0 0 0 0
1.000000 0.000000 0.000000 0.000000
1.704704 -11.051104 -12.788236
0.656815 -0.746319 -0.107709
255 255 255 255
0.248779 0.576172
0 0 0 0
1.000000 0.000000 0.000000 0.000000
3.219176 -9.573956 -13.730569
0.638012 -0.759931 -0.124278
255 255 255 255
0.199707 0.557129
0 0 0 0
1.000000 0.000000 0.000000 0.000000
4.361057 -8.688453 -13.272303
0.694392 -0.710912 -0.111466
255 255 255 255
0.165283 0.569336
0 0 0 0
1.000000 0.000000 0.000000 0.000000
4.854182 -8.427847 -11.493055
0.694278 -0.716769 -0.064971
255 255 255 255
0.153809 0.610352
0 0 0 0
1.000000 0.000000 0.000000 0.000000
5.292764 -7.859414 -11.816952
0.783875 -0.604995 -0.139719
255 255 255 255
0.136963 0.604004
0 0 0 0
1.000000 0.000000 0.000000 0.000000
5.166010 -8.081610 -11.526684
0.724449 -0.671344 -0.156432
255 255 255 255
0.142944 0.610352
0 0 0 0
1.000000 0.000000 0.000000 0.000000
5.170898 -8.098011 -11.323168
0.712956 -0.699158 -0.053596
255 255 255 255
0.143433 0.614746
0 0 0 0
1.000000 0.000000 0.000000 0.000000
3.900725 -8.919552 -14.255549
0.673377 -0.720268 -0.166665
255 255 255 255
0.177368 0.546387
0 0 0 0
1.000000 0.000000 0.000000 0.000000
4.780219 -8.083252 -13.683493
0.785165 -0.588883 -0.191656
255 255 255 255
0.148438 0.560547
0 0 0 0
1.000000 0.000000 0.000000 0.000000
2.059760 -10.501694 -13.935905
0.633898 -0.756271 -0.161949
255 255 255 255
0.235474 0.551758
0 0 0 0
1.000000 0.000000 0.000000 0.000000
2.784442 -9.737078 -14.713509
0.626842 -0.764436 -0.150686
255 255 255 255
0.211304 0.535156
0 0 0 0
1.000000 0.000000 0.000000 0.000000
1.893402 -10.671889 -13.791166
0.633755 -0.755755 -0.164894
255 255 255 255
0.240967 0.554688
0 0 0 0
1.000000 0.000000 0.000000 0.000000
1.670167 -11.061588 -12.921332
0.670952 -0.725139 -0.154906
255 255 255 255
0.249756 0.573242
0 0 0 0
1.000000 0.000000 0.000000 0.000000
1.723301 -10.824090 -13.757562
0.636069 -0.746633 -0.194821
255 255 255 255
0.246460 0.555664
0 0 0 0
1.000000 0.000000 0.000000 0.000000
1.588127 -11.127275 -12.977914
0.636139 -0.746176 -0.196336
255 255 255 255
0.252197 0.571777
0 0 0 0
1.000000 0.000000 0.000000 0.000000
1.004498 -11.383537 -13.866924
0.622532 -0.754555 -0.207606
255 255 255 255
0.268555 0.553223
0 0 0 0
1.000000 0.000000 0.000000 0.000000
0.950832 -11.660686 -13.086604
0.615951 -0.759306 -0.209903
255 255 255 255
0.271729 0.569336
0 0 0 0
1.000000 0.000000 0.000000 0.000000
0.907297 -11.433955 -13.902689
0.466748 -0.842694 -0.268354
255 255 255 255
0.271240 0.552246
0 0 0 0
1.000000 0.000000 0.000000 0.000000
0.876905 -11.716761 -13.061501
0.460755 -0.846181 -0.267737
255 255 255 255
0.273682 0.569824
0 0 0 0
1.000000 0.000000 0.000000 0.000000
0.822955 -11.432880 -14.030766
0.328506 -0.893981 -0.304766
255 255 255 255
0.273438 0.549316
0 0 0 0
1.000000 0.000000 0.000000 0.000000
0.793023 -11.800807 -12.942031
0.338500 -0.898732 -0.278745
255 255 255 255
0.276123 0.572266
0 0 0 0
1.000000 0.000000 0.000000 0.000000
0.038822 -11.650129 -14.178433
-0.002293 -0.947386 -0.320085
255 255 255 255
0.294189 0.545898
0 0 0 0
1.000000 0.000000 0.000000 0.000000
0.038692 -12.068793 -13.036314
-0.001245 -0.956790 -0.290777
255 255 255 255
0.295410 0.569824
0 0 0 0
1.000000 0.000000 0.000000 0.000000
0.520904 -11.234760 -14.966393
0.269832 -0.913750 -0.303730
255 255 255 255
0.280029 0.528809
0 0 0 0
1.000000 0.000000 0.000000 0.000000
0.623713 -12.140997 -11.907634
0.344503 -0.908723 -0.235671
255 255 255 255
0.282227 0.592773
0 0 0 0
1.000000 0.000000 0.000000 0.000000
-0.745348 -11.432880 -14.030766
-0.330938 -0.894477 -0.300651
255 255 255 255
0.315186 0.547363
0 0 0 0
1.000000 0.000000 0.000000 0.000000
-0.715651 -11.800807 -12.942031
-0.340706 -0.899090 -0.274875
255 255 255 255
0.314697 0.570312
0 0 0 0
1.000000 0.000000 0.000000 0.000000
-0.546566 -12.140997 -11.907634
-0.348981 -0.907388 -0.234221
255 255 255 255
0.310547 0.591309
0 0 0 0
1.000000 0.000000 0.000000 0.000000
0.038562 -12.400895 -11.756283
-0.000246 -0.977038 -0.213065
255 255 255 255
0.296631 0.595703
0 0 0 0
1.000000 0.000000 0.000000 0.000000
-0.443095 -11.234760 -14.966393
-0.274987 -0.913119 -0.300993
255 255 255 255
0.306396 0.527832
0 0 0 0
1.000000 0.000000 0.000000 0.000000
0.038928 -11.278673 -15.244121
-0.001479 -0.954770 -0.297343
255 255 255 255
0.292969 0.522461
0 0 0 0
1.000000 0.000000 0.000000 0.000000
0.526489 -11.170490 -15.193725
0.254618 -0.922614 -0.289745
255 255 255 255
0.279541 0.524414
0 0 0 0
1.000000 0.000000 0.000000 0.000000
0.619144 -10.675030 -16.708551
0.386909 -0.883921 -0.262652
255 255 255 255
0.275146 0.491211
0 0 0 0
1.000000 0.000000 0.000000 0.000000
0.642995 -11.095689 -15.290430
0.446417 -0.858957 -0.250809
255 255 255 255
0.276367 0.522461
0 0 0 0
1.000000 0.000000 0.000000 0.000000
1.458183 -10.654675 -15.234840
0.533043 -0.817521 -0.218002
255 255 255 255
0.252197 0.523438
0 0 0 0
1.000000 0.000000 0.000000 0.000000
1.550035 -10.247145 -16.525522
0.534158 -0.811846 -0.235756
255 255 255 255
0.247681 0.495117
0 0 0 0
1.000000 0.000000 0.000000 0.000000
1.632288 -9.809612 -17.715284
0.544699 -0.786781 -0.290309
255 255 255 255
0.243408 0.468262
0 0 0 0
1.000000 0.000000 0.000000 0.000000
0.653587 -10.297458 -17.943855
0.406991 -0.861924 -0.302399
255 255 255 255
0.272949 0.464111
0 0 0 0
1.000000 0.000000 0.000000 0.000000
0.665737 -9.944138 -18.763792
0.425882 -0.798973 -0.424578
255 255 255 255
0.271240 0.445312
0 0 0 0
1.000000 0.000000 0.000000 0.000000
2.643258 -9.202687 -17.113838
0.651476 -0.706272 -0.277055
255 255 255 255
0.211304 0.480713
0 0 0 0
1.000000 0.000000 0.000000 0.000000
1.714068 -9.424068 -18.456604
0.558012 -0.738136 -0.379181
255 255 255 255
0.239258 0.450928
0 0 0 0
1.000000 0.000000 0.000000 0.000000
2.641582 -8.812126 -18.005598
0.675495 -0.662496 -0.323736
255 255 255 255
0.208740 0.459473
0 0 0 0
1.000000 0.000000 0.000000 0.000000
2.714718 -9.467568 -16.152271
0.622475 -0.749385 -0.225714
255 255 255 255
0.211304 0.502930
0 0 0 0
1.000000 0.000000 0.000000 0.000000
2.705508 -9.745237 -15.001366
0.597166 -0.778987 -0.191237
255 255 255 255
0.213257 0.528809
0 0 0 0
1.000000 0.000000 0.000000 0.000000
3.271295 -9.182944 -15.526749
0.683782 -0.697171 -0.215393
255 255 255 255
0.194702 0.517090
0 0 0 0
1.000000 0.000000 0.000000 0.000000
3.491354 -8.614454 -16.301697
0.732986 -0.621125 -0.277371
255 255 255 255
0.183350 0.498779
0 0 0 0
1.000000 0.000000 0.000000 0.000000
3.240796 -8.310904 -17.490395
0.751661 -0.588537 -0.297707
255 255 255 255
0.187012 0.470215
0 0 0 0
1.000000 0.000000 0.000000 0.000000
3.331278 -7.865495 -18.136580
0.767456 -0.563603 -0.305555
255 255 255 255
0.180786 0.453857
0 0 0 0
1.000000 0.000000 0.000000 0.000000
2.725156 -8.309793 -18.777653
0.691756 -0.630123 -0.352730
255 255 255 255
0.203125 0.440186
0 0 0 0
1.000000 0.000000 0.000000 0.000000
1.798244 -8.908098 -19.241835
0.548054 -0.711594 -0.439626
255 255 255 255
0.234253 0.430908
0 0 0 0
1.000000 0.000000 0.000000 0.000000
0.652937 -9.439548 -19.536673
0.406972 -0.748194 -0.524004
255 255 255 255
0.269775 0.425293
0 0 0 0
1.000000 0.000000 0.000000 0.000000
0.039082 -9.611834 -19.670029
-0.003782 -0.789254 -0.614055
255 255 255 255
0.288086 0.423584
0 0 0 0
1.000000 0.000000 0.000000 0.000000
0.039105 -9.090669 -20.133467
-0.001771 -0.715307 -0.698808
255 255 255 255
0.287109 0.408447
0 0 0 0
1.000000 0.000000 0.000000 0.000000
0.656999 -9.024794 -20.024246
0.373199 -0.721697 -0.582989
255 255 255 255
0.267578 0.411865
0 0 0 0
1.000000 0.000000 0.000000 0.000000
-0.578800 -9.024794 -20.024246
-0.379660 -0.720044 -0.580858
255 255 255 255
0.307129 0.409668
0 0 0 0
1.000000 0.000000 0.000000 0.000000
-1.731971 -8.619012 -19.720057
-0.531410 -0.706625 -0.467210
255 255 255 255
0.342285 0.413330
0 0 0 0
1.000000 0.000000 0.000000 0.000000
1.810147 -8.619012 -19.720057
0.526747 -0.708666 -0.469393
255 255 255 255
0.232910 0.418701
0 0 0 0
1.000000 0.000000 0.000000 0.000000
2.746634 -8.004010 -19.250786
0.701963 -0.613914 -0.361051
255 255 255 255
0.200562 0.427979
0 0 0 0
1.000000 0.000000 0.000000 0.000000
3.398959 -7.356964 -18.830267
0.773292 -0.554189 -0.308049
255 255 255 255
0.174316 0.436035
0 0 0 0
1.000000 0.000000 0.000000 0.000000
4.130336 -6.705347 -18.201323
0.787137 -0.546755 -0.285435
255 255 255 255
0.146118 0.450439
0 0 0 0
1.000000 0.000000 0.000000 0.000000
3.964923 -7.478783 -17.117687
0.780644 -0.551451 -0.294104
255 255 255 255
0.158081 0.477295
0 0 0 0
1.000000 0.000000 0.000000 0.000000
4.107973 -7.258063 -17.147137
0.805390 -0.534814 -0.255579
255 255 255 255
0.152100 0.476562
0 0 0 0
1.000000 0.000000 0.000000 0.000000
4.420544 -6.407712 -17.933678
0.815520 -0.520977 -0.252012
255 255 255 255
0.134521 0.456787
0 0 0 0
1.000000 0.000000 0.000000 0.000000
3.871489 -7.754645 -16.896507
0.776683 -0.553946 -0.299845
255 255 255 255
0.163940 0.483154
0 0 0 0
1.000000 0.000000 0.000000 0.000000
3.902024 -7.886571 -16.594515
0.770431 -0.560658 -0.303479
255 255 255 255
0.164795 0.490479
0 0 0 0
1.000000 0.000000 0.000000 0.000000
4.056007 -8.402247 -15.199961
0.761601 -0.595140 -0.256459
255 255 255 255
0.167480 0.524414
0 0 0 0
1.000000 0.000000 0.000000 0.000000
4.031660 -7.873099 -16.307493
0.775505 -0.564288 -0.283145
255 255 255 255
0.161743 0.497803
0 0 0 0
1.000000 0.000000 0.000000 0.000000
5.041911 -7.480956 -14.248441
0.800615 -0.553674 -0.229042
255 255 255 255
0.134033 0.547363
0 0 0 0
1.000000 0.000000 0.000000 0.000000
2.779507 -9.714703 -14.869369
0.628050 -0.764355 -0.145999
255 255 255 255
0.211182 0.531738
0 0 0 0
1.000000 0.000000 0.000000 0.000000
5.188763 -7.311280 -14.145950
0.821346 -0.545654 -0.166289
255 255 255 255
0.128662 0.549805
0 0 0 0
1.000000 0.000000 0.000000 0.000000
5.877845 -6.683491 -12.793267
0.823293 -0.541661 -0.169679
255 255 255 255
0.107056 0.582520
0 0 0 0
1.000000 0.000000 0.000000 0.000000
5.369774 -7.063296 -14.126456
0.829314 -0.531571 -0.172253
255 255 255 255
0.121399 0.550781
0 0 0 0
1.000000 0.000000 0.000000 0.000000
5.933246 -6.562923 -12.824687
0.890421 -0.406678 -0.204360
255 255 255 255
0.104065 0.582031
0 0 0 0
1.000000 0.000000 0.000000 0.000000
5.621383 -6.456147 -14.406946
0.907145 -0.366783 -0.206296
255 255 255 255
0.107117 0.543945
0 0 0 0
1.000000 0.000000 0.000000 0.000000
5.997196 -6.453514 -12.734346
0.906729 -0.359902 -0.219803
255 255 255 255
0.101135 0.583984
0 0 0 0
1.000000 0.000000 0.000000 0.000000
6.308942 -5.235483 -13.450976
0.914576 -0.340768 -0.217778
255 255 255 255
0.074036 0.567383
0 0 0 0
1.000000 0.000000 0.000000 0.000000
5.689631 -6.103795 -14.681427
0.910947 -0.349246 -0.219551
255 255 255 255
0.100098 0.537109
0 0 0 0
1.000000 0.000000 0.000000 0.000000
6.176803 -6.267437 -12.381677
0.907291 -0.356105 -0.223633
255 255 255 255
0.095520 0.592773
0 0 0 0
1.000000 0.000000 0.000000 0.000000
6.731667 -4.932027 -12.214869
0.918462 -0.329469 -0.218810
255 255 255 255
0.062927 0.598145
0 0 0 0
1.000000 0.000000 0.000000 0.000000
6.658885 -3.737471 -14.307644
0.916836 -0.333479 -0.219551
255 255 255 255
0.040924 0.546387
0 0 0 0
1.000000 0.000000 0.000000 0.000000
7.084019 -3.268295 -13.128119
0.922520 -0.317417 -0.219551
255 255 255 255
0.025696 0.576172
0 0 0 0
1.000000 0.000000 0.000000 0.000000
5.683632 -5.877265 -14.990078
0.910511 -0.348588 -0.222387
255 255 255 255
0.096436 0.529297
0 0 0 0
1.000000 0.000000 0.000000 0.000000
6.204007 -4.279820 -15.376874
0.909954 -0.349348 -0.223473
255 255 255 255
0.059143 0.519531
0 0 0 0
1.000000 0.000000 0.000000 0.000000
5.584507 -5.881303 -15.287254
0.867075 -0.427349 -0.256034
255 255 255 255
0.098511 0.521973
0 0 0 0
1.000000 0.000000 0.000000 0.000000
5.873417 -4.761548 -16.049509
0.867316 -0.426447 -0.256721
255 255 255 255
0.074707 0.502930
0 0 0 0
1.000000 0.000000 0.000000 0.000000
5.077015 -5.695662 -17.177410
0.836377 -0.479629 -0.265385
255 255 255 255
0.107849 0.475098
0 0 0 0
1.000000 0.000000 0.000000 0.000000
4.808391 -6.579242 -16.322950
0.836117 -0.480364 -0.264874
255 255 255 255
0.126221 0.496582
0 0 0 0
1.000000 0.000000 0.000000 0.000000
4.276361 -7.051889 -16.991983
0.815520 -0.520977 -0.252012
255 255 255 255
0.145142 0.480225
0 0 0 0
1.000000 0.000000 0.000000 0.000000
7.391525 -2.915282 -12.171735
0.929797 -0.296250 -0.218435
255 255 255 255
0.015152 0.600586
0 0 0 0
1.000000 0.000000 0.000000 0.000000
7.210479 -4.484812 -10.905625
0.925973 -0.325266 -0.191772
255 255 255 255
0.049652 0.631348
0 0 0 0
1.000000 0.000000 0.000000 0.000000
7.778192 -2.647754 -10.882116
0.937712 -0.283933 -0.200196
255 255 255 255
0.006725 0.634277
0 0 0 0
1.000000 0.000000 0.000000 0.000000
6.497097 -6.119688 -11.194393
0.910208 -0.365612 -0.194546
255 255 255 255
0.089417 0.621582
0 0 0 0
1.000000 0.000000 0.000000 0.000000
6.479940 -6.067510 -11.393765
0.911165 -0.353823 -0.211158
255 255 255 255
0.088440 0.616699
0 0 0 0
1.000000 0.000000 0.000000 0.000000
6.865684 -5.827614 -9.970577
0.907693 -0.391306 -0.151569
255 255 255 255
0.080933 0.651855
0 0 0 0
1.000000 0.000000 0.000000 0.000000
7.609211 -4.107665 -9.529421
0.931326 -0.324589 -0.165147
255 255 255 255
0.040192 0.666016
0 0 0 0
1.000000 0.000000 0.000000 0.000000
8.106881 -2.452220 -9.454524
0.942491 -0.285334 -0.174052
255 255 255 255
0.001991 0.671387
0 0 0 0
1.000000 0.000000 0.000000 0.000000
7.342866 -5.142581 -8.531332
0.922128 -0.370259 -0.112194
255 255 255 255
0.065918 0.687988
0 0 0 0
1.000000 0.000000 0.000000 0.000000
7.853902 -3.908068 -8.393914
0.935664 -0.324832 -0.137902
255 255 255 255
0.036804 0.694824
0 0 0 0
1.000000 0.000000 0.000000 0.000000
7.288563 -5.233582 -8.679093
0.921407 -0.364734 -0.134080
255 255 255 255
0.067871 0.684082
0 0 0 0
1.000000 0.000000 0.000000 0.000000
7.222546 -5.364765 -8.759031
0.917775 -0.368558 -0.147832
255 255 255 255
0.070862 0.682129
0 0 0 0
1.000000 0.000000 0.000000 0.000000
6.456254 -6.261226 -11.094584
0.892439 -0.419165 -0.166896
255 255 255 255
0.092590 0.624023
0 0 0 0
1.000000 0.000000 0.000000 0.000000
6.270496 -6.985661 -9.916959
0.844639 -0.518229 -0.134250
255 255 255 255
0.109985 0.650879
0 0 0 0
1.000000 0.000000 0.000000 0.000000
6.830674 -6.177392 -8.935449
0.890374 -0.440134 -0.116257
255 255 255 255
0.090332 0.675293
0 0 0 0
1.000000 0.000000 0.000000 0.000000
6.057534 -7.054818 -10.878514
0.854055 -0.499059 -0.146730
255 255 255 255
0.112610 0.628418
0 0 0 0
1.000000 0.000000 0.000000 0.000000
5.590188 -7.720686 -10.731628
0.782775 -0.612443 -0.110346
255 255 255 255
0.131226 0.629883
0 0 0 0
1.000000 0.000000 0.000000 0.000000
5.513343 -7.945728 -9.984003
0.672118 -0.735345 -0.086754
255 255 255 255
0.137695 0.645996
0 0 0 0
1.000000 0.000000 0.000000 0.000000
6.371133 -7.019040 -9.024668
0.823736 -0.553376 -0.123431
255 255 255 255
0.111328 0.670898
0 0 0 0
1.000000 0.000000 0.000000 0.000000
6.281938 -7.187677 -8.929238
0.779382 -0.615610 -0.116566
255 255 255 255
0.115723 0.672852
0 0 0 0
1.000000 0.000000 0.000000 0.000000
5.457434 -7.870631 -10.734321
0.738701 -0.665184 -0.108862
255 255 255 255
0.135864 0.628906
0 0 0 0
1.000000 0.000000 0.000000 0.000000
4.546709 -8.772264 -8.452787
0.567849 -0.822552 -0.030907
255 255 255 255
0.171753 0.677246
0 0 0 0
1.000000 0.000000 0.000000 0.000000
4.835880 -8.640148 -8.190870
0.579495 -0.812297 -0.066014
255 255 255 255
0.165161 0.683594
0 0 0 0
1.000000 0.000000 0.000000 0.000000
5.683349 -7.993502 -8.412759
0.703552 -0.704722 -0.091551
255 255 255 255
0.139771 0.681641
0 0 0 0
1.000000 0.000000 0.000000 0.000000
6.267426 -7.225225 -8.741756
0.776648 -0.625425 -0.075241
255 255 255 255
0.117188 0.677246
0 0 0 0
1.000000 0.000000 0.000000 0.000000
4.975670 -8.595952 -7.970090
0.568794 -0.811894 -0.131533
255 255 255 255
0.162720 0.688965
0 0 0 0
1.000000 0.000000 0.000000 0.000000
5.736755 -8.032821 -7.757306
0.741340 -0.664627 -0.093194
255 255 255 255
0.141602 0.696777
0 0 0 0
1.000000 0.000000 0.000000 0.000000
6.287546 -7.230976 -8.529691
0.784689 -0.615224 -0.075908
255 255 255 255
0.117615 0.682129
0 0 0 0
1.000000 0.000000 0.000000 0.000000
4.518548 -8.754210 -8.417624
-0.013754 -0.868924 0.494754
255 255 255 255
0.172607 0.677734
0 0 0 0
1.000000 0.000000 0.000000 0.000000
4.792616 -8.619898 -8.159675
-0.088014 -0.914110 0.395799
255 255 255 255
0.166382 0.684570
0 0 0 0
1.000000 0.000000 0.000000 0.000000
4.919477 -8.582833 -7.947810
-0.217144 -0.961577 0.167983
255 255 255 255
0.164185 0.689453
0 0 0 0
1.000000 0.000000 0.000000 0.000000
5.351696 -7.968032 -10.837400
0.698666 -0.710476 -0.084198
255 255 255 255
0.139038 0.626465
0 0 0 0
1.000000 0.000000 0.000000 0.000000
4.099424 -8.919540 -8.701929
0.000358 -0.814690 0.579897
255 255 255 255
0.182251 0.670410
0 0 0 0
1.000000 0.000000 0.000000 0.000000
3.690856 -9.116550 -8.946029
0.122651 -0.738924 0.662532
255 255 255 255
0.192017 0.664062
0 0 0 0
1.000000 0.000000 0.000000 0.000000
4.998908 -8.567188 -7.640374
-0.257652 -0.966206 0.007861
255 255 255 255
0.163330 0.696289
0 0 0 0
1.000000 0.000000 0.000000 0.000000
5.089331 -8.593449 -7.635711
0.565313 -0.813804 -0.134701
255 255 255 255
0.161255 0.696777
0 0 0 0
1.000000 0.000000 0.000000 0.000000
5.051393 -8.620074 -7.269354
-0.255775 -0.958209 -0.128120
255 255 255 255
0.164185 0.704102
0 0 0 0
1.000000 0.000000 0.000000 0.000000
5.126796 -8.643064 -7.244901
0.560476 -0.811770 -0.164002
255 255 255 255
0.162720 0.705078
0 0 0 0
1.000000 0.000000 0.000000 0.000000
5.089696 -8.732956 -6.887294
0.618988 -0.762335 -0.188942
255 255 255 255
0.166260 0.712402
0 0 0 0
1.000000 0.000000 0.000000 0.000000
5.201007 -8.667860 -6.843559
0.693646 -0.708580 -0.129499
255 255 255 255
0.163452 0.713867
0 0 0 0
1.000000 0.000000 0.000000 0.000000
5.039290 -8.949307 -6.416170
0.809162 -0.587109 0.023673
255 255 255 255
0.171753 0.722168
0 0 0 0
1.000000 0.000000 0.000000 0.000000
4.956117 -9.016068 -6.481643
0.655479 -0.725235 -0.210671
255 255 255 255
0.173828 0.720703
0 0 0 0
1.000000 0.000000 0.000000 0.000000
6.097254 -7.783514 -6.459291
0.787535 -0.604186 -0.121436
255 255 255 255
0.136719 0.727051
0 0 0 0
1.000000 0.000000 0.000000 0.000000
6.447280 -7.133917 -7.391800
0.795879 -0.597790 -0.096041
255 255 255 255
0.117310 0.708496
0 0 0 0
1.000000 0.000000 0.000000 0.000000
6.817249 -6.684754 -6.335854
0.884261 -0.453535 -0.111304
255 255 255 255
0.108521 0.734863
0 0 0 0
1.000000 0.000000 0.000000 0.000000
6.503839 -7.077984 -7.254005
0.808360 -0.580116 -0.100095
255 255 255 255
0.116028 0.711914
0 0 0 0
1.000000 0.000000 0.000000 0.000000
6.581651 -6.957841 -7.167892
0.843428 -0.534020 -0.058755
255 255 255 255
0.113159 0.714355
0 0 0 0
1.000000 0.000000 0.000000 0.000000
4.804767 -9.226739 -6.155892
0.755229 -0.634664 0.163801
255 255 255 255
0.180542 0.727051
0 0 0 0
1.000000 0.000000 0.000000 0.000000
4.737097 -9.271821 -6.220611
0.632162 -0.765975 -0.116851
255 255 255 255
0.182129 0.725586
0 0 0 0
1.000000 0.000000 0.000000 0.000000
4.393115 -9.574404 -5.917709
0.641142 -0.744491 0.186199
255 255 255 255
0.193359 0.731445
0 0 0 0
1.000000 0.000000 0.000000 0.000000
4.360597 -9.587605 -6.009561
0.560823 -0.823907 -0.081577
255 255 255 255
0.193726 0.729004
0 0 0 0
1.000000 0.000000 0.000000 0.000000
3.958936 -9.850537 -5.804733
0.498551 -0.850368 0.168289
255 255 255 255
0.205200 0.732422
0 0 0 0
1.000000 0.000000 0.000000 0.000000
3.942524 -9.849924 -5.923317
0.465167 -0.882233 -0.072696
255 255 255 255
0.205078 0.729980
0 0 0 0
1.000000 0.000000 0.000000 0.000000
3.412916 -10.099207 -5.879759
0.382472 -0.922121 -0.058385
255 255 255 255
0.218384 0.728516
0 0 0 0
1.000000 0.000000 0.000000 0.000000
2.888479 -10.299370 -5.914497
0.320085 -0.946993 -0.027375
255 255 255 255
0.231079 0.726074
0 0 0 0
1.000000 0.000000 0.000000 0.000000
2.366357 -10.456093 -6.042007
0.262803 -0.964786 -0.011123
255 255 255 255
0.243042 0.721191
0 0 0 0
1.000000 0.000000 0.000000 0.000000
1.960682 -10.550708 -6.192898
-0.093893 -0.973282 0.209538
255 255 255 255
0.251953 0.716797
0 0 0 0
1.000000 0.000000 0.000000 0.000000
2.018540 -10.530540 -6.278574
0.198780 -0.971096 -0.132136
255 255 255 255
0.250244 0.715332
0 0 0 0
1.000000 0.000000 0.000000 0.000000
1.762951 -10.483073 -6.604749
0.244419 -0.931621 -0.268964
255 255 255 255
0.254150 0.707520
0 0 0 0
1.000000 0.000000 0.000000 0.000000
6.683834 -6.780704 -7.208215
0.903273 -0.422450 -0.075053
255 255 255 255
0.108582 0.713867
0 0 0 0
1.000000 0.000000 0.000000 0.000000
7.364569 -5.244752 -7.775725
0.907362 -0.411907 -0.083821
255 255 255 255
0.069885 0.706055
0 0 0 0
1.000000 0.000000 0.000000 0.000000
7.107127 -6.426911 -5.289507
0.892005 -0.446823 -0.068387
255 255 255 255
0.105469 0.760254
0 0 0 0
1.000000 0.000000 0.000000 0.000000
8.087445 -3.856363 -6.635627
0.926887 -0.357609 -0.114005
255 255 255 255
0.040100 0.738770
0 0 0 0
1.000000 0.000000 0.000000 0.000000
7.390805 -5.157742 -7.887614
0.915022 -0.387883 -0.110825
255 255 255 255
0.067627 0.703613
0 0 0 0
1.000000 0.000000 0.000000 0.000000
8.162920 -4.072985 -5.427409
0.926410 -0.370350 -0.067860
255 255 255 255
0.049561 0.767578
0 0 0 0
1.000000 0.000000 0.000000 0.000000
8.332950 -2.411259 -8.415876
0.943778 -0.299854 -0.139179
255 255 255 255
0.002012 0.698242
0 0 0 0
1.000000 0.000000 0.000000 0.000000
8.574523 -2.391694 -6.575431
0.947780 -0.301043 -0.105291
255 255 255 255
0.006779 0.745605
0 0 0 0
1.000000 0.000000 0.000000 0.000000
8.656290 -2.394741 -5.424728
0.951804 -0.304178 -0.039293
255 255 255 255
0.011864 0.774902
0 0 0 0
1.000000 0.000000 0.000000 0.000000
6.284323 -7.760690 -4.739802
0.864272 -0.486818 0.126658
255 255 255 255
0.141235 0.766113
0 0 0 0
1.000000 0.000000 0.000000 0.000000
7.164594 -6.114091 -4.844217
0.892161 -0.423145 0.158107
255 255 255 255
0.101501 0.772461
0 0 0 0
1.000000 0.000000 0.000000 0.000000
7.219913 -5.933493 -4.772332
0.902099 -0.389291 0.186199
255 255 255 255
0.098022 0.774902
0 0 0 0
1.000000 0.000000 0.000000 0.000000
7.218189 -5.821474 -4.589810
0.889720 -0.445789 0.098335
255 255 255 255
0.096924 0.779785
0 0 0 0
1.000000 0.000000 0.000000 0.000000
8.061103 -4.083789 -4.554163
0.917629 -0.392142 0.064670
255 255 255 255
0.055908 0.789062
0 0 0 0
1.000000 0.000000 0.000000 0.000000
8.681087 -2.449941 -4.523840
0.932453 -0.358085 0.048028
255 255 255 255
0.018234 0.797363
0 0 0 0
1.000000 0.000000 0.000000 0.000000
7.733876 -4.500552 -2.984807
0.905677 -0.417019 0.076458
255 255 255 255
0.077637 0.825195
0 0 0 0
1.000000 0.000000 0.000000 0.000000
7.018156 -5.900561 -3.303840
0.890302 -0.448819 0.076969
255 255 255 255
0.108704 0.809082
0 0 0 0
1.000000 0.000000 0.000000 0.000000
8.526299 -2.699236 -2.849952
0.919706 -0.384866 0.077589
255 255 255 255
0.036438 0.838379
0 0 0 0
1.000000 0.000000 0.000000 0.000000
6.948491 -6.027517 -3.063317
0.886680 -0.459010 0.055749
255 255 255 255
0.113281 0.813965
0 0 0 0
1.000000 0.000000 0.000000 0.000000
7.530159 -4.733576 -1.723693
0.903551 -0.406994 0.133981
255 255 255 255
0.094360 0.853516
0 0 0 0
1.000000 0.000000 0.000000 0.000000
8.238170 -2.964862 -1.659813
0.915796 -0.371752 0.152045
255 255 255 255
0.054688 0.866699
0 0 0 0
1.000000 0.000000 0.000000 0.000000
7.014153 -5.345719 -0.657250
0.883939 -0.441531 0.153956
255 255 255 255
0.120972 0.873535
0 0 0 0
1.000000 0.000000 0.000000 0.000000
7.784225 -3.175782 -0.383679
0.902149 -0.331375 0.276257
255 255 255 255
0.076477 0.897461
0 0 0 0
1.000000 0.000000 0.000000 0.000000
7.376282 -4.471092 -0.467112
0.892662 -0.346333 0.288457
255 255 255 255
0.103638 0.884766
0 0 0 0
1.000000 0.000000 0.000000 0.000000
6.838999 -5.943411 -1.283385
0.878327 -0.459992 0.130189
255 255 255 255
0.127319 0.854492
0 0 0 0
1.000000 0.000000 0.000000 0.000000
6.408858 -6.728230 -1.571834
0.827460 -0.551973 0.103136
255 255 255 255
0.142944 0.842285
0 0 0 0
1.000000 0.000000 0.000000 0.000000
6.946271 -5.334892 -0.413269
0.852444 -0.393477 0.344261
255 255 255 255
0.124023 0.878906
0 0 0 0
1.000000 0.000000 0.000000 0.000000
7.303936 -3.402748 0.580039
0.868701 -0.297094 0.396349
255 255 255 255
0.097412 0.919922
0 0 0 0
1.000000 0.000000 0.000000 0.000000
6.587201 -5.526199 0.268801
0.837586 -0.398482 0.373715
255 255 255 255
0.138428 0.892578
0 0 0 0
1.000000 0.000000 0.000000 0.000000
6.845327 -4.542906 0.713702
0.832741 -0.348547 0.430183
255 255 255 255
0.124207 0.912109
0 0 0 0
1.000000 0.000000 0.000000 0.000000
6.623427 -3.632560 1.576462
0.773622 -0.307385 0.554097
255 255 255 255
0.123047 0.942383
0 0 0 0
1.000000 0.000000 0.000000 0.000000
6.408374 -5.707494 0.383536
0.728655 -0.450823 0.515578
255 255 255 255
0.144653 0.893555
0 0 0 0
1.000000 0.000000 0.000000 0.000000
6.095094 -4.847945 1.576722
0.705534 -0.399913 0.585057
255 255 255 255
0.149658 0.929199
0 0 0 0
1.000000 0.000000 0.000000 0.000000
5.828725 -3.913972 2.376713
0.670458 -0.349383 0.654536
255 255 255 255
0.150757 0.958984
0 0 0 0
1.000000 0.000000 0.000000 0.000000
4.947332 -6.067652 1.965075
0.677896 -0.444000 0.585936
255 255 255 255
0.188965 0.924805
0 0 0 0
1.000000 0.000000 0.000000 0.000000
5.181052 -4.059277 2.891915
0.603301 -0.359544 0.711868
255 255 255 255
0.171631 0.970215
0 0 0 0
1.000000 0.000000 0.000000 0.000000
4.390364 -4.191511 3.376220
0.489217 -0.363523 0.792791
255 255 255 255
0.195801 0.980469
0 0 0 0
1.000000 0.000000 0.000000 0.000000
3.600162 -4.309823 3.746223
0.399928 -0.373451 0.837013
255 255 255 255
0.219360 0.987305
0 0 0 0
1.000000 0.000000 0.000000 0.000000
2.457678 -5.355838 3.769958
0.308977 -0.402948 0.861490
255 255 255 255
0.252686 0.972656
0 0 0 0
1.000000 0.000000 0.000000 0.000000
2.555752 -4.446189 4.133845
0.306538 -0.378955 0.873171
255 255 255 255
0.249268 0.993652
0 0 0 0
1.000000 0.000000 0.000000 0.000000
2.321110 -6.385231 3.304098
0.257921 -0.417751 0.871184
255 255 255 255
0.257812 0.948730
0 0 0 0
1.000000 0.000000 0.000000 0.000000
1.530080 -6.319095 3.579406
0.253923 -0.416288 0.873057
255 255 255 255
0.277344 0.954590
0 0 0 0
1.000000 0.000000 0.000000 0.000000
1.282096 -5.357657 4.093628
0.191363 -0.387210 0.901914
255 255 255 255
0.283447 0.978516
0 0 0 0
1.000000 0.000000 0.000000 0.000000
1.388187 -4.519102 4.415942
0.186419 -0.371606 0.909482
255 255 255 255
0.281494 0.998047
0 0 0 0
1.000000 0.000000 0.000000 0.000000
1.395685 -6.362571 3.601013
0.207130 -0.411952 0.887351
255 255 255 255
0.280762 0.954102
0 0 0 0
1.000000 0.000000 0.000000 0.000000
0.036909 -6.147329 3.939420
-0.000096 -0.412332 0.911034
255 255 255 255
0.315186 0.962402
0 0 0 0
1.000000 0.000000 0.000000 0.000000
0.036885 -5.281533 4.289033
-0.001302 -0.365503 0.930809
255 255 255 255
0.316162 0.982422
0 0 0 0
1.000000 0.000000 0.000000 0.000000
1.261409 -6.446842 3.586182
0.156938 -0.419191 0.894231
255 255 255 255
0.283936 0.952637
0 0 0 0
1.000000 0.000000 0.000000 0.000000
0.036885 -4.615311 4.534844
-0.000197 -0.362886 0.931834
255 255 255 255
0.316895 0.998047
0 0 0 0
1.000000 0.000000 0.000000 0.000000
0.036921 -7.011980 3.537500
-0.000154 -0.453212 0.891403
255 255 255 255
0.314209 0.942871
0 0 0 0
1.000000 0.000000 0.000000 0.000000
-1.187568 -6.446842 3.586182
-0.156153 -0.420558 0.893727
255 255 255 255
0.345215 0.949707
0 0 0 0
1.000000 0.000000 0.000000 0.000000
-1.208290 -5.357657 4.093628
-0.191768 -0.389318 0.900920
255 255 255 255
0.348145 0.975098
0 0 0 0
1.000000 0.000000 0.000000 0.000000
0.036897 -5.352638 4.260577
-0.001881 -0.374256 0.927323
255 255 255 255
0.315918 0.980469
0 0 0 0
1.000000 0.000000 0.000000 0.000000
-1.314417 -4.519102 4.415942
-0.188350 -0.371193 0.909252
255 255 255 255
0.352295 0.994629
0 0 0 0
1.000000 0.000000 0.000000 0.000000
-1.456239 -6.319095 3.579406
-0.254037 -0.415865 0.873225
255 255 255 255
0.352051 0.950684
0 0 0 0
1.000000 0.000000 0.000000 0.000000
-2.383848 -5.355838 3.769958
-0.311901 -0.402033 0.860864
255 255 255 255
0.378174 0.966309
0 0 0 0
1.000000 0.000000 0.000000 0.000000
-1.321844 -6.362571 3.601013
-0.210901 -0.413752 0.885624
255 255 255 255
0.348633 0.950684
0 0 0 0
1.000000 0.000000 0.000000 0.000000
-0.835747 -7.024389 3.375086
-0.157282 -0.444909 0.881656
255 255 255 255
0.334961 0.938477
0 0 0 0
1.000000 0.000000 0.000000 0.000000
0.909612 -7.024389 3.375086
0.155479 -0.444406 0.882230
255 255 255 255
0.292969 0.940430
0 0 0 0
1.000000 0.000000 0.000000 0.000000
0.036944 -7.891543 3.051934
-0.000917 -0.561774 0.827290
255 255 255 255
0.312988 0.922363
0 0 0 0
1.000000 0.000000 0.000000 0.000000
-0.759871 -7.778626 2.966257
-0.159085 -0.549552 0.820173
255 255 255 255
0.331055 0.921387
0 0 0 0
1.000000 0.000000 0.000000 0.000000
0.870647 -8.822871 2.172157
0.160040 -0.604107 0.780667
255 255 255 255
0.293701 0.896484
0 0 0 0
1.000000 0.000000 0.000000 0.000000
0.036980 -9.051019 2.155509
0.000115 -0.663282 0.748370
255 255 255 255
0.311523 0.892578
0 0 0 0
1.000000 0.000000 0.000000 0.000000
0.833759 -7.778626 2.966257
0.157360 -0.548976 0.820892
255 255 255 255
0.294922 0.923340
0 0 0 0
1.000000 0.000000 0.000000 0.000000
-0.796699 -8.822871 2.172157
-0.160237 -0.605800 0.779314
255 255 255 255
0.329834 0.894531
0 0 0 0
1.000000 0.000000 0.000000 0.000000
0.906223 -8.925621 2.064094
0.172709 -0.699912 0.693033
255 255 255 255
0.292725 0.893066
0 0 0 0
1.000000 0.000000 0.000000 0.000000
0.992962 -9.007153 1.957436
0.169980 -0.738733 0.652212
255 255 255 255
0.290771 0.890137
0 0 0 0
1.000000 0.000000 0.000000 0.000000
0.037003 -9.527575 1.600786
-0.001338 -0.829045 0.559181
255 255 255 255
0.310791 0.877930
0 0 0 0
1.000000 0.000000 0.000000 0.000000
-0.862739 -9.390689 1.547108
-0.204815 -0.818578 0.536638
255 255 255 255
0.330078 0.876953
0 0 0 0
1.000000 0.000000 0.000000 0.000000
0.936746 -9.390689 1.547108
0.203903 -0.818676 0.536837
255 255 255 255
0.291748 0.878906
0 0 0 0
1.000000 0.000000 0.000000 0.000000
-0.832264 -8.925621 2.064094
-0.173909 -0.700930 0.691703
255 255 255 255
0.330322 0.891113
0 0 0 0
1.000000 0.000000 0.000000 0.000000
-0.918991 -9.007153 1.957436
-0.168773 -0.738165 0.653168
255 255 255 255
0.332275 0.888184
0 0 0 0
1.000000 0.000000 0.000000 0.000000
1.549137 -9.032468 1.757851
0.252681 -0.772469 0.582618
255 255 255 255
0.278320 0.886719
0 0 0 0
1.000000 0.000000 0.000000 0.000000
0.972110 -10.144241 0.289984
0.216478 -0.894534 0.391082
255 255 255 255
0.289795 0.849121
0 0 0 0
1.000000 0.000000 0.000000 0.000000
2.013911 -9.879726 0.202478
0.325069 -0.871228 0.367821
255 255 255 255
0.267334 0.850586
0 0 0 0
1.000000 0.000000 0.000000 0.000000
0.037051 -10.313823 0.282675
-0.001039 -0.920968 0.389638
255 255 255 255
0.309326 0.847168
0 0 0 0
1.000000 0.000000 0.000000 0.000000
-0.898009 -10.144241 0.289984
-0.215036 -0.894832 0.391197
255 255 255 255
0.329102 0.847168
0 0 0 0
1.000000 0.000000 0.000000 0.000000
-1.939797 -9.879726 0.202478
-0.322065 -0.872488 0.367477
255 255 255 255
0.351562 0.846191
0 0 0 0
1.000000 0.000000 0.000000 0.000000
-2.262701 -9.072307 1.333130
-0.355359 -0.764746 0.537479
255 255 255 255
0.360596 0.874023
0 0 0 0
1.000000 0.000000 0.000000 0.000000
-1.475155 -9.032468 1.757851
-0.255455 -0.772679 0.581128
255 255 255 255
0.343994 0.883301
0 0 0 0
1.000000 0.000000 0.000000 0.000000
-1.770039 -10.380217 -1.361812
-0.322217 -0.920026 0.222999
255 255 255 255
0.347168 0.812988
0 0 0 0
1.000000 0.000000 0.000000 0.000000
-0.718083 -10.642359 -1.324842
-0.215890 -0.947994 0.233877
255 255 255 255
0.323975 0.813477
0 0 0 0
1.000000 0.000000 0.000000 0.000000
0.037228 -10.769338 -1.300825
-0.000439 -0.969697 0.244311
255 255 255 255
0.307617 0.813965
0 0 0 0
1.000000 0.000000 0.000000 0.000000
0.792551 -10.642359 -1.324842
0.216138 -0.947272 0.236560
255 255 255 255
0.291260 0.814941
0 0 0 0
1.000000 0.000000 0.000000 0.000000
-2.909311 -9.919707 -1.441313
-0.433532 -0.877095 0.206770
255 255 255 255
0.373779 0.812988
0 0 0 0
1.000000 0.000000 0.000000 0.000000
-3.896195 -9.355620 -1.525726
-0.569164 -0.800215 0.188966
255 255 255 255
0.398193 0.813965
0 0 0 0
1.000000 0.000000 0.000000 0.000000
-3.362347 -9.333977 -0.331312
-0.471610 -0.844749 0.252950
255 255 255 255
0.384766 0.838379
0 0 0 0
1.000000 0.000000 0.000000 0.000000
-3.027671 -9.396970 0.012587
-0.406384 -0.877071 0.256122
255 255 255 255
0.376709 0.845215
0 0 0 0
1.000000 0.000000 0.000000 0.000000
-4.590720 -8.738352 -1.297968
-0.652984 -0.728619 0.206701
255 255 255 255
0.417236 0.821289
0 0 0 0
1.000000 0.000000 0.000000 0.000000
-3.611748 -9.178399 -0.346366
-0.601872 -0.751114 0.271250
255 255 255 255
0.391113 0.838867
0 0 0 0
1.000000 0.000000 0.000000 0.000000
-3.507900 -9.256413 -0.374197
-0.520334 -0.818556 0.243348
255 255 255 255
0.388428 0.837891
0 0 0 0
1.000000 0.000000 0.000000 0.000000
-5.505624 -7.869096 -1.767251
-0.738165 -0.657970 0.148956
255 255 255 255
0.446045 0.815430
0 0 0 0
1.000000 0.000000 0.000000 0.000000
-4.232405 -8.511314 0.020073
-0.651623 -0.698321 0.296201
255 255 255 255
0.407959 0.850586
0 0 0 0
1.000000 0.000000 0.000000 0.000000
-5.258041 -7.941453 -1.029521
-0.700056 -0.643687 0.309173
255 255 255 255
0.437500 0.831543
0 0 0 0
1.000000 0.000000 0.000000 0.000000
-5.277453 -8.010446 -1.288392
-0.721385 -0.671747 0.168403
255 255 255 255
0.437988 0.825195
0 0 0 0
1.000000 0.000000 0.000000 0.000000
-5.629817 -7.756238 -1.859209
-0.762500 -0.634353 0.127239
255 255 255 255
0.450195 0.813965
0 0 0 0
1.000000 0.000000 0.000000 0.000000
-6.763138 -6.219109 -3.014279
-0.845914 -0.524051 0.098993
255 255 255 255
0.496094 0.794922
0 0 0 0
1.000000 0.000000 0.000000 0.000000
-6.663328 -6.337255 -2.274058
-0.860319 -0.501663 0.090470
255 255 255 255
0.489014 0.811523
0 0 0 0
1.000000 0.000000 0.000000 0.000000
-5.961068 -7.777091 -3.805782
-0.846738 -0.521722 0.104122
255 255 255 255
0.461914 0.770996
0 0 0 0
1.000000 0.000000 0.000000 0.000000
-5.741730 -7.607946 -1.858842
-0.819714 -0.563629 0.101936
255 255 255 255
0.453857 0.814941
0 0 0 0
1.000000 0.000000 0.000000 0.000000
-6.873622 -6.027517 -3.063317
-0.886355 -0.460069 0.052064
255 255 255 255
0.500977 0.794434
0 0 0 0
1.000000 0.000000 0.000000 0.000000
-7.455598 -4.733576 -1.723693
-0.903875 -0.407898 0.128951
255 255 255 255
0.523926 0.832031
0 0 0 0
1.000000 0.000000 0.000000 0.000000
-6.334332 -6.728230 -1.571834
-0.824753 -0.555825 0.104122
255 255 255 255
0.474365 0.825684
0 0 0 0
1.000000 0.000000 0.000000 0.000000
-6.764543 -5.943411 -1.283385
-0.877473 -0.462899 0.125565
255 255 255 255
0.491211 0.836426
0 0 0 0
1.000000 0.000000 0.000000 0.000000
-6.939839 -5.345719 -0.657250
-0.884186 -0.442100 0.150875
255 255 255 255
0.499268 0.854492
0 0 0 0
1.000000 0.000000 0.000000 0.000000
-6.943228 -5.900561 -3.303840
-0.888635 -0.451859 0.078437
255 255 255 255
0.504883 0.789062
0 0 0 0
1.000000 0.000000 0.000000 0.000000
-7.659019 -4.500552 -2.984807
-0.905282 -0.417856 0.076557
255 255 255 255
0.537598 0.801758
0 0 0 0
1.000000 0.000000 0.000000 0.000000
-7.302003 -4.471092 -0.467112
-0.892553 -0.349173 0.285354
255 255 255 255
0.517578 0.864258
0 0 0 0
1.000000 0.000000 0.000000 0.000000
-7.709970 -3.175782 -0.383679
-0.903692 -0.330049 0.272779
255 255 255 255
0.545898 0.874023
0 0 0 0
1.000000 0.000000 0.000000 0.000000
-8.163620 -2.964862 -1.659813
-0.916087 -0.371889 0.149942
255 255 255 255
0.564453 0.841309
0 0 0 0
1.000000 0.000000 0.000000 0.000000
-6.872016 -5.334892 -0.413269
-0.852736 -0.394808 0.342006
255 255 255 255
0.496826 0.860352
0 0 0 0
1.000000 0.000000 0.000000 0.000000
-6.513088 -5.526199 0.268801
-0.838061 -0.398613 0.372507
255 255 255 255
0.483887 0.875000
0 0 0 0
1.000000 0.000000 0.000000 0.000000
-6.771250 -4.542906 0.713702
-0.831669 -0.350825 0.430405
255 255 255 255
0.500000 0.893066
0 0 0 0
1.000000 0.000000 0.000000 0.000000
-7.229858 -3.402748 0.580039
-0.868957 -0.300142 0.393483
255 255 255 255
0.527344 0.898438
0 0 0 0
1.000000 0.000000 0.000000 0.000000
-6.334272 -5.707494 0.383536
-0.730097 -0.450855 0.513506
255 255 255 255
0.477783 0.876953
0 0 0 0
1.000000 0.000000 0.000000 0.000000
-6.021087 -4.847945 1.576722
-0.705660 -0.402417 0.583184
255 255 255 255
0.476562 0.913086
0 0 0 0
1.000000 0.000000 0.000000 0.000000
-6.549431 -3.632560 1.576462
-0.774277 -0.309919 0.551766
255 255 255 255
0.504395 0.923340
0 0 0 0
1.000000 0.000000 0.000000 0.000000
-6.027286 -6.211504 0.344276
-0.697193 -0.498114 0.515563
255 255 255 255
0.465820 0.872559
0 0 0 0
1.000000 0.000000 0.000000 0.000000
-4.940510 -6.164108 1.851993
-0.700031 -0.481852 0.527044
255 255 255 255
0.437744 0.908691
0 0 0 0
1.000000 0.000000 0.000000 0.000000
-4.873360 -6.067652 1.965075
-0.681432 -0.443896 0.581900
255 255 255 255
0.436768 0.912598
0 0 0 0
1.000000 0.000000 0.000000 0.000000
-5.010045 -5.038272 2.497363
-0.606529 -0.385957 0.695097
255 255 255 255
0.447998 0.935059
0 0 0 0
1.000000 0.000000 0.000000 0.000000
-5.754789 -3.913972 2.376713
-0.671301 -0.350908 0.652854
255 255 255 255
0.478271 0.942383
0 0 0 0
1.000000 0.000000 0.000000 0.000000
-4.721230 -7.704875 0.623633
-0.707858 -0.559898 0.430642
255 255 255 255
0.422852 0.868652
0 0 0 0
1.000000 0.000000 0.000000 0.000000
-5.826213 -6.668176 0.121560
-0.704415 -0.539391 0.461364
255 255 255 255
0.457275 0.864746
0 0 0 0
1.000000 0.000000 0.000000 0.000000
-4.629839 -7.824275 0.573923
-0.682438 -0.656009 0.322383
255 255 255 255
0.420166 0.866699
0 0 0 0
1.000000 0.000000 0.000000 0.000000
-4.486305 -7.920353 0.648488
-0.599767 -0.678982 0.423395
255 255 255 255
0.416260 0.867676
0 0 0 0
1.000000 0.000000 0.000000 0.000000
-4.234023 -8.460483 0.119812
-0.683226 -0.656139 0.320441
255 255 255 255
0.407959 0.853027
0 0 0 0
1.000000 0.000000 0.000000 0.000000
-5.260450 -7.992285 -1.174684
-0.703178 -0.672965 0.229474
255 255 255 255
0.437500 0.828125
0 0 0 0
1.000000 0.000000 0.000000 0.000000
-4.160887 -8.447069 0.254349
-0.598229 -0.678732 0.425963
255 255 255 255
0.406250 0.855957
0 0 0 0
1.000000 0.000000 0.000000 0.000000
-3.954772 -8.052882 1.134514
-0.560360 -0.680148 0.472647
255 255 255 255
0.402588 0.876465
0 0 0 0
1.000000 0.000000 0.000000 0.000000
-3.734453 -8.537020 0.704031
-0.562498 -0.679242 0.471409
255 255 255 255
0.395752 0.864258
0 0 0 0
1.000000 0.000000 0.000000 0.000000
-3.517594 -8.095071 1.509666
-0.515677 -0.676138 0.526226
255 255 255 255
0.392334 0.884277
0 0 0 0
1.000000 0.000000 0.000000 0.000000
-3.338283 -8.626309 1.011112
-0.517918 -0.676141 0.524017
255 255 255 255
0.386230 0.870117
0 0 0 0
1.000000 0.000000 0.000000 0.000000
-3.378405 -8.056542 1.657014
-0.347753 -0.690027 0.634768
255 255 255 255
0.389648 0.888184
0 0 0 0
1.000000 0.000000 0.000000 0.000000
-3.230810 -8.680648 1.061318
-0.375651 -0.686461 0.622621
255 255 255 255
0.383545 0.870605
0 0 0 0
1.000000 0.000000 0.000000 0.000000
-3.369762 -7.911084 1.790298
-0.445044 -0.563349 0.696114
255 255 255 255
0.390137 0.892090
0 0 0 0
1.000000 0.000000 0.000000 0.000000
-3.148322 -8.776337 1.008314
-0.424034 -0.725884 0.541561
255 255 255 255
0.381348 0.869141
0 0 0 0
1.000000 0.000000 0.000000 0.000000
-4.092260 -6.427537 2.347595
-0.452638 -0.495735 0.741192
255 255 255 255
0.415283 0.918457
0 0 0 0
1.000000 0.000000 0.000000 0.000000
-3.419898 -6.451955 2.758820
-0.417593 -0.461579 0.782663
255 255 255 255
0.398926 0.928223
0 0 0 0
1.000000 0.000000 0.000000 0.000000
-2.638303 -8.091009 2.092704
-0.411376 -0.580739 0.702505
255 255 255 255
0.373047 0.897461
0 0 0 0
1.000000 0.000000 0.000000 0.000000
-2.974856 -9.358253 0.198593
-0.413846 -0.790622 0.451273
255 255 255 255
0.375488 0.849121
0 0 0 0
1.000000 0.000000 0.000000 0.000000
-1.785129 -8.780139 1.868146
-0.341146 -0.645351 0.683477
255 255 255 255
0.351562 0.887695
0 0 0 0
1.000000 0.000000 0.000000 0.000000
-2.172856 -8.093252 2.297307
-0.365630 -0.575705 0.731354
255 255 255 255
0.362793 0.901855
0 0 0 0
1.000000 0.000000 0.000000 0.000000
-2.527925 -7.102792 2.804504
-0.384048 -0.497992 0.777503
255 255 255 255
0.374512 0.923340
0 0 0 0
1.000000 0.000000 0.000000 0.000000
-4.329901 -6.104196 2.377446
-0.493293 -0.428864 0.756794
255 255 255 255
0.423340 0.922363
0 0 0 0
1.000000 0.000000 0.000000 0.000000
-4.316842 -5.167305 2.929252
-0.491394 -0.397340 0.775018
255 255 255 255
0.428955 0.945312
0 0 0 0
1.000000 0.000000 0.000000 0.000000
-3.511843 -5.209105 3.356430
-0.405674 -0.403136 0.820311
255 255 255 255
0.407959 0.957031
0 0 0 0
1.000000 0.000000 0.000000 0.000000
-2.383045 -6.535376 3.158168
-0.353760 -0.452991 0.818324
255 255 255 255
0.373535 0.937988
0 0 0 0
1.000000 0.000000 0.000000 0.000000
-2.335236 -6.460043 3.232202
-0.361174 -0.428620 0.828154
255 255 255 255
0.372559 0.940430
0 0 0 0
1.000000 0.000000 0.000000 0.000000
-4.221460 -6.213523 2.392665
-0.479054 -0.424348 0.768398
255 255 255 255
0.419922 0.921387
0 0 0 0
1.000000 0.000000 0.000000 0.000000
-4.729672 -6.048913 2.110616
-0.603056 -0.422049 0.676904
255 255 255 255
0.433350 0.916016
0 0 0 0
1.000000 0.000000 0.000000 0.000000
-4.316499 -4.191511 3.376220
-0.490435 -0.364462 0.791606
255 255 255 255
0.435547 0.968262
0 0 0 0
1.000000 0.000000 0.000000 0.000000
-5.107163 -4.059277 2.891915
-0.604039 -0.358894 0.711571
255 255 255 255
0.458740 0.955566
0 0 0 0
1.000000 0.000000 0.000000 0.000000
-2.481946 -4.446189 4.133845
-0.308540 -0.380932 0.871604
255 255 255 255
0.383789 0.986816
0 0 0 0
1.000000 0.000000 0.000000 0.000000
-3.526331 -4.309823 3.746223
-0.400159 -0.375118 0.836158
255 255 255 255
0.412842 0.977539
0 0 0 0
1.000000 0.000000 0.000000 0.000000
-2.247256 -6.385231 3.304098
-0.259592 -0.417449 0.870832
255 255 255 255
0.370605 0.942871
0 0 0 0
1.000000 0.000000 0.000000 0.000000
-1.650179 -8.955719 1.767817
-0.324094 -0.696557 0.640134
255 255 255 255
0.348145 0.884277
0 0 0 0
1.000000 0.000000 0.000000 0.000000
-2.986203 -9.399710 0.088888
-0.422545 -0.860790 0.283718
255 255 255 255
0.375732 0.846680
0 0 0 0
1.000000 0.000000 0.000000 0.000000
-8.451478 -2.699236 -2.849952
-0.918902 -0.387695 0.072888
255 255 255 255
0.580078 0.811035
0 0 0 0
1.000000 0.000000 0.000000 0.000000
-7.985891 -4.083789 -4.554163
-0.917117 -0.393743 0.062147
255 255 255 255
0.555664 0.764160
0 0 0 0
1.000000 0.000000 0.000000 0.000000
-8.605875 -2.449941 -4.523840
-0.932310 -0.358676 0.046362
255 255 255 255
0.593750 0.768555
0 0 0 0
1.000000 0.000000 0.000000 0.000000
-7.142966 -5.821474 -4.589810
-0.890572 -0.445074 0.093757
255 255 255 255
0.513672 0.758789
0 0 0 0
1.000000 0.000000 0.000000 0.000000
3.101832 -9.396970 0.012587
0.406754 -0.876256 0.258316
255 255 255 255
0.241943 0.851562
0 0 0 0
1.000000 0.000000 0.000000 0.000000
3.060339 -9.399710 0.088888
0.423194 -0.859470 0.286737
255 255 255 255
0.243164 0.853027
0 0 0 0
1.000000 0.000000 0.000000 0.000000
1.724175 -8.955719 1.767817
0.320890 -0.698613 0.639507
255 255 255 255
0.274414 0.887695
0 0 0 0
1.000000 0.000000 0.000000 0.000000
7.382894 -5.114927 -8.138680
0.921643 -0.379643 -0.080279
255 255 255 255
0.066162 0.697754
0 0 0 0
1.000000 0.000000 0.000000 0.000000
-0.553449 -12.157845 -11.813575
-0.377621 -0.925918 -0.008890
255 255 255 255
0.310791 0.593262
0 0 0 0
1.000000 0.000000 0.000000 0.000000
-0.654310 -12.105527 -11.754868
-0.633887 -0.770999 -0.061221
255 255 255 255
0.313477 0.594727
0 0 0 0
1.000000 0.000000 0.000000 0.000000
0.038491 -12.487988 -11.049006
0.001502 -0.999827 0.018537
255 255 255 255
0.297363 0.608887
0 0 0 0
1.000000 0.000000 0.000000 0.000000
0.731434 -12.105527 -11.754868
0.632296 -0.771955 -0.065473
255 255 255 255
0.279785 0.596191
0 0 0 0
1.000000 0.000000 0.000000 0.000000
0.630585 -12.157845 -11.813575
0.377004 -0.926146 -0.011049
255 255 255 255
0.282471 0.594727
0 0 0 0
1.000000 0.000000 0.000000 0.000000
-0.673144 -12.167517 -11.173162
-0.592214 -0.805709 -0.010734
255 255 255 255
0.313965 0.605957
0 0 0 0
1.000000 0.000000 0.000000 0.000000
0.038420 -12.435160 -10.404049
-0.001512 -0.983997 0.178180
255 255 255 255
0.297852 0.621094
0 0 0 0
1.000000 0.000000 0.000000 0.000000
-1.264884 -11.550106 -11.997939
-0.691426 -0.720326 -0.055320
255 255 255 255
0.331055 0.588867
0 0 0 0
1.000000 0.000000 0.000000 0.000000
-1.416872 -11.363204 -12.145594
-0.686772 -0.722556 -0.079107
255 255 255 255
0.335693 0.585449
0 0 0 0
1.000000 0.000000 0.000000 0.000000
-1.351694 -11.441843 -12.056741
-0.736895 -0.670209 -0.088351
255 255 255 255
0.333740 0.587402
0 0 0 0
1.000000 0.000000 0.000000 0.000000
-1.815852 -10.671889 -13.791166
-0.634309 -0.755515 -0.163856
255 255 255 255
0.347900 0.549316
0 0 0 0
1.000000 0.000000 0.000000 0.000000
-1.592794 -11.061588 -12.921332
-0.673656 -0.723187 -0.152275
255 255 255 255
0.341064 0.568359
0 0 0 0
1.000000 0.000000 0.000000 0.000000
-1.645751 -10.824090 -13.757562
-0.640334 -0.744163 -0.190246
255 255 255 255
0.342529 0.550781
0 0 0 0
1.000000 0.000000 0.000000 0.000000
-1.510743 -11.127275 -12.977914
-0.638050 -0.745607 -0.192258
255 255 255 255
0.338623 0.567383
0 0 0 0
1.000000 0.000000 0.000000 0.000000
-0.926926 -11.383537 -13.866924
-0.625850 -0.753476 -0.201459
255 255 255 255
0.320312 0.550293
0 0 0 0
1.000000 0.000000 0.000000 0.000000
-0.873425 -11.660686 -13.086604
-0.618512 -0.758052 -0.206882
255 255 255 255
0.318848 0.567383
0 0 0 0
1.000000 0.000000 0.000000 0.000000
-0.829714 -11.433955 -13.902689
-0.469609 -0.842204 -0.264877
255 255 255 255
0.317627 0.549805
0 0 0 0
1.000000 0.000000 0.000000 0.000000
-0.799510 -11.716761 -13.061501
-0.460752 -0.846299 -0.267369
255 255 255 255
0.316895 0.567871
0 0 0 0
1.000000 0.000000 0.000000 0.000000
1.428876 -11.441843 -12.056741
0.736378 -0.670813 -0.088081
255 255 255 255
0.258789 0.590820
0 0 0 0
1.000000 0.000000 0.000000 0.000000
-5.855886 -6.562923 -12.824687
-0.891488 -0.405864 -0.201304
255 255 255 255
0.486816 0.562500
0 0 0 0
1.000000 0.000000 0.000000 0.000000
3.271685 -9.076664 -0.458681
-0.440232 0.877106 -0.192042
255 255 255 255
0.564453 0.277100
0 0 0 0
1.000000 0.000000 0.000000 0.000000
2.950493 -9.133329 -0.109612
-0.422812 0.882450 -0.206184
255 255 255 255
0.561035 0.267578
0 0 0 0
1.000000 0.000000 0.000000 0.000000
3.209175 -9.309358 -1.489287
-0.549145 0.812395 -0.196100
255 255 255 255
0.584961 0.286865
0 0 0 0
1.000000 0.000000 0.000000 0.000000
3.410295 -8.999762 -0.502924
-0.566258 0.812333 -0.139525
255 255 255 255
0.563477 0.280273
0 0 0 0
1.000000 0.000000 0.000000 0.000000
2.158283 -9.743454 -1.012648
-0.289365 0.882306 -0.371219
255 255 255 255
0.584961 0.260742
0 0 0 0
1.000000 0.000000 0.000000 0.000000
2.932604 -9.100835 -0.017534
-0.260317 0.877009 -0.403844
255 255 255 255
0.559082 0.266357
0 0 0 0
1.000000 0.000000 0.000000 0.000000
3.533247 -8.900766 -0.473440
-0.630583 0.751805 -0.192752
255 255 255 255
0.561035 0.282471
0 0 0 0
1.000000 0.000000 0.000000 0.000000
3.837802 -9.013446 -1.878302
-0.636511 0.740071 -0.217138
255 255 255 255
0.582520 0.303711
0 0 0 0
1.000000 0.000000 0.000000 0.000000
4.044919 -8.256411 -0.112528
-0.632994 0.743990 -0.214004
255 255 255 255
0.544922 0.289795
0 0 0 0
1.000000 0.000000 0.000000 0.000000
4.541738 -8.566173 -2.529741
-0.658234 0.725985 -0.199181
255 255 255 255
0.582520 0.325684
0 0 0 0
1.000000 0.000000 0.000000 0.000000
5.147731 -7.728361 -1.358435
-0.654330 0.726944 -0.208339
255 255 255 255
0.549805 0.325928
0 0 0 0
1.000000 0.000000 0.000000 0.000000
4.080956 -8.237023 -0.014476
-0.683929 0.666031 -0.297732
255 255 255 255
0.542480 0.289062
0 0 0 0
1.000000 0.000000 0.000000 0.000000
5.141709 -7.632554 -1.140620
-0.711067 0.591799 -0.379680
255 255 255 255
0.545410 0.323730
0 0 0 0
1.000000 0.000000 0.000000 0.000000
5.131767 -7.699302 -1.253760
-0.636298 0.736470 -0.229644
255 255 255 255
0.548340 0.324707
0 0 0 0
1.000000 0.000000 0.000000 0.000000
5.341116 -7.613744 -1.804681
-0.695821 0.703705 -0.143645
255 255 255 255
0.554199 0.335693
0 0 0 0
1.000000 0.000000 0.000000 0.000000
4.968385 -8.239349 -3.046904
-0.687708 0.709808 -0.152413
255 255 255 255
0.583984 0.341309
0 0 0 0
1.000000 0.000000 0.000000 0.000000
5.450845 -7.527643 -1.866695
-0.742548 0.649076 -0.165294
255 255 255 255
0.553711 0.338867
0 0 0 0
1.000000 0.000000 0.000000 0.000000
5.245451 -8.091033 -3.489326
-0.708535 0.689284 -0.151213
255 255 255 255
0.586914 0.352051
0 0 0 0
1.000000 0.000000 0.000000 0.000000
5.823766 -7.502458 -3.894694
-0.859352 0.496680 -0.121752
255 255 255 255
0.583496 0.371582
0 0 0 0
1.000000 0.000000 0.000000 0.000000
5.815926 -7.608631 -4.024106
-0.746860 0.642545 -0.171280
255 255 255 255
0.586914 0.371826
0 0 0 0
1.000000 0.000000 0.000000 0.000000
5.534089 -7.404655 -1.870083
-0.856542 0.502342 -0.118266
255 255 255 255
0.551758 0.341064
0 0 0 0
1.000000 0.000000 0.000000 0.000000
5.386139 -8.059211 -3.988151
-0.713673 0.670200 -0.203722
255 255 255 255
0.593750 0.361084
0 0 0 0
1.000000 0.000000 0.000000 0.000000
5.830874 -7.648010 -4.147566
-0.730806 0.660530 -0.172113
255 255 255 255
0.589355 0.373291
0 0 0 0
1.000000 0.000000 0.000000 0.000000
5.334965 -8.250189 -4.390898
-0.745537 0.652884 -0.133853
255 255 255 255
0.602539 0.363770
0 0 0 0
1.000000 0.000000 0.000000 0.000000
5.519258 -8.207504 -5.271842
-0.741177 0.667747 0.069073
255 255 255 255
0.615234 0.378418
0 0 0 0
1.000000 0.000000 0.000000 0.000000
5.905794 -7.658082 -4.549357
-0.707429 0.690878 -0.149103
255 255 255 255
0.595703 0.379639
0 0 0 0
1.000000 0.000000 0.000000 0.000000
5.020197 -8.720357 -4.906502
-0.710770 0.701768 0.048250
255 255 255 255
0.617676 0.362061
0 0 0 0
1.000000 0.000000 0.000000 0.000000
6.146929 -7.214870 -5.732553
-0.858979 0.507346 0.068958
255 255 255 255
0.609863 0.403564
0 0 0 0
1.000000 0.000000 0.000000 0.000000
5.954795 -7.627418 -4.645459
-0.816662 0.575546 0.042540
255 255 255 255
0.596680 0.382080
0 0 0 0
1.000000 0.000000 0.000000 0.000000
5.657951 -7.654587 -7.150747
-0.723213 0.682599 0.104986
255 255 255 255
0.642090 0.410156
0 0 0 0
1.000000 0.000000 0.000000 0.000000
4.883169 -8.455890 -6.351783
-0.659784 0.737654 0.143361
255 255 255 255
0.641113 0.380859
0 0 0 0
1.000000 0.000000 0.000000 0.000000
4.682227 -8.991755 -5.123043
-0.647314 0.734278 0.204500
255 255 255 255
0.625977 0.357422
0 0 0 0
1.000000 0.000000 0.000000 0.000000
4.966755 -8.218662 -7.226268
-0.636559 0.762314 0.116919
255 255 255 255
0.653809 0.395020
0 0 0 0
1.000000 0.000000 0.000000 0.000000
4.887869 -8.518458 -6.880612
-0.964589 0.263639 -0.007951
255 255 255 255
0.650879 0.385986
0 0 0 0
1.000000 0.000000 0.000000 0.000000
4.802157 -8.717276 -6.525756
-0.905842 0.391176 -0.162581
255 255 255 255
0.647461 0.378418
0 0 0 0
1.000000 0.000000 0.000000 0.000000
4.582167 -8.999218 -6.268242
-0.789620 0.551864 -0.268227
255 255 255 255
0.646973 0.369629
0 0 0 0
1.000000 0.000000 0.000000 0.000000
4.368780 -9.051833 -5.756464
-0.627939 0.777684 0.029995
255 255 255 255
0.640137 0.360107
0 0 0 0
1.000000 0.000000 0.000000 0.000000
5.305210 -7.776052 -8.663188
-0.663808 0.743803 0.078200
255 255 255 255
0.672852 0.421875
0 0 0 0
1.000000 0.000000 0.000000 0.000000
6.093996 -6.971692 -8.518615
-0.757475 0.648171 0.078147
255 255 255 255
0.656738 0.440918
0 0 0 0
1.000000 0.000000 0.000000 0.000000
6.228969 -6.844984 -7.435630
-0.762524 0.642311 0.077421
255 255 255 255
0.635254 0.431152
0 0 0 0
1.000000 0.000000 0.000000 0.000000
6.269870 -6.795593 -7.330565
-0.807198 0.583684 0.088001
255 255 255 255
0.632812 0.431152
0 0 0 0
1.000000 0.000000 0.000000 0.000000
4.741761 -8.206158 -8.231441
-0.572982 0.815497 0.081587
255 255 255 255
0.673340 0.403320
0 0 0 0
1.000000 0.000000 0.000000 0.000000
4.803633 -8.377511 -7.642983
-0.859230 0.461101 0.221608
255 255 255 255
0.663574 0.395264
0 0 0 0
1.000000 0.000000 0.000000 0.000000
4.832397 -8.434447 -7.334686
-0.874257 0.451639 0.178035
255 255 255 255
0.658691 0.391602
0 0 0 0
1.000000 0.000000 0.000000 0.000000
4.308526 -8.377073 -8.772905
-0.525482 0.849765 0.042043
255 255 255 255
0.688477 0.401123
0 0 0 0
1.000000 0.000000 0.000000 0.000000
4.346369 -8.443763 -8.432348
-0.564654 0.793122 0.228304
255 255 255 255
0.682617 0.397217
0 0 0 0
1.000000 0.000000 0.000000 0.000000
4.568884 -8.386012 -8.132812
-0.602585 0.738945 0.301414
255 255 255 255
0.674805 0.397461
0 0 0 0
1.000000 0.000000 0.000000 0.000000
4.709184 -8.360377 -7.910639
-0.838917 0.491820 0.233090
255 255 255 255
0.669434 0.397217
0 0 0 0
1.000000 0.000000 0.000000 0.000000
4.497365 -8.264050 -10.120711
-0.618203 0.785841 -0.016711
255 255 255 255
0.709961 0.421143
0 0 0 0
1.000000 0.000000 0.000000 0.000000
3.842974 -8.683104 -9.391000
-0.526344 0.850270 -0.001759
255 255 255 255
0.706055 0.397949
0 0 0 0
1.000000 0.000000 0.000000 0.000000
3.941827 -8.602599 -8.745807
-0.498416 0.866938 0.000748
255 255 255 255
0.692871 0.392822
0 0 0 0
1.000000 0.000000 0.000000 0.000000
5.360186 -7.440231 -10.795035
-0.763207 0.636270 0.112585
255 255 255 255
0.708984 0.451416
0 0 0 0
1.000000 0.000000 0.000000 0.000000
5.272928 -7.559087 -10.836208
-0.658341 0.749187 0.072842
255 255 255 255
0.711426 0.449219
0 0 0 0
1.000000 0.000000 0.000000 0.000000
5.196875 -7.664694 -10.936869
-0.661352 0.749926 -0.014976
255 255 255 255
0.714844 0.447754
0 0 0 0
1.000000 0.000000 0.000000 0.000000
5.018579 -7.790800 -11.285501
-0.659022 0.752119 0.002682
255 255 255 255
0.723633 0.447510
0 0 0 0
1.000000 0.000000 0.000000 0.000000
3.501839 -9.117483 -11.414405
-0.610027 0.784494 -0.111524
255 255 255 255
0.748047 0.410645
0 0 0 0
1.000000 0.000000 0.000000 0.000000
2.784253 -9.325510 -9.595413
-0.613927 0.764001 -0.198486
255 255 255 255
0.723145 0.376465
0 0 0 0
1.000000 0.000000 0.000000 0.000000
3.124301 -9.078684 -9.162710
-0.516981 0.851319 -0.089371
255 255 255 255
0.710938 0.379395
0 0 0 0
1.000000 0.000000 0.000000 0.000000
3.539234 -8.801192 -9.015410
-0.475098 0.873374 -0.107235
255 255 255 255
0.702637 0.387451
0 0 0 0
1.000000 0.000000 0.000000 0.000000
2.752620 -9.726298 -11.031708
-0.597853 0.787683 -0.148752
255 255 255 255
0.750977 0.387939
0 0 0 0
1.000000 0.000000 0.000000 0.000000
2.433555 -10.046687 -11.264389
-0.660546 0.728741 -0.180598
255 255 255 255
0.759277 0.382080
0 0 0 0
1.000000 0.000000 0.000000 0.000000
1.833372 -9.792669 -9.309645
-0.652690 0.697598 -0.295555
255 255 255 255
0.729492 0.352783
0 0 0 0
1.000000 0.000000 0.000000 0.000000
2.137714 -9.692032 -9.103389
-0.397212 0.908050 0.132919
255 255 255 255
0.722656 0.356934
0 0 0 0
1.000000 0.000000 0.000000 0.000000
2.727529 -9.390630 -9.279571
-0.511253 0.854968 0.087465
255 255 255 255
0.718750 0.371338
0 0 0 0
1.000000 0.000000 0.000000 0.000000
4.011551 -8.698088 -11.920871
-0.689172 0.723734 0.035346
255 255 255 255
0.750000 0.428711
0 0 0 0
1.000000 0.000000 0.000000 0.000000
4.986675 -7.800009 -11.503175
-0.699312 0.711892 0.064594
255 255 255 255
0.728516 0.449219
0 0 0 0
1.000000 0.000000 0.000000 0.000000
4.473254 -8.136835 -12.540960
-0.726713 0.673941 0.133010
255 255 255 255
0.754883 0.448486
0 0 0 0
1.000000 0.000000 0.000000 0.000000
5.084407 -7.584768 -11.798413
-0.766136 0.624988 0.149751
255 255 255 255
0.731445 0.456543
0 0 0 0
1.000000 0.000000 0.000000 0.000000
4.631240 -7.919845 -12.786263
-0.759097 0.637929 0.129685
255 255 255 255
0.757324 0.456055
0 0 0 0
1.000000 0.000000 0.000000 0.000000
4.688603 -7.782853 -13.074017
-0.814874 0.551873 0.177248
255 255 255 255
0.761719 0.461426
0 0 0 0
1.000000 0.000000 0.000000 0.000000
5.586314 -6.585523 -12.676300
-0.821492 0.539326 0.185144
255 255 255 255
0.737305 0.486328
0 0 0 0
1.000000 0.000000 0.000000 0.000000
4.648550 -7.772888 -13.280509
-0.814312 0.549087 0.188148
255 255 255 255
0.765625 0.463135
0 0 0 0
1.000000 0.000000 0.000000 0.000000
4.962198 -7.057982 -14.019573
-0.813457 0.551802 0.183852
255 255 255 255
0.772949 0.485107
0 0 0 0
1.000000 0.000000 0.000000 0.000000
5.103936 -6.849140 -14.078151
-0.852756 0.482274 0.200548
255 255 255 255
0.770996 0.490723
0 0 0 0
1.000000 0.000000 0.000000 0.000000
5.346442 -6.263186 -14.299449
-0.914569 0.341383 0.216845
255 255 255 255
0.769043 0.504883
0 0 0 0
1.000000 0.000000 0.000000 0.000000
5.690210 -6.436818 -12.663726
-0.854557 0.465692 0.229917
255 255 255 255
0.734863 0.489502
0 0 0 0
1.000000 0.000000 0.000000 0.000000
4.815393 -7.221612 -14.162552
-0.778196 0.577959 0.245710
255 255 255 255
0.778320 0.481934
0 0 0 0
1.000000 0.000000 0.000000 0.000000
4.428314 -7.841431 -13.880503
-0.776336 0.586381 0.231217
255 255 255 255
0.779785 0.464844
0 0 0 0
1.000000 0.000000 0.000000 0.000000
4.077414 -8.075294 -14.420454
-0.768584 0.583233 0.262902
255 255 255 255
0.795410 0.461670
0 0 0 0
1.000000 0.000000 0.000000 0.000000
3.834661 -7.619530 -16.131689
-0.767369 0.585232 0.262008
255 255 255 255
0.832031 0.479980
0 0 0 0
1.000000 0.000000 0.000000 0.000000
3.885280 -8.268597 -14.549795
-0.765638 0.588953 0.258713
255 255 255 255
0.800781 0.457520
0 0 0 0
1.000000 0.000000 0.000000 0.000000
3.460406 -8.643170 -14.944005
-0.716234 0.665361 0.210485
255 255 255 255
0.814941 0.449219
0 0 0 0
1.000000 0.000000 0.000000 0.000000
3.718438 -7.633817 -16.439892
-0.751792 0.585905 0.302531
255 255 255 255
0.839844 0.480957
0 0 0 0
1.000000 0.000000 0.000000 0.000000
3.767617 -8.402660 -14.526651
-0.751863 0.620264 0.223549
255 255 255 255
0.802246 0.453613
0 0 0 0
1.000000 0.000000 0.000000 0.000000
3.152274 -8.606000 -15.858484
-0.745209 0.606929 0.276227
255 255 255 255
0.837891 0.452148
0 0 0 0
1.000000 0.000000 0.000000 0.000000
3.040172 -8.820592 -15.608315
-0.671320 0.703448 0.233433
255 255 255 255
0.833496 0.444824
0 0 0 0
1.000000 0.000000 0.000000 0.000000
2.843941 -9.021215 -15.477381
-0.630803 0.750490 0.197108
255 255 255 255
0.832031 0.437256
0 0 0 0
1.000000 0.000000 0.000000 0.000000
2.596051 -9.422782 -14.683742
-0.643522 0.755259 0.124349
255 255 255 255
0.818848 0.422119
0 0 0 0
1.000000 0.000000 0.000000 0.000000
2.592415 -9.405366 -14.805017
-0.635292 0.749447 0.186367
255 255 255 255
0.821289 0.423096
0 0 0 0
1.000000 0.000000 0.000000 0.000000
3.294934 -8.971222 -13.910105
-0.646530 0.752796 0.123684
255 255 255 255
0.796875 0.432861
0 0 0 0
1.000000 0.000000 0.000000 0.000000
3.172784 -8.168480 -16.723358
-0.746535 0.574918 0.334896
255 255 255 255
0.855469 0.466797
0 0 0 0
1.000000 0.000000 0.000000 0.000000
3.649435 -7.518327 -16.758665
-0.753634 0.582591 0.304342
255 255 255 255
0.846680 0.484619
0 0 0 0
1.000000 0.000000 0.000000 0.000000
3.206790 -8.315698 -16.323647
-0.742708 0.604288 0.288480
255 255 255 255
0.847656 0.461426
0 0 0 0
1.000000 0.000000 0.000000 0.000000
3.102386 -8.131616 -16.931398
-0.757616 0.577206 0.304717
255 255 255 255
0.860352 0.468018
0 0 0 0
1.000000 0.000000 0.000000 0.000000
3.190283 -7.143847 -18.696287
-0.684087 0.729381 -0.005405
255 255 255 255
0.889648 0.500000
0 0 0 0
1.000000 0.000000 0.000000 0.000000
3.719053 -7.274829 -17.026804
-0.764683 0.574047 0.292800
255 255 255 255
0.849609 0.491943
0 0 0 0
1.000000 0.000000 0.000000 0.000000
2.525890 -7.764586 -19.101891
-0.652964 0.749344 0.110100
255 255 255 255
0.910156 0.483887
0 0 0 0
1.000000 0.000000 0.000000 0.000000
2.882257 -8.267900 -17.245234
-0.756152 0.582306 0.298586
255 255 255 255
0.870117 0.465088
0 0 0 0
1.000000 0.000000 0.000000 0.000000
3.888539 -6.461637 -18.113522
-0.693584 0.719760 -0.029783
255 255 255 255
0.864746 0.516602
0 0 0 0
1.000000 0.000000 0.000000 0.000000
4.130336 -6.705347 -18.201323
0.179909 0.549812 -0.815683
255 255 255 255
0.869141 0.523438
0 0 0 0
1.000000 0.000000 0.000000 0.000000
3.398959 -7.356964 -18.830267
0.083303 0.546725 -0.833158
255 255 255 255
0.894043 0.505859
0 0 0 0
1.000000 0.000000 0.000000 0.000000
3.850389 -7.083416 -17.029943
-0.794533 0.537342 0.282808
255 255 255 255
0.847168 0.496826
0 0 0 0
1.000000 0.000000 0.000000 0.000000
4.164531 -6.166907 -17.838295
-0.726719 0.686929 -0.002822
255 255 255 255
0.853516 0.522949
0 0 0 0
1.000000 0.000000 0.000000 0.000000
4.420544 -6.407712 -17.933678
0.265832 0.536829 -0.800717
255 255 255 255
0.857910 0.530273
0 0 0 0
1.000000 0.000000 0.000000 0.000000
4.048084 -6.865718 -16.861887
-0.823520 0.494298 0.278359
255 255 255 255
0.839844 0.501465
0 0 0 0
1.000000 0.000000 0.000000 0.000000
4.806644 -5.443416 -17.128479
-0.759595 0.648590 0.048433
255 255 255 255
0.826172 0.537109
0 0 0 0
1.000000 0.000000 0.000000 0.000000
5.077015 -5.695662 -17.177410
0.309102 0.584316 -0.750354
255 255 255 255
0.829102 0.545410
0 0 0 0
1.000000 0.000000 0.000000 0.000000
4.613776 -6.367719 -16.188686
-0.846573 0.449915 0.284413
255 255 255 255
0.815918 0.511230
0 0 0 0
1.000000 0.000000 0.000000 0.000000
5.583504 -4.577089 -15.970810
-0.783846 0.618952 0.049840
255 255 255 255
0.787109 0.551270
0 0 0 0
1.000000 0.000000 0.000000 0.000000
5.873417 -4.761548 -16.049509
0.312311 0.641944 -0.700264
255 255 255 255
0.788574 0.559570
0 0 0 0
1.000000 0.000000 0.000000 0.000000
5.328530 -5.705841 -15.173368
-0.874853 0.400629 0.272267
255 255 255 255
0.782715 0.521973
0 0 0 0
1.000000 0.000000 0.000000 0.000000
5.929184 -4.103497 -15.324520
-0.819964 0.570684 0.044497
255 255 255 255
0.766113 0.556641
0 0 0 0
1.000000 0.000000 0.000000 0.000000
6.204007 -4.279820 -15.376874
0.328012 0.736891 -0.591100
255 255 255 255
0.766602 0.564453
0 0 0 0
1.000000 0.000000 0.000000 0.000000
5.399151 -5.752446 -14.911464
-0.915107 0.338384 0.219261
255 255 255 255
0.776855 0.519531
0 0 0 0
1.000000 0.000000 0.000000 0.000000
6.357294 -3.565611 -14.242006
-0.846033 0.527040 0.080356
255 255 255 255
0.735840 0.559570
0 0 0 0
1.000000 0.000000 0.000000 0.000000
6.658885 -3.737471 -14.307644
0.370454 0.781288 -0.502347
255 255 255 255
0.735840 0.567871
0 0 0 0
1.000000 0.000000 0.000000 0.000000
5.429426 -5.932690 -14.596707
-0.921308 0.335690 0.196221
255 255 255 255
0.771484 0.513672
0 0 0 0
1.000000 0.000000 0.000000 0.000000
7.084019 -3.268295 -13.128119
0.378056 0.811463 -0.445648
255 255 255 255
0.704102 0.567871
0 0 0 0
1.000000 0.000000 0.000000 0.000000
6.799798 -3.082348 -13.066695
-0.881093 0.449071 0.148360
255 255 255 255
0.704590 0.559570
0 0 0 0
1.000000 0.000000 0.000000 0.000000
7.391525 -2.915282 -12.171735
0.345519 0.874847 -0.339499
255 255 255 255
0.678711 0.564453
0 0 0 0
1.000000 0.000000 0.000000 0.000000
7.107552 -2.794147 -12.118743
-0.881988 0.442256 0.162808
255 255 255 255
0.680664 0.557129
0 0 0 0
1.000000 0.000000 0.000000 0.000000
5.755860 -6.305481 -12.631005
-0.917137 0.326198 0.229030
255 255 255 255
0.732910 0.491943
0 0 0 0
1.000000 0.000000 0.000000 0.000000
5.904908 -6.122014 -12.253798
-0.923941 0.321186 0.207779
255 255 255 255
0.722656 0.492676
0 0 0 0
1.000000 0.000000 0.000000 0.000000
6.187181 -5.941864 -11.322612
-0.924876 0.320559 0.204561
255 255 255 255
0.700684 0.488770
0 0 0 0
1.000000 0.000000 0.000000 0.000000
7.490438 -2.529655 -10.836644
-0.873076 0.464999 0.146678
255 255 255 255
0.649902 0.550781
0 0 0 0
1.000000 0.000000 0.000000 0.000000
6.195270 -5.999805 -11.169502
-0.925417 0.330647 0.185137
255 255 255 255
0.698242 0.486328
0 0 0 0
1.000000 0.000000 0.000000 0.000000
7.778192 -2.647754 -10.882116
0.334887 0.909249 -0.247218
255 255 255 255
0.647461 0.557617
0 0 0 0
1.000000 0.000000 0.000000 0.000000
7.834951 -2.340366 -9.414981
-0.855602 0.499615 0.135388
255 255 255 255
0.618164 0.540039
0 0 0 0
1.000000 0.000000 0.000000 0.000000
6.986629 -5.095209 -8.688764
-0.928039 0.329949 0.172852
255 255 255 255
0.636719 0.480713
0 0 0 0
1.000000 0.000000 0.000000 0.000000
6.935479 -5.176055 -8.721412
-0.890927 0.437138 0.123126
255 255 255 255
0.638184 0.479248
0 0 0 0
1.000000 0.000000 0.000000 0.000000
6.138499 -6.164250 -11.100274
-0.888700 0.442130 0.121383
255 255 255 255
0.698242 0.482422
0 0 0 0
1.000000 0.000000 0.000000 0.000000
7.031262 -5.040492 -8.520079
-0.930244 0.332903 0.154346
255 255 255 255
0.632324 0.480225
0 0 0 0
1.000000 0.000000 0.000000 0.000000
8.044761 -2.293655 -8.395414
-0.849435 0.515955 0.110681
255 255 255 255
0.597168 0.530762
0 0 0 0
1.000000 0.000000 0.000000 0.000000
8.106881 -2.452220 -9.454524
0.354621 0.919080 -0.171859
255 255 255 255
0.615234 0.546387
0 0 0 0
1.000000 0.000000 0.000000 0.000000
7.088718 -5.014421 -8.131159
-0.933053 0.331287 0.140219
255 255 255 255
0.624512 0.476318
0 0 0 0
1.000000 0.000000 0.000000 0.000000
8.285731 -2.218972 -6.553445
-0.830770 0.551914 0.072192
255 255 255 255
0.559082 0.508301
0 0 0 0
1.000000 0.000000 0.000000 0.000000
7.095189 -5.029145 -7.896990
-0.932652 0.352603 0.076366
255 255 255 255
0.620117 0.473145
0 0 0 0
1.000000 0.000000 0.000000 0.000000
8.332950 -2.411259 -8.415876
0.418331 0.903278 -0.095335
255 255 255 255
0.593750 0.537109
0 0 0 0
1.000000 0.000000 0.000000 0.000000
8.354617 -2.290833 -5.445958
-0.875191 0.481966 0.041813
255 255 255 255
0.538086 0.492432
0 0 0 0
1.000000 0.000000 0.000000 0.000000
7.051052 -5.122827 -7.782373
-0.920718 0.385758 0.058898
255 255 255 255
0.619141 0.469971
0 0 0 0
1.000000 0.000000 0.000000 0.000000
8.574523 -2.391694 -6.575431
0.434220 0.899334 -0.051500
255 255 255 255
0.555176 0.515137
0 0 0 0
1.000000 0.000000 0.000000 0.000000
8.374253 -2.350037 -4.569760
-0.857692 0.512275 -0.044040
255 255 255 255
0.522461 0.478271
0 0 0 0
1.000000 0.000000 0.000000 0.000000
6.925655 -5.731747 -4.674022
-0.913300 0.403028 -0.058755
255 255 255 255
0.570801 0.417236
0 0 0 0
1.000000 0.000000 0.000000 0.000000
8.656290 -2.394741 -5.424728
0.370244 0.928702 0.020774
255 255 255 255
0.533203 0.497803
0 0 0 0
1.000000 0.000000 0.000000 0.000000
6.942811 -5.776875 -4.844489
-0.923998 0.380485 0.038205
255 255 255 255
0.574219 0.419434
0 0 0 0
1.000000 0.000000 0.000000 0.000000
6.880373 -5.931203 -4.907128
-0.897042 0.438591 0.054350
255 255 255 255
0.577148 0.417480
0 0 0 0
1.000000 0.000000 0.000000 0.000000
6.428542 -6.501287 -7.300669
-0.898033 0.435392 0.063019
255 255 255 255
0.628418 0.436768
0 0 0 0
1.000000 0.000000 0.000000 0.000000
6.031816 -7.527808 -4.726943
-0.868376 0.493051 0.053142
255 255 255 255
0.596680 0.385254
0 0 0 0
1.000000 0.000000 0.000000 0.000000
6.349076 -6.689371 -7.269331
-0.887724 0.458503 0.041492
255 255 255 255
0.629883 0.432617
0 0 0 0
1.000000 0.000000 0.000000 0.000000
8.681087 -2.449941 -4.523840
0.281186 0.949867 0.136702
255 255 255 255
0.516602 0.483154
0 0 0 0
1.000000 0.000000 0.000000 0.000000
8.199607 -2.592601 -2.922817
-0.845367 0.529932 -0.067286
255 255 255 255
0.497314 0.447998
0 0 0 0
1.000000 0.000000 0.000000 0.000000
6.691675 -5.755149 -3.382113
-0.900664 0.423319 -0.098009
255 255 255 255
0.549805 0.395752
0 0 0 0
1.000000 0.000000 0.000000 0.000000
7.931880 -2.826524 -1.732914
-0.824915 0.557914 -0.090816
255 255 255 255
0.479980 0.423340
0 0 0 0
1.000000 0.000000 0.000000 0.000000
8.526299 -2.699236 -2.849952
0.282987 0.934927 0.214078
255 255 255 255
0.491455 0.453125
0 0 0 0
1.000000 0.000000 0.000000 0.000000
6.620664 -5.833211 -3.139606
-0.893382 0.442105 -0.080075
255 255 255 255
0.546875 0.390381
0 0 0 0
1.000000 0.000000 0.000000 0.000000
6.552817 -5.778269 -1.341349
-0.902967 0.417490 -0.101747
255 255 255 255
0.516602 0.363281
0 0 0 0
1.000000 0.000000 0.000000 0.000000
6.697768 -5.208597 -0.773095
-0.899222 0.375927 -0.223785
255 255 255 255
0.499512 0.362549
0 0 0 0
1.000000 0.000000 0.000000 0.000000
7.477390 -3.072701 -0.504990
-0.814350 0.542882 -0.205213
255 255 255 255
0.463867 0.394531
0 0 0 0
1.000000 0.000000 0.000000 0.000000
8.238170 -2.964862 -1.659813
0.280610 0.922194 0.266113
255 255 255 255
0.474365 0.428223
0 0 0 0
1.000000 0.000000 0.000000 0.000000
6.108602 -6.531479 -1.618262
-0.856433 0.506437 -0.100218
255 255 255 255
0.533203 0.353760
0 0 0 0
1.000000 0.000000 0.000000 0.000000
6.524904 -6.044225 -3.173753
-0.857090 0.505962 -0.096954
255 255 255 255
0.550293 0.387207
0 0 0 0
1.000000 0.000000 0.000000 0.000000
7.784225 -3.175782 -0.383679
0.243573 0.925204 0.290980
255 255 255 255
0.457764 0.398438
0 0 0 0
1.000000 0.000000 0.000000 0.000000
6.631562 -5.203673 -0.526575
-0.865591 0.351289 -0.356860
255 255 255 255
0.495850 0.357910
0 0 0 0
1.000000 0.000000 0.000000 0.000000
7.008958 -3.263076 0.396395
-0.765765 0.571189 -0.295546
255 255 255 255
0.452881 0.370117
0 0 0 0
1.000000 0.000000 0.000000 0.000000
7.303936 -3.402748 0.580039
0.159871 0.931137 0.327757
255 255 255 255
0.445557 0.372803
0 0 0 0
1.000000 0.000000 0.000000 0.000000
6.342428 -5.383315 -0.003282
-0.844902 0.351407 -0.403304
255 255 255 255
0.491211 0.343750
0 0 0 0
1.000000 0.000000 0.000000 0.000000
6.370614 -3.550615 1.346024
-0.690166 0.604975 -0.397084
255 255 255 255
0.443359 0.340820
0 0 0 0
1.000000 0.000000 0.000000 0.000000
6.623427 -3.632560 1.576462
0.057073 0.941000 0.333559
255 255 255 255
0.436035 0.342285
0 0 0 0
1.000000 0.000000 0.000000 0.000000
6.165443 -5.543828 0.158010
-0.729422 0.407280 -0.549606
255 255 255 255
0.491699 0.337402
0 0 0 0
1.000000 0.000000 0.000000 0.000000
5.598937 -3.836478 2.146027
-0.658433 0.574913 -0.485737
255 255 255 255
0.437500 0.311035
0 0 0 0
1.000000 0.000000 0.000000 0.000000
5.828725 -3.913972 2.376713
-0.000209 0.949041 0.315151
255 255 255 255
0.430664 0.312012
0 0 0 0
1.000000 0.000000 0.000000 0.000000
5.895473 -5.959671 0.204898
-0.714604 0.440403 -0.543494
255 255 255 255
0.497803 0.328857
0 0 0 0
1.000000 0.000000 0.000000 0.000000
4.730166 -5.926940 1.745595
-0.693619 0.415798 -0.588221
255 255 255 255
0.480957 0.287598
0 0 0 0
1.000000 0.000000 0.000000 0.000000
4.978906 -3.976210 2.627200
-0.518937 0.598586 -0.610246
255 255 255 255
0.436035 0.289062
0 0 0 0
1.000000 0.000000 0.000000 0.000000
5.181052 -4.059277 2.891915
0.027647 0.952923 0.301950
255 255 255 255
0.428467 0.289795
0 0 0 0
1.000000 0.000000 0.000000 0.000000
4.768151 -6.010609 1.658395
-0.701148 0.551738 -0.451638
255 255 255 255
0.483398 0.288818
0 0 0 0
1.000000 0.000000 0.000000 0.000000
5.689253 -6.445296 -0.097932
-0.718780 0.550714 -0.424346
255 255 255 255
0.510254 0.326416
0 0 0 0
1.000000 0.000000 0.000000 0.000000
4.646791 -5.909146 1.844684
-0.565452 0.391090 -0.726163
255 255 255 255
0.479980 0.284668
0 0 0 0
1.000000 0.000000 0.000000 0.000000
4.232850 -5.966968 2.112848
-0.483394 0.393428 -0.782013
255 255 255 255
0.479492 0.272949
0 0 0 0
1.000000 0.000000 0.000000 0.000000
4.212588 -4.075158 3.080190
-0.454283 0.606990 -0.652066
255 255 255 255
0.435791 0.264893
0 0 0 0
1.000000 0.000000 0.000000 0.000000
4.390364 -4.191511 3.376220
0.024333 0.945494 0.324730
255 255 255 255
0.428223 0.264404
0 0 0 0
1.000000 0.000000 0.000000 0.000000
3.454502 -4.201382 3.432282
-0.386827 0.609309 -0.692176
255 255 255 255
0.437744 0.241943
0 0 0 0
1.000000 0.000000 0.000000 0.000000
4.138011 -6.081053 2.116449
-0.428933 0.413253 -0.803267
255 255 255 255
0.481934 0.270752
0 0 0 0
1.000000 0.000000 0.000000 0.000000
3.600162 -4.309823 3.746223
0.002400 0.941058 0.338237
255 255 255 255
0.429932 0.240601
0 0 0 0
1.000000 0.000000 0.000000 0.000000
2.442776 -4.325763 3.805085
-0.287453 0.606973 -0.740914
255 255 255 255
0.443359 0.213379
0 0 0 0
1.000000 0.000000 0.000000 0.000000
2.200070 -6.246408 3.012320
-0.313819 0.390214 -0.865593
255 255 255 255
0.485596 0.219971
0 0 0 0
1.000000 0.000000 0.000000 0.000000
2.299243 -6.314951 2.942629
-0.353910 0.388407 -0.850816
255 255 255 255
0.486572 0.223022
0 0 0 0
1.000000 0.000000 0.000000 0.000000
2.373383 -6.384356 2.886402
-0.419597 0.416528 -0.806501
255 255 255 255
0.487793 0.225342
0 0 0 0
1.000000 0.000000 0.000000 0.000000
4.020868 -6.269586 2.073233
-0.420881 0.474233 -0.773280
255 255 255 255
0.486084 0.268555
0 0 0 0
1.000000 0.000000 0.000000 0.000000
2.448479 -6.934144 2.529539
-0.421315 0.488717 -0.763969
255 255 255 255
0.499756 0.231445
0 0 0 0
1.000000 0.000000 0.000000 0.000000
3.344384 -7.657090 1.545904
-0.421623 0.506178 -0.752342
255 255 255 255
0.517090 0.259766
0 0 0 0
1.000000 0.000000 0.000000 0.000000
2.124915 -7.896230 2.048319
-0.412692 0.596667 -0.688240
255 255 255 255
0.521484 0.232056
0 0 0 0
1.000000 0.000000 0.000000 0.000000
3.334631 -7.784235 1.439612
-0.397233 0.656701 -0.641054
255 255 255 255
0.520020 0.260498
0 0 0 0
1.000000 0.000000 0.000000 0.000000
3.077732 -8.517691 0.782327
-0.387024 0.715372 -0.581770
255 255 255 255
0.540039 0.261963
0 0 0 0
1.000000 0.000000 0.000000 0.000000
1.743244 -8.559608 1.636847
-0.403204 0.706428 -0.581710
255 255 255 255
0.537598 0.229248
0 0 0 0
1.000000 0.000000 0.000000 0.000000
3.178038 -8.446279 0.843432
-0.384970 0.688276 -0.614877
255 255 255 255
0.538086 0.263184
0 0 0 0
1.000000 0.000000 0.000000 0.000000
3.408570 -7.842895 1.306716
-0.526696 0.647929 -0.550254
255 255 255 255
0.522461 0.263184
0 0 0 0
1.000000 0.000000 0.000000 0.000000
3.281319 -8.403038 0.780107
-0.522780 0.649135 -0.552563
255 255 255 255
0.537598 0.265869
0 0 0 0
1.000000 0.000000 0.000000 0.000000
3.851074 -7.808204 0.962040
-0.563209 0.660230 -0.496883
255 255 255 255
0.524414 0.275146
0 0 0 0
1.000000 0.000000 0.000000 0.000000
3.634120 -8.302544 0.548087
-0.565731 0.660340 -0.493863
255 255 255 255
0.537598 0.274658
0 0 0 0
1.000000 0.000000 0.000000 0.000000
4.338056 -7.679584 0.530600
-0.614816 0.660042 -0.431678
255 255 255 255
0.525879 0.289062
0 0 0 0
1.000000 0.000000 0.000000 0.000000
4.039760 -8.234803 0.074589
-0.614496 0.660440 -0.431525
255 255 255 255
0.541504 0.287354
0 0 0 0
1.000000 0.000000 0.000000 0.000000
4.450666 -7.601523 0.474797
-0.701086 0.638808 -0.316865
255 255 255 255
0.524902 0.292236
0 0 0 0
1.000000 0.000000 0.000000 0.000000
4.574173 -7.422909 0.549622
-0.721258 0.559076 -0.408926
255 255 255 255
0.520508 0.293945
0 0 0 0
1.000000 0.000000 0.000000 0.000000
2.918069 -9.069497 0.068863
-0.367383 0.753981 -0.544556
255 255 255 255
0.557617 0.265381
0 0 0 0
1.000000 0.000000 0.000000 0.000000
1.616596 -8.718410 1.549529
-0.375938 0.773157 -0.510781
255 255 255 255
0.541504 0.227783
0 0 0 0
1.000000 0.000000 0.000000 0.000000
1.466637 -8.782394 1.542787
-0.217535 0.882604 -0.416760
255 255 255 255
0.543457 0.225098
0 0 0 0
1.000000 0.000000 0.000000 0.000000
1.189937 -9.958790 -0.777405
-0.245541 0.876067 -0.414990
255 255 255 255
0.588867 0.240723
0 0 0 0
1.000000 0.000000 0.000000 0.000000
0.929862 -8.762675 1.729749
-0.114950 0.879035 -0.462692
255 255 255 255
0.544434 0.213745
0 0 0 0
1.000000 0.000000 0.000000 0.000000
0.037145 -10.162189 -0.594185
-0.001177 0.886334 -0.463045
255 255 255 255
0.594238 0.218994
0 0 0 0
1.000000 0.000000 0.000000 0.000000
0.847692 -8.688795 1.827304
0.030332 0.844022 -0.535450
255 255 255 255
0.542969 0.211182
0 0 0 0
1.000000 0.000000 0.000000 0.000000
-0.773710 -8.688795 1.827304
-0.035500 0.844182 -0.534879
255 255 255 255
0.558105 0.182007
0 0 0 0
1.000000 0.000000 0.000000 0.000000
0.036992 -8.604383 1.917715
-0.001941 0.744452 -0.667673
255 255 255 255
0.548340 0.195312
0 0 0 0
1.000000 0.000000 0.000000 0.000000
-0.855867 -8.762675 1.729749
0.112000 0.877323 -0.466648
255 255 255 255
0.561035 0.181519
0 0 0 0
1.000000 0.000000 0.000000 0.000000
-1.115600 -9.958790 -0.777405
0.244258 0.875677 -0.416568
255 255 255 255
0.607910 0.201294
0 0 0 0
1.000000 0.000000 0.000000 0.000000
0.814560 -8.604276 1.917844
-0.001218 0.611720 -0.791074
255 255 255 255
0.541504 0.209473
0 0 0 0
1.000000 0.000000 0.000000 0.000000
0.036956 -7.594710 2.685341
-0.003137 0.504001 -0.863697
255 255 255 255
0.527344 0.184082
0 0 0 0
1.000000 0.000000 0.000000 0.000000
-0.706169 -7.594710 2.685341
-0.024254 0.501430 -0.864858
255 255 255 255
0.535156 0.169922
0 0 0 0
1.000000 0.000000 0.000000 0.000000
-0.740578 -8.604276 1.917844
-0.002275 0.610767 -0.791807
255 255 255 255
0.556152 0.181519
0 0 0 0
1.000000 0.000000 0.000000 0.000000
0.780070 -7.594710 2.685341
0.016700 0.502456 -0.864442
255 255 255 255
0.520508 0.198486
0 0 0 0
1.000000 0.000000 0.000000 0.000000
0.036897 -4.503031 4.207206
-0.001206 0.605017 -0.796211
255 255 255 255
0.466797 0.152222
0 0 0 0
1.000000 0.000000 0.000000 0.000000
-0.783735 -6.870784 3.076176
-0.000258 0.431412 -0.902155
255 255 255 255
0.522949 0.160400
0 0 0 0
1.000000 0.000000 0.000000 0.000000
0.857611 -6.870784 3.076176
-0.007423 0.431944 -0.901870
255 255 255 255
0.505371 0.193848
0 0 0 0
1.000000 0.000000 0.000000 0.000000
-1.314417 -4.519102 4.415942
0.010684 0.948171 0.317582
255 255 255 255
0.479492 0.118164
0 0 0 0
1.000000 0.000000 0.000000 0.000000
-1.256276 -4.416765 4.087701
0.175197 0.595127 -0.784302
255 255 255 255
0.485107 0.122803
0 0 0 0
1.000000 0.000000 0.000000 0.000000
-1.132922 -6.319095 3.290520
0.101461 0.391854 -0.914415
255 255 255 255
0.517578 0.147827
0 0 0 0
1.000000 0.000000 0.000000 0.000000
1.206787 -6.319095 3.290520
-0.105619 0.392210 -0.913792
255 255 255 255
0.491943 0.196777
0 0 0 0
1.000000 0.000000 0.000000 0.000000
0.036885 -4.615311 4.534844
-0.005595 0.949271 0.314410
255 255 255 255
0.460693 0.148193
0 0 0 0
1.000000 0.000000 0.000000 0.000000
1.388187 -4.519102 4.415942
-0.018471 0.947712 0.318591
255 255 255 255
0.446045 0.180542
0 0 0 0
1.000000 0.000000 0.000000 0.000000
1.330070 -4.416765 4.087701
-0.178696 0.592897 -0.785201
255 255 255 255
0.452393 0.183716
0 0 0 0
1.000000 0.000000 0.000000 0.000000
-2.481946 -4.446189 4.133845
-0.012394 0.944591 0.328017
255 255 255 255
0.497559 0.094177
0 0 0 0
1.000000 0.000000 0.000000 0.000000
-2.368958 -4.325763 3.805085
0.284594 0.605746 -0.743020
255 255 255 255
0.503418 0.099182
0 0 0 0
1.000000 0.000000 0.000000 0.000000
-1.369594 -6.200523 3.275559
0.265453 0.387999 -0.882605
255 255 255 255
0.519043 0.141968
0 0 0 0
1.000000 0.000000 0.000000 0.000000
-1.247220 -6.231104 3.302363
0.240055 0.384814 -0.891231
255 255 255 255
0.517578 0.144653
0 0 0 0
1.000000 0.000000 0.000000 0.000000
-3.526331 -4.309823 3.746223
-0.009802 0.941468 0.336961
255 255 255 255
0.518555 0.073059
0 0 0 0
1.000000 0.000000 0.000000 0.000000
-3.380649 -4.201382 3.432282
0.382151 0.610462 -0.693756
255 255 255 255
0.523926 0.078552
0 0 0 0
1.000000 0.000000 0.000000 0.000000
-2.126181 -6.246408 3.012320
0.310414 0.392354 -0.865853
255 255 255 255
0.533203 0.129395
0 0 0 0
1.000000 0.000000 0.000000 0.000000
-4.138700 -4.075158 3.080190
0.446742 0.609061 -0.655336
255 255 255 255
0.541016 0.064392
0 0 0 0
1.000000 0.000000 0.000000 0.000000
-4.316499 -4.191511 3.376220
-0.032112 0.944943 0.325655
255 255 255 255
0.536133 0.058746
0 0 0 0
1.000000 0.000000 0.000000 0.000000
-4.158891 -5.966968 2.112848
0.482618 0.394470 -0.781967
255 255 255 255
0.572754 0.094299
0 0 0 0
1.000000 0.000000 0.000000 0.000000
-4.064052 -6.081053 2.116449
0.425924 0.413429 -0.804776
255 255 255 255
0.572266 0.097351
0 0 0 0
1.000000 0.000000 0.000000 0.000000
-2.299482 -6.384356 2.886402
0.415481 0.420245 -0.806703
255 255 255 255
0.538574 0.128296
0 0 0 0
1.000000 0.000000 0.000000 0.000000
-2.225353 -6.314951 2.942629
0.348811 0.387518 -0.853323
255 255 255 255
0.536133 0.128540
0 0 0 0
1.000000 0.000000 0.000000 0.000000
-4.904993 -3.976210 2.627200
0.517585 0.595323 -0.614570
255 255 255 255
0.561035 0.050781
0 0 0 0
1.000000 0.000000 0.000000 0.000000
-5.107163 -4.059277 2.891915
-0.035004 0.952548 0.302370
255 255 255 255
0.556641 0.044922
0 0 0 0
1.000000 0.000000 0.000000 0.000000
-4.572808 -5.909146 1.844684
0.565545 0.387486 -0.728021
255 255 255 255
0.582520 0.088013
0 0 0 0
1.000000 0.000000 0.000000 0.000000
-4.656182 -5.926940 1.745595
0.690138 0.414073 -0.593509
255 255 255 255
0.585449 0.087341
0 0 0 0
1.000000 0.000000 0.000000 0.000000
-5.524977 -3.836478 2.146027
0.658749 0.570634 -0.490334
255 255 255 255
0.579590 0.039856
0 0 0 0
1.000000 0.000000 0.000000 0.000000
-5.754789 -3.913972 2.376713
-0.009826 0.948841 0.315602
255 255 255 255
0.575684 0.033752
0 0 0 0
1.000000 0.000000 0.000000 0.000000
-6.549431 -3.632560 1.576462
-0.064424 0.941029 0.332137
255 255 255 255
0.603516 0.020920
0 0 0 0
1.000000 0.000000 0.000000 0.000000
-6.296594 -3.550615 1.346024
0.688763 0.601982 -0.404009
255 255 255 255
0.606934 0.027420
0 0 0 0
1.000000 0.000000 0.000000 0.000000
-6.091319 -5.543828 0.158010
0.730936 0.402211 -0.551324
255 255 255 255
0.633301 0.068542
0 0 0 0
1.000000 0.000000 0.000000 0.000000
-5.821349 -5.959671 0.204898
0.711375 0.436918 -0.550499
255 255 255 255
0.629883 0.078308
0 0 0 0
1.000000 0.000000 0.000000 0.000000
-4.694155 -6.010609 1.658395
0.701572 0.546891 -0.456844
255 255 255 255
0.588379 0.088562
0 0 0 0
1.000000 0.000000 0.000000 0.000000
-5.615069 -6.445296 -0.097932
0.717974 0.549472 -0.427311
255 255 255 255
0.634766 0.089661
0 0 0 0
1.000000 0.000000 0.000000 0.000000
-4.500085 -7.422909 0.549622
0.722867 0.553640 -0.413456
255 255 255 255
0.612793 0.115723
0 0 0 0
1.000000 0.000000 0.000000 0.000000
-5.067288 -7.632554 -1.140620
0.713090 0.587025 -0.383281
255 255 255 255
0.651855 0.120117
0 0 0 0
1.000000 0.000000 0.000000 0.000000
-4.376577 -7.601523 0.474797
0.697473 0.640815 -0.320761
255 255 255 255
0.613281 0.120178
0 0 0 0
1.000000 0.000000 0.000000 0.000000
-4.006785 -8.237023 -0.014476
0.681076 0.668906 -0.297825
255 255 255 255
0.620605 0.135986
0 0 0 0
1.000000 0.000000 0.000000 0.000000
-3.970736 -8.256411 -0.112528
0.631050 0.743982 -0.219696
255 255 255 255
0.622070 0.137329
0 0 0 0
1.000000 0.000000 0.000000 0.000000
-5.057311 -7.699302 -1.253760
0.633121 0.738751 -0.231094
255 255 255 255
0.654297 0.121765
0 0 0 0
1.000000 0.000000 0.000000 0.000000
-4.263967 -7.679584 0.530600
0.612413 0.663329 -0.430051
255 255 255 255
0.611328 0.122437
0 0 0 0
1.000000 0.000000 0.000000 0.000000
-3.965624 -8.234803 0.074589
0.612413 0.663329 -0.430051
255 255 255 255
0.618652 0.136230
0 0 0 0
1.000000 0.000000 0.000000 0.000000
-3.560042 -8.302544 0.548087
0.560178 0.661910 -0.498072
255 255 255 255
0.605957 0.140381
0 0 0 0
1.000000 0.000000 0.000000 0.000000
-3.777031 -7.808204 0.962040
0.559074 0.663264 -0.497512
255 255 255 255
0.599121 0.129761
0 0 0 0
1.000000 0.000000 0.000000 0.000000
-3.207254 -8.403038 0.780107
0.518442 0.651186 -0.554234
255 255 255 255
0.598633 0.145508
0 0 0 0
1.000000 0.000000 0.000000 0.000000
-3.334540 -7.842895 1.306716
0.521083 0.649343 -0.553919
255 255 255 255
0.588379 0.134521
0 0 0 0
1.000000 0.000000 0.000000 0.000000
-3.103972 -8.446279 0.843432
0.382005 0.691178 -0.613470
255 255 255 255
0.596680 0.147217
0 0 0 0
1.000000 0.000000 0.000000 0.000000
-3.260612 -7.784235 1.439612
0.394249 0.656769 -0.642824
255 255 255 255
0.584961 0.134399
0 0 0 0
1.000000 0.000000 0.000000 0.000000
-3.003666 -8.517691 0.782327
0.382981 0.715672 -0.584071
255 255 255 255
0.596680 0.149780
0 0 0 0
1.000000 0.000000 0.000000 0.000000
-2.050954 -7.896230 2.048319
0.408525 0.597488 -0.690011
255 255 255 255
0.562500 0.151855
0 0 0 0
1.000000 0.000000 0.000000 0.000000
-3.270389 -7.657090 1.545904
0.418418 0.506284 -0.754057
255 255 255 255
0.582520 0.132202
0 0 0 0
1.000000 0.000000 0.000000 0.000000
-1.669249 -8.559608 1.636847
0.399124 0.708183 -0.582389
255 255 255 255
0.569336 0.166626
0 0 0 0
1.000000 0.000000 0.000000 0.000000
-2.374555 -6.934144 2.529539
0.418816 0.489940 -0.764560
255 255 255 255
0.549805 0.134399
0 0 0 0
1.000000 0.000000 0.000000 0.000000
-2.843921 -9.069497 0.068863
0.364972 0.755002 -0.544763
255 255 255 255
0.608887 0.161865
0 0 0 0
1.000000 0.000000 0.000000 0.000000
-1.542588 -8.718410 1.549529
0.368045 0.775680 -0.512702
255 255 255 255
0.570312 0.170654
0 0 0 0
1.000000 0.000000 0.000000 0.000000
-1.392631 -8.782394 1.542787
0.213713 0.882249 -0.419481
255 255 255 255
0.569336 0.173706
0 0 0 0
1.000000 0.000000 0.000000 0.000000
-2.858432 -9.100835 -0.017534
0.257185 0.877836 -0.404054
255 255 255 255
0.610352 0.162354
0 0 0 0
1.000000 0.000000 0.000000 0.000000
-2.083886 -9.743454 -1.012648
0.284555 0.883500 -0.372098
255 255 255 255
0.620605 0.185791
0 0 0 0
1.000000 0.000000 0.000000 0.000000
-2.876309 -9.133329 -0.109612
0.419285 0.883515 -0.208809
255 255 255 255
0.612305 0.162964
0 0 0 0
1.000000 0.000000 0.000000 0.000000
-3.134672 -9.309358 -1.489287
0.547810 0.812790 -0.198185
255 255 255 255
0.639648 0.170288
0 0 0 0
1.000000 0.000000 0.000000 0.000000
-3.197418 -9.076664 -0.458681
0.435697 0.878894 -0.194199
255 255 255 255
0.621582 0.159912
0 0 0 0
1.000000 0.000000 0.000000 0.000000
-3.336016 -8.999762 -0.502924
0.563736 0.813193 -0.144633
255 255 255 255
0.623535 0.157349
0 0 0 0
1.000000 0.000000 0.000000 0.000000
-3.458981 -8.900766 -0.473440
0.623617 0.755770 -0.199787
255 255 255 255
0.624512 0.154297
0 0 0 0
1.000000 0.000000 0.000000 0.000000
-3.763216 -9.013446 -1.878302
0.632227 0.742546 -0.221167
255 255 255 255
0.653809 0.160767
0 0 0 0
1.000000 0.000000 0.000000 0.000000
-5.073263 -7.728361 -1.358435
0.651499 0.728987 -0.210065
255 255 255 255
0.656250 0.122559
0 0 0 0
1.000000 0.000000 0.000000 0.000000
-4.466988 -8.566173 -2.529741
0.653603 0.728249 -0.206051
255 255 255 255
0.674805 0.151123
0 0 0 0
1.000000 0.000000 0.000000 0.000000
-5.266542 -7.613744 -1.804681
0.692730 0.705814 -0.148163
255 255 255 255
0.666992 0.121094
0 0 0 0
1.000000 0.000000 0.000000 0.000000
-4.893527 -8.239349 -3.046904
0.684087 0.712066 -0.158074
255 255 255 255
0.688477 0.143433
0 0 0 0
1.000000 0.000000 0.000000 0.000000
-5.376259 -7.527643 -1.866695
0.740077 0.651251 -0.167803
255 255 255 255
0.668945 0.118774
0 0 0 0
1.000000 0.000000 0.000000 0.000000
-5.170487 -8.091033 -3.489326
0.704223 0.692827 -0.155115
255 255 255 255
0.699219 0.140137
0 0 0 0
1.000000 0.000000 0.000000 0.000000
-5.740832 -7.608631 -4.024106
0.744249 0.644834 -0.174022
255 255 255 255
0.715332 0.128784
0 0 0 0
1.000000 0.000000 0.000000 0.000000
-5.748696 -7.502458 -3.894694
0.857158 0.500332 -0.122264
255 255 255 255
0.712891 0.126099
0 0 0 0
1.000000 0.000000 0.000000 0.000000
-5.459504 -7.404655 -1.870083
0.853564 0.507122 -0.119397
255 255 255 255
0.669922 0.115723
0 0 0 0
1.000000 0.000000 0.000000 0.000000
-5.311057 -8.059211 -3.988151
0.710920 0.670970 -0.210695
255 255 255 255
0.710449 0.140747
0 0 0 0
1.000000 0.000000 0.000000 0.000000
-5.755757 -7.648010 -4.147566
0.727656 0.662836 -0.176535
255 255 255 255
0.717773 0.130005
0 0 0 0
1.000000 0.000000 0.000000 0.000000
-5.259800 -8.250189 -4.390898
0.742078 0.655677 -0.139311
255 255 255 255
0.717285 0.146484
0 0 0 0
1.000000 0.000000 0.000000 0.000000
-5.830582 -7.658082 -4.549357
0.705157 0.691979 -0.154654
255 255 255 255
0.726562 0.131958
0 0 0 0
1.000000 0.000000 0.000000 0.000000
-5.443859 -8.207504 -5.271842
0.739928 0.669808 0.062162
255 255 255 255
0.736816 0.149414
0 0 0 0
1.000000 0.000000 0.000000 0.000000
-4.944902 -8.720357 -4.906502
0.706982 0.706059 0.040709
255 255 255 255
0.724609 0.160522
0 0 0 0
1.000000 0.000000 0.000000 0.000000
-5.879560 -7.627418 -4.645459
0.815053 0.578217 0.036796
255 255 255 255
0.729004 0.131592
0 0 0 0
1.000000 0.000000 0.000000 0.000000
-6.071387 -7.214870 -5.732553
0.855586 0.513769 0.063354
255 255 255 255
0.754395 0.130737
0 0 0 0
1.000000 0.000000 0.000000 0.000000
-5.582019 -7.654587 -7.150747
0.722879 0.683144 0.103731
255 255 255 255
0.778320 0.154785
0 0 0 0
1.000000 0.000000 0.000000 0.000000
-4.807461 -8.455890 -6.351783
0.655727 0.742038 0.139292
255 255 255 255
0.753418 0.170044
0 0 0 0
1.000000 0.000000 0.000000 0.000000
-4.606873 -8.991755 -5.123043
0.644671 0.736247 0.205769
255 255 255 255
0.725586 0.170288
0 0 0 0
1.000000 0.000000 0.000000 0.000000
-4.890800 -8.218662 -7.226268
0.634711 0.764886 0.109962
255 255 255 255
0.772461 0.173218
0 0 0 0
1.000000 0.000000 0.000000 0.000000
-4.506485 -8.999218 -6.268242
0.789210 0.550214 -0.272786
255 255 255 255
0.747070 0.180908
0 0 0 0
1.000000 0.000000 0.000000 0.000000
-4.293250 -9.051833 -5.756464
0.623942 0.781071 0.024995
255 255 255 255
0.735352 0.180542
0 0 0 0
1.000000 0.000000 0.000000 0.000000
-4.726402 -8.717276 -6.525756
0.905332 0.390334 -0.167372
255 255 255 255
0.754883 0.176514
0 0 0 0
1.000000 0.000000 0.000000 0.000000
-4.812007 -8.518458 -6.880612
0.964196 0.265000 -0.010026
255 255 255 255
0.763672 0.175659
0 0 0 0
1.000000 0.000000 0.000000 0.000000
-5.228841 -7.776052 -8.663188
0.659543 0.748084 0.073307
255 255 255 255
0.805664 0.173828
0 0 0 0
1.000000 0.000000 0.000000 0.000000
-4.665522 -8.206158 -8.231441
0.567870 0.819242 0.079787
255 255 255 255
0.790527 0.184937
0 0 0 0
1.000000 0.000000 0.000000 0.000000
-6.017674 -6.971692 -8.518615
0.756167 0.650116 0.074563
255 255 255 255
0.812012 0.150391
0 0 0 0
1.000000 0.000000 0.000000 0.000000
-6.152943 -6.844984 -7.435630
0.760830 0.644801 0.073283
255 255 255 255
0.791992 0.137695
0 0 0 0
1.000000 0.000000 0.000000 0.000000
-6.193880 -6.795593 -7.330565
0.804788 0.587087 0.087437
255 255 255 255
0.790527 0.135498
0 0 0 0
1.000000 0.000000 0.000000 0.000000
-4.756405 -8.434447 -7.334686
0.872835 0.454160 0.178601
255 255 255 255
0.772461 0.179199
0 0 0 0
1.000000 0.000000 0.000000 0.000000
-4.727559 -8.377511 -7.642983
0.857092 0.463830 0.224176
255 255 255 255
0.778320 0.181274
0 0 0 0
1.000000 0.000000 0.000000 0.000000
-4.232122 -8.377073 -8.772905
0.524356 0.850563 0.039906
255 255 255 255
0.797363 0.198364
0 0 0 0
1.000000 0.000000 0.000000 0.000000
-4.633027 -8.360377 -7.910639
0.838626 0.492100 0.233548
255 255 255 255
0.783203 0.184692
0 0 0 0
1.000000 0.000000 0.000000 0.000000
-4.492670 -8.386012 -8.132812
0.599337 0.741644 0.301262
255 255 255 255
0.786133 0.189209
0 0 0 0
1.000000 0.000000 0.000000 0.000000
-4.270060 -8.443763 -8.432348
0.562655 0.794324 0.229061
255 255 255 255
0.790527 0.195923
0 0 0 0
1.000000 0.000000 0.000000 0.000000
-5.283262 -7.440231 -10.795035
0.761760 0.638375 0.110450
255 255 255 255
0.850098 0.188599
0 0 0 0
1.000000 0.000000 0.000000 0.000000
-4.420584 -8.264050 -10.120711
0.613066 0.789725 -0.022021
255 255 255 255
0.825684 0.205811
0 0 0 0
1.000000 0.000000 0.000000 0.000000
-5.993658 -6.911213 -8.859585
0.746515 0.656902 0.105812
255 255 255 255
0.819336 0.152954
0 0 0 0
1.000000 0.000000 0.000000 0.000000
-5.996633 -6.989049 -8.719818
0.695893 0.692707 0.189448
255 255 255 255
0.815918 0.152832
0 0 0 0
1.000000 0.000000 0.000000 0.000000
-3.766392 -8.683104 -9.391000
0.523006 0.852291 -0.008010
255 255 255 255
0.804199 0.214478
0 0 0 0
1.000000 0.000000 0.000000 0.000000
-3.865436 -8.602599 -8.745807
0.493114 0.869948 -0.005442
255 255 255 255
0.792969 0.206787
0 0 0 0
1.000000 0.000000 0.000000 0.000000
-4.941549 -7.790800 -11.285501
0.655935 0.754817 -0.001315
255 255 255 255
0.854980 0.203125
0 0 0 0
1.000000 0.000000 0.000000 0.000000
-3.424786 -9.117483 -11.414405
0.607222 0.786310 -0.114014
255 255 255 255
0.837402 0.243408
0 0 0 0
1.000000 0.000000 0.000000 0.000000
-5.119926 -7.664694 -10.936869
0.659233 0.751722 -0.018064
255 255 255 255
0.850586 0.195435
0 0 0 0
1.000000 0.000000 0.000000 0.000000
-5.196003 -7.559087 -10.836208
0.656686 0.750687 0.072333
255 255 255 255
0.849609 0.191895
0 0 0 0
1.000000 0.000000 0.000000 0.000000
-2.707613 -9.325510 -9.595413
0.609000 0.766032 -0.205703
255 255 255 255
0.795898 0.240601
0 0 0 0
1.000000 0.000000 0.000000 0.000000
-6.096597 -6.757123 -8.900345
0.851437 0.503675 0.146174
255 255 255 255
0.821777 0.149780
0 0 0 0
1.000000 0.000000 0.000000 0.000000
-5.736404 -6.783750 -10.957814
0.869032 0.475759 0.135785
255 255 255 255
0.861328 0.174927
0 0 0 0
1.000000 0.000000 0.000000 0.000000
-6.465845 -5.973864 -8.852571
0.876939 0.463101 0.128515
255 255 255 255
0.828613 0.132812
0 0 0 0
1.000000 0.000000 0.000000 0.000000
-6.061516 -6.164250 -11.100274
0.887097 0.446891 0.115532
255 255 255 255
0.870605 0.163086
0 0 0 0
1.000000 0.000000 0.000000 0.000000
-6.859087 -5.176055 -8.721412
0.890668 0.438539 0.119976
255 255 255 255
0.833984 0.114441
0 0 0 0
1.000000 0.000000 0.000000 0.000000
-6.118275 -5.999805 -11.169502
0.924748 0.331396 0.187132
255 255 255 255
0.874023 0.160767
0 0 0 0
1.000000 0.000000 0.000000 0.000000
-6.910249 -5.095209 -8.688764
0.926579 0.332466 0.175834
255 255 255 255
0.833984 0.112488
0 0 0 0
1.000000 0.000000 0.000000 0.000000
-7.413503 -2.529655 -10.836644
0.870936 0.468163 0.149316
255 255 255 255
0.902832 0.086426
0 0 0 0
1.000000 0.000000 0.000000 0.000000
-6.110140 -5.941864 -11.322612
0.922435 0.324933 0.208643
255 255 255 255
0.877441 0.161987
0 0 0 0
1.000000 0.000000 0.000000 0.000000
-7.758369 -2.340366 -9.414981
0.853130 0.503293 0.137352
255 255 255 255
0.875977 0.064819
0 0 0 0
1.000000 0.000000 0.000000 0.000000
-6.954941 -5.040492 -8.520079
0.929881 0.330828 0.160851
255 255 255 255
0.831055 0.109497
0 0 0 0
1.000000 0.000000 0.000000 0.000000
-7.030345 -2.794147 -12.118743
0.882109 0.442010 0.162823
255 255 255 255
0.925781 0.109131
0 0 0 0
1.000000 0.000000 0.000000 0.000000
-7.701256 -2.647754 -10.882116
-0.338089 0.908271 -0.246454
255 255 255 255
0.907227 0.080383
0 0 0 0
1.000000 0.000000 0.000000 0.000000
-7.314308 -2.915282 -12.171735
-0.351357 0.872582 -0.339335
255 255 255 255
0.930664 0.103699
0 0 0 0
1.000000 0.000000 0.000000 0.000000
-6.722390 -3.082348 -13.066695
0.879086 0.451905 0.151624
255 255 255 255
0.941406 0.128296
0 0 0 0
1.000000 0.000000 0.000000 0.000000
-5.827678 -6.122014 -12.253798
0.921951 0.325231 0.210309
255 255 255 255
0.892578 0.178345
0 0 0 0
1.000000 0.000000 0.000000 0.000000
-7.006600 -3.268295 -13.128119
-0.382745 0.810714 -0.443000
255 255 255 255
0.948242 0.123779
0 0 0 0
1.000000 0.000000 0.000000 0.000000
-5.678547 -6.305481 -12.631005
0.916126 0.328900 0.229214
255 255 255 255
0.897461 0.187500
0 0 0 0
1.000000 0.000000 0.000000 0.000000
-5.268774 -6.263186 -14.299449
0.914678 0.339734 0.218963
255 255 255 255
0.927734 0.211670
0 0 0 0
1.000000 0.000000 0.000000 0.000000
-6.279638 -3.565611 -14.242006
0.843688 0.530390 0.082932
255 255 255 255
0.958008 0.155884
0 0 0 0
1.000000 0.000000 0.000000 0.000000
-6.581218 -3.737471 -14.307644
-0.371782 0.782036 -0.500198
255 255 255 255
0.965332 0.151855
0 0 0 0
1.000000 0.000000 0.000000 0.000000
-5.351699 -5.932690 -14.596707
0.920188 0.338285 0.197024
255 255 255 255
0.937012 0.209595
0 0 0 0
1.000000 0.000000 0.000000 0.000000
-5.321353 -5.752446 -14.911464
0.913588 0.340626 0.222105
255 255 255 255
0.944336 0.211304
0 0 0 0
1.000000 0.000000 0.000000 0.000000
-5.851328 -4.103497 -15.324520
0.818830 0.572291 0.044718
255 255 255 255
0.971680 0.183960
0 0 0 0
1.000000 0.000000 0.000000 0.000000
-5.026316 -6.849140 -14.078151
0.851302 0.483753 0.203147
255 255 255 255
0.916504 0.220825
0 0 0 0
1.000000 0.000000 0.000000 0.000000
-5.508989 -6.585523 -12.676300
0.821167 0.539600 0.185787
255 255 255 255
0.895020 0.194214
0 0 0 0
1.000000 0.000000 0.000000 0.000000
-5.612885 -6.436818 -12.663726
0.852895 0.468630 0.230123
255 255 255 255
0.896484 0.190552
0 0 0 0
1.000000 0.000000 0.000000 0.000000
-4.884589 -7.057982 -14.019573
0.812956 0.551954 0.185603
255 255 255 255
0.912598 0.225098
0 0 0 0
1.000000 0.000000 0.000000 0.000000
-4.611195 -7.782853 -13.074017
0.814205 0.552423 0.178601
255 255 255 255
0.886719 0.227783
0 0 0 0
1.000000 0.000000 0.000000 0.000000
-5.007270 -7.584768 -11.798413
0.764673 0.628838 0.140847
255 255 255 255
0.866699 0.205200
0 0 0 0
1.000000 0.000000 0.000000 0.000000
-4.571096 -7.772888 -13.280509
0.811766 0.552447 0.189311
255 255 255 255
0.890625 0.230713
0 0 0 0
1.000000 0.000000 0.000000 0.000000
-4.737749 -7.221612 -14.162552
0.775662 0.580548 0.247614
255 255 255 255
0.913086 0.231323
0 0 0 0
1.000000 0.000000 0.000000 0.000000
-4.553892 -7.919845 -12.786263
0.756309 0.642941 0.120927
255 255 255 255
0.879883 0.227051
0 0 0 0
1.000000 0.000000 0.000000 0.000000
-4.395965 -8.136835 -12.540960
0.723730 0.677637 0.130474
255 255 255 255
0.872559 0.229370
0 0 0 0
1.000000 0.000000 0.000000 0.000000
-4.909597 -7.800009 -11.503175
0.696010 0.715672 0.058177
255 255 255 255
0.858887 0.206177
0 0 0 0
1.000000 0.000000 0.000000 0.000000
-3.934392 -8.698088 -11.920871
0.685857 0.726841 0.036093
255 255 255 255
0.853516 0.235474
0 0 0 0
1.000000 0.000000 0.000000 0.000000
-2.675650 -9.726298 -11.031708
0.594911 0.789588 -0.150437
255 255 255 255
0.820312 0.258057
0 0 0 0
1.000000 0.000000 0.000000 0.000000
-2.356537 -10.046687 -11.264389
0.656457 0.731739 -0.183367
255 255 255 255
0.819824 0.268555
0 0 0 0
1.000000 0.000000 0.000000 0.000000
-1.756814 -9.792669 -9.309645
0.652637 0.694997 -0.301734
255 255 255 255
0.779297 0.258789
0 0 0 0
1.000000 0.000000 0.000000 0.000000
-3.047780 -9.078684 -9.162710
0.512675 0.853542 -0.092898
255 255 255 255
0.791992 0.228638
0 0 0 0
1.000000 0.000000 0.000000 0.000000
-2.650984 -9.390630 -9.279571
0.506018 0.858639 0.081761
255 255 255 255
0.789062 0.239136
0 0 0 0
1.000000 0.000000 0.000000 0.000000
-2.061215 -9.692032 -9.103389
0.393879 0.910307 0.127279
255 255 255 255
0.779297 0.251221
0 0 0 0
1.000000 0.000000 0.000000 0.000000
-2.007360 -10.304837 -11.866438
0.671726 0.740774 0.006208
255 255 255 255
0.825684 0.282471
0 0 0 0
1.000000 0.000000 0.000000 0.000000
-1.179751 -11.103576 -12.177309
0.679256 0.733699 0.017251
255 255 255 255
0.818848 0.305908
0 0 0 0
1.000000 0.000000 0.000000 0.000000
-1.225269 -11.026531 -10.507483
0.677417 0.702625 -0.217770
255 255 255 255
0.791992 0.289551
0 0 0 0
1.000000 0.000000 0.000000 0.000000
-0.652575 -11.195416 -9.556885
0.649843 0.698616 -0.299399
255 255 255 255
0.769531 0.293945
0 0 0 0
1.000000 0.000000 0.000000 0.000000
-1.248342 -10.049792 -8.853173
0.700454 0.665656 -0.257422
255 255 255 255
0.765625 0.266602
0 0 0 0
1.000000 0.000000 0.000000 0.000000
-1.732419 -9.835023 -8.910028
0.236950 0.967761 0.085400
255 255 255 255
0.771973 0.256836
0 0 0 0
1.000000 0.000000 0.000000 0.000000
-1.491307 -9.903341 -8.622983
0.456238 0.887790 -0.060630
255 255 255 255
0.764648 0.259766
0 0 0 0
1.000000 0.000000 0.000000 0.000000
-0.567194 -11.705200 -10.509490
0.568125 0.805363 -0.169186
255 255 255 255
0.784180 0.306152
0 0 0 0
1.000000 0.000000 0.000000 0.000000
-1.115104 -11.175615 -12.086319
0.770918 0.636780 -0.014035
255 255 255 255
0.816406 0.306885
0 0 0 0
1.000000 0.000000 0.000000 0.000000
-1.034411 -11.281990 -12.036325
0.716920 0.696619 -0.027339
255 255 255 255
0.813965 0.308594
0 0 0 0
1.000000 0.000000 0.000000 0.000000
-0.522147 -11.767237 -11.751289
0.698156 0.715673 -0.019772
255 255 255 255
0.802246 0.317871
0 0 0 0
1.000000 0.000000 0.000000 0.000000
-1.960354 -10.320848 -12.118412
0.708721 0.698336 0.100207
255 255 255 255
0.829590 0.285889
0 0 0 0
1.000000 0.000000 0.000000 0.000000
-1.416104 -10.775265 -12.729257
0.680594 0.723867 0.113175
255 255 255 255
0.831543 0.304932
0 0 0 0
1.000000 0.000000 0.000000 0.000000
-2.028366 -10.213860 -12.340408
0.677700 0.726162 0.115812
255 255 255 255
0.834961 0.286133
0 0 0 0
1.000000 0.000000 0.000000 0.000000
-1.801128 -10.173655 -13.895782
0.660587 0.741804 0.115554
255 255 255 255
0.858398 0.306641
0 0 0 0
1.000000 0.000000 0.000000 0.000000
-1.634511 -10.343850 -13.750984
0.633139 0.753156 0.178580
255 255 255 255
0.853027 0.309082
0 0 0 0
1.000000 0.000000 0.000000 0.000000
-1.391580 -10.766197 -12.854454
0.640085 0.747081 0.179334
255 255 255 255
0.833496 0.306641
0 0 0 0
1.000000 0.000000 0.000000 0.000000
-2.688379 -9.517338 -13.192954
0.655905 0.745947 0.115554
255 255 255 255
0.860352 0.278320
0 0 0 0
1.000000 0.000000 0.000000 0.000000
-2.518313 -9.422782 -14.683742
0.640915 0.758477 0.118066
255 255 255 255
0.884766 0.297607
0 0 0 0
1.000000 0.000000 0.000000 0.000000
-3.217349 -8.971222 -13.910105
0.643195 0.756447 0.118697
255 255 255 255
0.882324 0.273193
0 0 0 0
1.000000 0.000000 0.000000 0.000000
-3.382609 -8.643170 -14.944005
0.714019 0.668805 0.207067
255 255 255 255
0.904785 0.280029
0 0 0 0
1.000000 0.000000 0.000000 0.000000
-2.514653 -9.405366 -14.805017
0.630642 0.754630 0.181174
255 255 255 255
0.887207 0.299072
0 0 0 0
1.000000 0.000000 0.000000 0.000000
-3.689915 -8.402660 -14.526651
0.749516 0.625692 0.216182
255 255 255 255
0.901855 0.267090
0 0 0 0
1.000000 0.000000 0.000000 0.000000
-3.640512 -7.633817 -16.439892
0.750092 0.586950 0.304717
255 255 255 255
0.944336 0.285400
0 0 0 0
1.000000 0.000000 0.000000 0.000000
-3.074382 -8.606000 -15.858484
0.743913 0.607523 0.278405
255 255 255 255
0.918945 0.298096
0 0 0 0
1.000000 0.000000 0.000000 0.000000
-2.962292 -8.820592 -15.608315
0.667488 0.709429 0.226208
255 255 255 255
0.911133 0.298096
0 0 0 0
1.000000 0.000000 0.000000 0.000000
-2.766073 -9.021215 -15.477381
0.628137 0.753937 0.192413
255 255 255 255
0.904785 0.301025
0 0 0 0
1.000000 0.000000 0.000000 0.000000
-3.756746 -7.619530 -16.131689
0.766881 0.584504 0.265043
255 255 255 255
0.939453 0.278809
0 0 0 0
1.000000 0.000000 0.000000 0.000000
-3.807566 -8.268597 -14.549795
0.762985 0.591069 0.261710
255 255 255 255
0.904297 0.263916
0 0 0 0
1.000000 0.000000 0.000000 0.000000
-2.457150 -9.429134 -14.907791
0.615464 0.766542 0.183351
255 255 255 255
0.887695 0.301514
0 0 0 0
1.000000 0.000000 0.000000 0.000000
-2.281616 -9.371678 -15.664095
0.607830 0.771886 0.186370
255 255 255 255
0.897949 0.313965
0 0 0 0
1.000000 0.000000 0.000000 0.000000
-1.203496 -10.339374 -15.165800
0.536737 0.814613 0.219814
255 255 255 255
0.869141 0.332520
0 0 0 0
1.000000 0.000000 0.000000 0.000000
-1.514923 -9.917417 -15.940948
0.566867 0.797239 0.207537
255 255 255 255
0.887695 0.333740
0 0 0 0
1.000000 0.000000 0.000000 0.000000
-0.653354 -10.375990 -16.100317
0.421728 0.864713 0.272794
255 255 255 255
0.874023 0.352051
0 0 0 0
1.000000 0.000000 0.000000 0.000000
-0.480785 -10.744907 -15.200126
0.376330 0.881665 0.284681
255 255 255 255
0.857422 0.347656
0 0 0 0
1.000000 0.000000 0.000000 0.000000
0.038940 -10.582081 -16.134972
-0.005707 0.948485 0.316772
255 255 255 255
0.864746 0.365234
0 0 0 0
1.000000 0.000000 0.000000 0.000000
-0.347831 -10.804336 -15.106869
0.231692 0.923268 0.306421
255 255 255 255
0.854492 0.349609
0 0 0 0
1.000000 0.000000 0.000000 0.000000
0.038916 -10.848625 -15.178033
-0.001645 0.957196 0.289436
255 255 255 255
0.850098 0.358398
0 0 0 0
1.000000 0.000000 0.000000 0.000000
0.558630 -10.744907 -15.200126
-0.382792 0.879128 0.283909
255 255 255 255
0.845215 0.370605
0 0 0 0
1.000000 0.000000 0.000000 0.000000
0.731257 -10.375990 -16.100317
-0.428599 0.861871 0.271074
255 255 255 255
0.857910 0.381348
0 0 0 0
1.000000 0.000000 0.000000 0.000000
0.425664 -10.804336 -15.106869
-0.236494 0.921724 0.307400
255 255 255 255
0.844727 0.366943
0 0 0 0
1.000000 0.000000 0.000000 0.000000
-0.368955 -10.892362 -14.881141
0.180505 0.937491 0.297539
255 255 255 255
0.850586 0.347168
0 0 0 0
1.000000 0.000000 0.000000 0.000000
0.038775 -11.315536 -13.789441
-0.005079 0.953245 0.302156
255 255 255 255
0.828125 0.346436
0 0 0 0
1.000000 0.000000 0.000000 0.000000
0.446752 -10.892362 -14.881141
-0.189619 0.936228 0.295842
255 255 255 255
0.840820 0.364990
0 0 0 0
1.000000 0.000000 0.000000 0.000000
-0.623032 -11.102573 -13.953215
0.207423 0.931854 0.297700
255 255 255 255
0.838867 0.333740
0 0 0 0
1.000000 0.000000 0.000000 0.000000
0.668948 -11.486121 -12.816693
-0.219850 0.930207 0.293908
255 255 255 255
0.806641 0.351074
0 0 0 0
1.000000 0.000000 0.000000 0.000000
0.038574 -11.910074 -11.891386
-0.005539 0.990451 0.137757
255 255 255 255
0.798340 0.329834
0 0 0 0
1.000000 0.000000 0.000000 0.000000
-0.591600 -11.486121 -12.816693
0.209511 0.932804 0.293227
255 255 255 255
0.819824 0.325195
0 0 0 0
1.000000 0.000000 0.000000 0.000000
0.700617 -11.102573 -13.953215
-0.212974 0.930331 0.298540
255 255 255 255
0.823730 0.362305
0 0 0 0
1.000000 0.000000 0.000000 0.000000
-0.657050 -11.402039 -12.930754
0.559148 0.790863 0.248775
255 255 255 255
0.822754 0.324463
0 0 0 0
1.000000 0.000000 0.000000 0.000000
-0.680323 -11.089903 -13.857667
0.553623 0.795668 0.245793
255 255 255 255
0.838379 0.331787
0 0 0 0
1.000000 0.000000 0.000000 0.000000
-0.448586 -11.779824 -11.887065
0.248834 0.935165 0.252086
255 255 255 255
0.803711 0.320557
0 0 0 0
1.000000 0.000000 0.000000 0.000000
0.038420 -12.092384 -10.458978
-0.001164 0.980485 -0.196588
255 255 255 255
0.777832 0.318359
0 0 0 0
1.000000 0.000000 0.000000 0.000000
-0.455080 -11.795918 -11.797280
0.493592 0.869264 0.027349
255 255 255 255
0.802246 0.319580
0 0 0 0
1.000000 0.000000 0.000000 0.000000
0.532204 -11.795918 -11.797280
-0.497126 0.867038 0.033344
255 255 255 255
0.791992 0.338867
0 0 0 0
1.000000 0.000000 0.000000 0.000000
0.525734 -11.779824 -11.887065
-0.253892 0.934095 0.251008
255 255 255 255
0.793457 0.339600
0 0 0 0
1.000000 0.000000 0.000000 0.000000
0.734434 -11.402039 -12.930754
-0.561391 0.788750 0.250427
255 255 255 255
0.807617 0.353760
0 0 0 0
1.000000 0.000000 0.000000 0.000000
0.757895 -11.089903 -13.857667
-0.556906 0.791314 0.252346
255 255 255 255
0.821777 0.363037
0 0 0 0
1.000000 0.000000 0.000000 0.000000
0.805114 -11.348503 -12.954724
-0.625617 0.749088 0.217877
255 255 255 255
0.807129 0.355713
0 0 0 0
1.000000 0.000000 0.000000 0.000000
0.855084 -11.039473 -13.821877
-0.629795 0.746537 0.214575
255 255 255 255
0.819824 0.365234
0 0 0 0
1.000000 0.000000 0.000000 0.000000
1.397244 -10.833772 -12.893915
-0.646041 0.735900 0.202688
255 255 255 255
0.799316 0.371094
0 0 0 0
1.000000 0.000000 0.000000 0.000000
1.541828 -10.496050 -13.717416
-0.647851 0.734894 0.200548
255 255 255 255
0.811523 0.383057
0 0 0 0
1.000000 0.000000 0.000000 0.000000
1.468940 -10.766197 -12.854454
-0.642084 0.745318 0.179526
255 255 255 255
0.797852 0.372803
0 0 0 0
1.000000 0.000000 0.000000 0.000000
1.712061 -10.343850 -13.750984
-0.638194 0.748265 0.181131
255 255 255 255
0.810547 0.388184
0 0 0 0
1.000000 0.000000 0.000000 0.000000
1.493429 -10.775265 -12.729257
-0.683773 0.720172 0.117500
255 255 255 255
0.795898 0.372070
0 0 0 0
1.000000 0.000000 0.000000 0.000000
1.878714 -10.173655 -13.895782
-0.663568 0.738344 0.120527
255 255 255 255
0.811523 0.394287
0 0 0 0
1.000000 0.000000 0.000000 0.000000
1.256969 -11.103576 -12.177309
-0.681549 0.731436 0.022175
255 255 255 255
0.789551 0.360596
0 0 0 0
1.000000 0.000000 0.000000 0.000000
2.037562 -10.320848 -12.118412
-0.712877 0.693657 0.103182
255 255 255 255
0.778809 0.381104
0 0 0 0
1.000000 0.000000 0.000000 0.000000
2.105609 -10.213860 -12.340408
-0.679867 0.724194 0.115428
255 255 255 255
0.782227 0.385254
0 0 0 0
1.000000 0.000000 0.000000 0.000000
2.765810 -9.517338 -13.192954
-0.657399 0.744047 0.119250
255 255 255 255
0.789551 0.411377
0 0 0 0
1.000000 0.000000 0.000000 0.000000
2.084509 -10.304837 -11.866438
-0.676527 0.736337 0.010915
255 255 255 255
0.773926 0.379639
0 0 0 0
1.000000 0.000000 0.000000 0.000000
1.302121 -11.026531 -10.507483
-0.680733 0.701015 -0.212559
255 255 255 255
0.761719 0.346924
0 0 0 0
1.000000 0.000000 0.000000 0.000000
1.192299 -11.175615 -12.086319
-0.772489 0.634990 -0.006950
255 255 255 255
0.789062 0.357910
0 0 0 0
1.000000 0.000000 0.000000 0.000000
1.111593 -11.281990 -12.036325
-0.718308 0.695147 -0.028361
255 255 255 255
0.789062 0.354980
0 0 0 0
1.000000 0.000000 0.000000 0.000000
0.599272 -11.767237 -11.751289
-0.698990 0.714898 -0.018294
255 255 255 255
0.791016 0.339844
0 0 0 0
1.000000 0.000000 0.000000 0.000000
0.729191 -11.195416 -9.556885
-0.648954 0.702927 -0.291124
255 255 255 255
0.753418 0.325439
0 0 0 0
1.000000 0.000000 0.000000 0.000000
0.644058 -11.705200 -10.509490
-0.571977 0.804073 -0.162198
255 255 255 255
0.771484 0.330811
0 0 0 0
1.000000 0.000000 0.000000 0.000000
1.324757 -10.049792 -8.853173
-0.697946 0.669932 -0.253104
255 255 255 255
0.728027 0.336914
0 0 0 0
1.000000 0.000000 0.000000 0.000000
1.567663 -9.903341 -8.622983
-0.459592 0.886208 -0.058404
255 255 255 255
0.721680 0.339600
0 0 0 0
1.000000 0.000000 0.000000 0.000000
1.808860 -9.835023 -8.910028
-0.240157 0.966612 0.089361
255 255 255 255
0.723633 0.347656
0 0 0 0
1.000000 0.000000 0.000000 0.000000
0.038267 -11.532184 -9.281767
-0.000616 0.932845 -0.360279
255 255 255 255
0.758301 0.308105
0 0 0 0
1.000000 0.000000 0.000000 0.000000
0.037936 -10.794275 -6.946191
-0.002699 0.960926 -0.276791
255 255 255 255
0.718262 0.286377
0 0 0 0
1.000000 0.000000 0.000000 0.000000
-0.969646 -10.094448 -7.124924
0.643984 0.754433 -0.126947
255 255 255 255
0.732910 0.261963
0 0 0 0
1.000000 0.000000 0.000000 0.000000
0.037865 -10.747340 -6.410715
-0.002531 0.993569 0.113204
255 255 255 255
0.708984 0.281494
0 0 0 0
1.000000 0.000000 0.000000 0.000000
1.045565 -10.094448 -7.124924
-0.646672 0.753205 -0.120407
255 255 255 255
0.706055 0.312256
0 0 0 0
1.000000 0.000000 0.000000 0.000000
1.389699 -9.948647 -8.157679
-0.537601 0.840551 -0.066774
255 255 255 255
0.716797 0.330811
0 0 0 0
1.000000 0.000000 0.000000 0.000000
1.662527 -10.045069 -6.199109
-0.333871 0.924919 0.181811
255 255 255 255
0.684082 0.312988
0 0 0 0
1.000000 0.000000 0.000000 0.000000
1.498199 -10.020792 -7.113092
-0.149234 0.985610 0.079393
255 255 255 255
0.699707 0.320801
0 0 0 0
1.000000 0.000000 0.000000 0.000000
1.387278 -9.965687 -7.611753
-0.276533 0.959208 0.058730
255 255 255 255
0.708496 0.324951
0 0 0 0
1.000000 0.000000 0.000000 0.000000
-1.586867 -10.045069 -6.199109
0.327900 0.927672 0.178625
255 255 255 255
0.722168 0.243286
0 0 0 0
1.000000 0.000000 0.000000 0.000000
0.037594 -10.969772 -4.444387
-0.005150 0.999211 0.039375
255 255 255 255
0.676758 0.265137
0 0 0 0
1.000000 0.000000 0.000000 0.000000
-1.313473 -9.948647 -8.157679
0.535421 0.841785 -0.068728
255 255 255 255
0.754395 0.260498
0 0 0 0
1.000000 0.000000 0.000000 0.000000
-1.311206 -9.965687 -7.611753
0.273425 0.960340 0.054648
255 255 255 255
0.744629 0.257324
0 0 0 0
1.000000 0.000000 0.000000 0.000000
-1.422268 -10.020792 -7.113092
0.145232 0.986723 0.072706
255 255 255 255
0.736816 0.251953
0 0 0 0
1.000000 0.000000 0.000000 0.000000
-1.596738 -10.104508 -6.639936
-0.545534 0.832075 -0.100218
255 255 255 255
0.729980 0.245361
0 0 0 0
1.000000 0.000000 0.000000 0.000000
-1.826231 -10.131536 -6.386450
-0.174185 0.958359 -0.226292
255 255 255 255
0.727539 0.239136
0 0 0 0
1.000000 0.000000 0.000000 0.000000
-2.170152 -10.099514 -6.138040
-0.047370 0.953097 -0.298936
255 255 255 255
0.725098 0.230713
0 0 0 0
1.000000 0.000000 0.000000 0.000000
-2.352534 -9.961872 -5.672181
0.370947 0.916216 0.151483
255 255 255 255
0.717773 0.223633
0 0 0 0
1.000000 0.000000 0.000000 0.000000
-0.940304 -10.745864 -4.586976
0.229193 0.967915 0.103008
255 255 255 255
0.687500 0.246948
0 0 0 0
1.000000 0.000000 0.000000 0.000000
-0.902142 -10.535700 -2.941284
0.210640 0.964029 -0.162106
255 255 255 255
0.660645 0.236694
0 0 0 0
1.000000 0.000000 0.000000 0.000000
0.037405 -10.662195 -2.807410
-0.000179 0.982306 -0.187284
255 255 255 255
0.650879 0.251953
0 0 0 0
1.000000 0.000000 0.000000 0.000000
0.976986 -10.535700 -2.941284
-0.216150 0.962994 -0.161007
255 255 255 255
0.641113 0.267822
0 0 0 0
1.000000 0.000000 0.000000 0.000000
1.015526 -10.745864 -4.586976
-0.232334 0.966885 0.105613
255 255 255 255
0.666992 0.283447
0 0 0 0
1.000000 0.000000 0.000000 0.000000
-2.194665 -10.420741 -4.306804
0.366174 0.927747 0.072121
255 255 255 255
0.690918 0.219238
0 0 0 0
1.000000 0.000000 0.000000 0.000000
-2.241211 -10.207010 -3.479797
0.357394 0.908477 -0.216657
255 255 255 255
0.676758 0.211304
0 0 0 0
1.000000 0.000000 0.000000 0.000000
-3.041073 -9.904286 -4.032560
0.438723 0.891548 0.112539
255 255 255 255
0.692383 0.198364
0 0 0 0
1.000000 0.000000 0.000000 0.000000
-3.511383 -9.554260 -5.552841
0.446226 0.892142 0.070464
255 255 255 255
0.724121 0.197754
0 0 0 0
1.000000 0.000000 0.000000 0.000000
-3.801355 -9.518861 -4.744714
0.386812 0.917139 0.096083
255 255 255 255
0.711426 0.186646
0 0 0 0
1.000000 0.000000 0.000000 0.000000
-2.680255 -9.971542 -6.002121
0.272274 0.914714 -0.298606
255 255 255 255
0.726074 0.219238
0 0 0 0
1.000000 0.000000 0.000000 0.000000
-3.192518 -9.795030 -5.967761
0.303298 0.904885 -0.298653
255 255 255 255
0.729004 0.208374
0 0 0 0
1.000000 0.000000 0.000000 0.000000
-3.719221 -9.553398 -5.997611
0.543436 0.800301 -0.253367
255 255 255 255
0.733887 0.197144
0 0 0 0
1.000000 0.000000 0.000000 0.000000
-4.024024 -9.388693 -4.918228
0.480924 0.860988 0.165566
255 255 255 255
0.716309 0.182739
0 0 0 0
1.000000 0.000000 0.000000 0.000000
-4.140530 -9.280169 -6.103207
0.653036 0.706631 -0.272428
255 255 255 255
0.740234 0.188354
0 0 0 0
1.000000 0.000000 0.000000 0.000000
-4.315755 -9.190372 -5.087112
0.498964 0.847779 0.179738
255 255 255 255
0.722168 0.176880
0 0 0 0
1.000000 0.000000 0.000000 0.000000
2.428052 -9.961872 -5.672181
-0.373284 0.915385 0.150760
255 255 255 255
0.666016 0.321045
0 0 0 0
1.000000 0.000000 0.000000 0.000000
2.245790 -10.099514 -6.138040
0.046017 0.953158 -0.298952
255 255 255 255
0.675781 0.322754
0 0 0 0
1.000000 0.000000 0.000000 0.000000
1.901939 -10.131536 -6.386450
0.169477 0.959382 -0.225529
255 255 255 255
0.683594 0.319580
0 0 0 0
1.000000 0.000000 0.000000 0.000000
1.672529 -10.104508 -6.639936
0.540762 0.834781 -0.103522
255 255 255 255
0.690430 0.318604
0 0 0 0
1.000000 0.000000 0.000000 0.000000
2.269818 -10.420741 -4.306804
-0.367414 0.926967 0.075754
255 255 255 255
0.647461 0.301514
0 0 0 0
1.000000 0.000000 0.000000 0.000000
3.116166 -9.904286 -4.032560
-0.444226 0.888708 0.113410
255 255 255 255
0.632324 0.314697
0 0 0 0
1.000000 0.000000 0.000000 0.000000
3.268107 -9.795030 -5.967761
-0.305146 0.905035 -0.296305
255 255 255 255
0.659668 0.339355
0 0 0 0
1.000000 0.000000 0.000000 0.000000
2.755856 -9.971542 -6.002121
-0.278492 0.913303 -0.297188
255 255 255 255
0.666992 0.330322
0 0 0 0
1.000000 0.000000 0.000000 0.000000
3.586854 -9.554260 -5.552841
-0.450593 0.889459 0.076343
255 255 255 255
0.648438 0.341309
0 0 0 0
1.000000 0.000000 0.000000 0.000000
2.316175 -10.207010 -3.479797
-0.362581 0.906265 -0.217299
255 255 255 255
0.632324 0.294434
0 0 0 0
1.000000 0.000000 0.000000 0.000000
3.876613 -9.518861 -4.744714
-0.388331 0.916314 0.097816
255 255 255 255
0.632324 0.336670
0 0 0 0
1.000000 0.000000 0.000000 0.000000
3.794822 -9.553398 -5.997611
-0.547300 0.798477 -0.250796
255 255 255 255
0.653320 0.349854
0 0 0 0
1.000000 0.000000 0.000000 0.000000
4.099329 -9.388693 -4.918228
-0.485283 0.857361 0.171561
255 255 255 255
0.631836 0.343262
0 0 0 0
1.000000 0.000000 0.000000 0.000000
4.216166 -9.280169 -6.103207
-0.658708 0.702359 -0.269807
255 255 255 255
0.649902 0.360107
0 0 0 0
1.000000 0.000000 0.000000 0.000000
4.391096 -9.190372 -5.087112
-0.500482 0.846055 0.183600
255 255 255 255
0.629883 0.351074
0 0 0 0
1.000000 0.000000 0.000000 0.000000
-0.727742 -11.348503 -12.954724
0.620303 0.753547 0.217695
255 255 255 255
0.824219 0.323242
0 0 0 0
1.000000 0.000000 0.000000 0.000000
-0.777512 -11.039473 -13.821877
0.627065 0.750154 0.209903
255 255 255 255
0.839355 0.329102
0 0 0 0
1.000000 0.000000 0.000000 0.000000
-1.319872 -10.833772 -12.893915
0.642985 0.739898 0.197789
255 255 255 255
0.832520 0.308838
0 0 0 0
1.000000 0.000000 0.000000 0.000000
-1.464291 -10.496050 -13.717416
0.646153 0.737882 0.194976
255 255 255 255
0.849121 0.312744
0 0 0 0
1.000000 0.000000 0.000000 0.000000
1.592827 -9.917417 -15.940948
-0.570712 0.793800 0.210164
255 255 255 255
0.849609 0.403320
0 0 0 0
1.000000 0.000000 0.000000 0.000000
1.281328 -10.339374 -15.165800
-0.542090 0.809414 0.225804
255 255 255 255
0.838867 0.388916
0 0 0 0
1.000000 0.000000 0.000000 0.000000
2.359497 -9.371678 -15.664095
-0.611282 0.768784 0.187896
255 255 255 255
0.839355 0.424316
0 0 0 0
1.000000 0.000000 0.000000 0.000000
2.534947 -9.429134 -14.907791
-0.618847 0.761909 0.191107
255 255 255 255
0.823242 0.422363
0 0 0 0
1.000000 0.000000 0.000000 0.000000
-3.999724 -8.075294 -14.420454
0.767883 0.583188 0.265043
255 255 255 255
0.904785 0.257080
0 0 0 0
1.000000 0.000000 0.000000 0.000000
-4.350741 -7.841431 -13.880503
0.775983 0.586030 0.233281
255 255 255 255
0.899414 0.242065
0 0 0 0
1.000000 0.000000 0.000000 0.000000
-3.128863 -8.315698 -16.323647
0.740952 0.604983 0.291523
255 255 255 255
0.931152 0.301514
0 0 0 0
1.000000 0.000000 0.000000 0.000000
-3.571484 -7.518327 -16.758665
0.755008 0.579731 0.306391
255 255 255 255
0.950684 0.289551
0 0 0 0
1.000000 0.000000 0.000000 0.000000
-3.094833 -8.168480 -16.723358
0.744438 0.576522 0.336800
255 255 255 255
0.940430 0.307373
0 0 0 0
1.000000 0.000000 0.000000 0.000000
-3.641078 -7.274829 -17.026804
0.763757 0.575012 0.293319
255 255 255 255
0.958984 0.288330
0 0 0 0
1.000000 0.000000 0.000000 0.000000
-3.112179 -7.143847 -18.696287
0.680915 0.732349 -0.004380
255 255 255 255
0.988281 0.316650
0 0 0 0
1.000000 0.000000 0.000000 0.000000
-2.447762 -7.764586 -19.101891
0.649623 0.752517 0.108202
255 255 255 255
0.986328 0.343506
0 0 0 0
1.000000 0.000000 0.000000 0.000000
-2.804259 -8.267900 -17.245234
0.755128 0.582419 0.300948
255 255 255 255
0.948242 0.321289
0 0 0 0
1.000000 0.000000 0.000000 0.000000
-3.024424 -8.131616 -16.931398
0.755277 0.578947 0.307209
255 255 255 255
0.944824 0.312012
0 0 0 0
1.000000 0.000000 0.000000 0.000000
-3.772403 -7.083416 -17.029943
0.793315 0.538023 0.284926
255 255 255 255
0.961914 0.283203
0 0 0 0
1.000000 0.000000 0.000000 0.000000
-3.810482 -6.461637 -18.113522
0.691712 0.721531 -0.030440
255 255 255 255
0.988281 0.287354
0 0 0 0
1.000000 0.000000 0.000000 0.000000
-4.052268 -6.705347 -18.201323
-0.183061 0.550820 -0.814301
255 255 255 255
0.996582 0.286621
0 0 0 0
1.000000 0.000000 0.000000 0.000000
-3.320855 -7.356964 -18.830267
-0.087701 0.546252 -0.833017
255 255 255 255
0.995605 0.316895
0 0 0 0
1.000000 0.000000 0.000000 0.000000
-2.668494 -8.004010 -19.250786
-0.040268 0.545525 -0.837127
255 255 255 255
0.994629 0.343506
0 0 0 0
1.000000 0.000000 0.000000 0.000000
-2.451553 -8.542853 -17.554403
0.673202 0.657760 0.337863
255 255 255 255
0.949707 0.335449
0 0 0 0
1.000000 0.000000 0.000000 0.000000
-1.708001 -9.120553 -17.859987
0.568154 0.724022 0.391144
255 255 255 255
0.946777 0.360596
0 0 0 0
1.000000 0.000000 0.000000 0.000000
-1.587457 -8.355041 -19.555920
0.531927 0.822372 0.201885
255 255 255 255
0.983398 0.375000
0 0 0 0
1.000000 0.000000 0.000000 0.000000
-1.731971 -8.619012 -19.720057
-0.020058 0.568654 -0.822332
255 255 255 255
0.990723 0.376221
0 0 0 0
1.000000 0.000000 0.000000 0.000000
-0.873532 -9.651141 -18.051672
0.387362 0.797597 0.462373
255 255 255 255
0.939941 0.385498
0 0 0 0
1.000000 0.000000 0.000000 0.000000
-0.494364 -8.779360 -19.818581
0.340512 0.888406 0.307874
255 255 255 255
0.974609 0.409668
0 0 0 0
1.000000 0.000000 0.000000 0.000000
-0.578800 -9.024794 -20.024246
-0.018735 0.605400 -0.795701
255 255 255 255
0.981445 0.411621
0 0 0 0
1.000000 0.000000 0.000000 0.000000
0.039991 -9.928634 -18.177164
-0.003836 0.852778 0.522259
255 255 255 255
0.935059 0.408447
0 0 0 0
1.000000 0.000000 0.000000 0.000000
0.039093 -8.788534 -19.875494
-0.002131 0.923370 0.383904
255 255 255 255
0.968750 0.424561
0 0 0 0
1.000000 0.000000 0.000000 0.000000
0.039105 -9.090669 -20.133467
-0.000969 0.650168 -0.759790
255 255 255 255
0.976562 0.427246
0 0 0 0
1.000000 0.000000 0.000000 0.000000
0.656999 -9.024794 -20.024246
0.014795 0.605235 -0.795909
255 255 255 255
0.966309 0.442627
0 0 0 0
1.000000 0.000000 0.000000 0.000000
0.572539 -8.779360 -19.818581
-0.345918 0.886958 0.306016
255 255 255 255
0.960449 0.438721
0 0 0 0
1.000000 0.000000 0.000000 0.000000
0.951576 -9.651141 -18.051672
-0.392902 0.794376 0.463245
255 255 255 255
0.921387 0.426270
0 0 0 0
1.000000 0.000000 0.000000 0.000000
1.810147 -8.619012 -19.720057
0.017599 0.567438 -0.823228
255 255 255 255
0.941406 0.469971
0 0 0 0
1.000000 0.000000 0.000000 0.000000
1.665621 -8.355041 -19.555920
-0.533750 0.821338 0.201282
255 255 255 255
0.936035 0.464844
0 0 0 0
1.000000 0.000000 0.000000 0.000000
1.786035 -9.120553 -17.859987
-0.571721 0.721986 0.389706
255 255 255 255
0.902832 0.443115
0 0 0 0
1.000000 0.000000 0.000000 0.000000
2.746634 -8.004010 -19.250786
0.036319 0.547023 -0.836329
255 255 255 255
0.915527 0.490234
0 0 0 0
1.000000 0.000000 0.000000 0.000000
2.529562 -8.542853 -17.554403
-0.675352 0.656373 0.336265
255 255 255 255
0.882324 0.457764
0 0 0 0
1.000000 0.000000 0.000000 0.000000
-4.342500 -6.407712 -17.933678
-0.271919 0.536949 -0.798590
255 255 255 255
0.996582 0.274658
0 0 0 0
1.000000 0.000000 0.000000 0.000000
-4.086498 -6.166907 -17.838295
0.724527 0.689239 -0.003174
255 255 255 255
0.988281 0.275146
0 0 0 0
1.000000 0.000000 0.000000 0.000000
-4.999028 -5.695662 -17.177410
-0.312585 0.582529 -0.750301
255 255 255 255
0.994141 0.243164
0 0 0 0
1.000000 0.000000 0.000000 0.000000
-3.970123 -6.865718 -16.861887
0.821365 0.496210 0.281310
255 255 255 255
0.961914 0.274658
0 0 0 0
1.000000 0.000000 0.000000 0.000000
-4.728657 -5.443416 -17.128479
0.758707 0.649198 0.053914
255 255 255 255
0.985840 0.244629
0 0 0 0
1.000000 0.000000 0.000000 0.000000
-5.795502 -4.761548 -16.049509
-0.318372 0.642422 -0.697089
255 255 255 255
0.985840 0.203003
0 0 0 0
1.000000 0.000000 0.000000 0.000000
-4.535862 -6.367719 -16.188686
0.843883 0.453913 0.286049
255 255 255 255
0.957520 0.249268
0 0 0 0
1.000000 0.000000 0.000000 0.000000
-5.505612 -4.577089 -15.970810
0.781218 0.622457 0.047392
255 255 255 255
0.977539 0.204834
0 0 0 0
1.000000 0.000000 0.000000 0.000000
-6.126140 -4.279820 -15.376874
-0.332622 0.736552 -0.588943
255 255 255 255
0.979004 0.181274
0 0 0 0
1.000000 0.000000 0.000000 0.000000
-5.250685 -5.705841 -15.173368
0.874055 0.402879 0.271510
255 255 255 255
0.949219 0.214966
0 0 0 0
1.000000 0.000000 0.000000 0.000000
-3.462759 -8.801192 -9.015410
0.469610 0.875952 -0.110334
255 255 255 255
0.793945 0.217529
0 0 0 0
1.000000 0.000000 0.000000 0.000000
-8.030276 -2.452220 -9.454524
-0.357893 0.918634 -0.167404
255 255 255 255
0.879883 0.059082
0 0 0 0
1.000000 0.000000 0.000000 0.000000
-7.968463 -2.293655 -8.395414
0.846900 0.519791 0.112149
255 255 255 255
0.854980 0.052032
0 0 0 0
1.000000 0.000000 0.000000 0.000000
-8.256653 -2.411259 -8.415876
-0.419206 0.902872 -0.095333
255 255 255 255
0.858887 0.045898
0 0 0 0
1.000000 0.000000 0.000000 0.000000
-7.012504 -5.014421 -8.131159
0.931390 0.334164 0.144385
255 255 255 255
0.823242 0.104797
0 0 0 0
1.000000 0.000000 0.000000 0.000000
-7.019033 -5.029145 -7.896990
0.930908 0.358448 0.070188
255 255 255 255
0.818359 0.102966
0 0 0 0
1.000000 0.000000 0.000000 0.000000
-8.209965 -2.218972 -6.553445
0.829176 0.553715 0.076595
255 255 255 255
0.815430 0.032349
0 0 0 0
1.000000 0.000000 0.000000 0.000000
-8.498745 -2.391694 -6.575431
-0.441271 0.896012 -0.049414
255 255 255 255
0.819336 0.025681
0 0 0 0
1.000000 0.000000 0.000000 0.000000
-6.974931 -5.122827 -7.782373
0.920002 0.387979 0.055391
255 255 255 255
0.814941 0.103821
0 0 0 0
1.000000 0.000000 0.000000 0.000000
-8.279169 -2.290833 -5.445958
0.873528 0.485167 0.039535
255 255 255 255
0.790039 0.023529
0 0 0 0
1.000000 0.000000 0.000000 0.000000
-8.580843 -2.394741 -5.424728
-0.373952 0.927076 0.026257
255 255 255 255
0.792969 0.016861
0 0 0 0
1.000000 0.000000 0.000000 0.000000
-6.867541 -5.776875 -4.844489
0.922899 0.383307 0.036524
255 255 255 255
0.747559 0.092041
0 0 0 0
1.000000 0.000000 0.000000 0.000000
-6.850420 -5.731747 -4.674022
0.910483 0.407852 -0.068397
255 255 255 255
0.743652 0.090332
0 0 0 0
1.000000 0.000000 0.000000 0.000000
-8.299030 -2.350037 -4.569760
0.856001 0.514544 -0.050057
255 255 255 255
0.770020 0.017639
0 0 0 0
1.000000 0.000000 0.000000 0.000000
-6.805079 -5.931203 -4.907128
0.895464 0.442066 0.052167
255 255 255 255
0.748047 0.095703
0 0 0 0
1.000000 0.000000 0.000000 0.000000
-6.352563 -6.501287 -7.300669
0.896651 0.438493 0.061155
255 255 255 255
0.792480 0.129028
0 0 0 0
1.000000 0.000000 0.000000 0.000000
-5.956558 -7.527808 -4.726943
0.865769 0.497823 0.051160
255 255 255 255
0.731934 0.129517
0 0 0 0
1.000000 0.000000 0.000000 0.000000
-6.273109 -6.689371 -7.269331
0.886355 0.461519 0.037095
255 255 255 255
0.790527 0.132446
0 0 0 0
1.000000 0.000000 0.000000 0.000000
-8.124773 -2.592601 -2.922817
0.841841 0.534713 -0.073392
255 255 255 255
0.729492 0.011711
0 0 0 0
1.000000 0.000000 0.000000 0.000000
-8.605875 -2.449941 -4.523840
-0.289352 0.947807 0.133927
255 255 255 255
0.771484 0.010681
0 0 0 0
1.000000 0.000000 0.000000 0.000000
-6.616735 -5.755149 -3.382113
0.898850 0.425903 -0.103324
255 255 255 255
0.714355 0.084412
0 0 0 0
1.000000 0.000000 0.000000 0.000000
-7.857317 -2.826524 -1.732914
0.821841 0.561876 -0.094192
255 255 255 255
0.698242 0.010674
0 0 0 0
1.000000 0.000000 0.000000 0.000000
-8.451478 -2.699236 -2.849952
-0.289831 0.933063 0.213054
255 255 255 255
0.729980 0.004208
0 0 0 0
1.000000 0.000000 0.000000 0.000000
-6.545771 -5.833211 -3.139606
0.892459 0.443776 -0.081114
255 255 255 255
0.708496 0.084961
0 0 0 0
1.000000 0.000000 0.000000 0.000000
-8.163620 -2.964862 -1.659813
-0.288310 0.920140 0.264989
255 255 255 255
0.698730 0.003342
0 0 0 0
1.000000 0.000000 0.000000 0.000000
-7.403113 -3.072701 -0.504990
0.814773 0.541155 -0.208075
255 255 255 255
0.663574 0.013565
0 0 0 0
1.000000 0.000000 0.000000 0.000000
-6.478337 -5.778269 -1.341349
0.900228 0.422259 -0.106240
255 255 255 255
0.668945 0.074768
0 0 0 0
1.000000 0.000000 0.000000 0.000000
-6.623418 -5.208597 -0.773095
0.897754 0.376076 -0.229357
255 255 255 255
0.658691 0.060852
0 0 0 0
1.000000 0.000000 0.000000 0.000000
-6.034063 -6.531479 -1.618262
0.853479 0.511154 -0.101468
255 255 255 255
0.670410 0.093506
0 0 0 0
1.000000 0.000000 0.000000 0.000000
-6.450011 -6.044225 -3.173753
0.854438 0.509549 -0.101468
255 255 255 255
0.707520 0.089661
0 0 0 0
1.000000 0.000000 0.000000 0.000000
-6.557271 -5.203673 -0.526575
0.866648 0.344655 -0.360741
255 255 255 255
0.652344 0.060486
0 0 0 0
1.000000 0.000000 0.000000 0.000000
-6.934856 -3.263076 0.396395
0.765622 0.570104 -0.298001
255 255 255 255
0.636719 0.018356
0 0 0 0
1.000000 0.000000 0.000000 0.000000
-7.709970 -3.175782 -0.383679
-0.252144 0.923237 0.289925
255 255 255 255
0.663086 0.006302
0 0 0 0
1.000000 0.000000 0.000000 0.000000
-6.268268 -5.383315 -0.003282
0.843349 0.348277 -0.409226
255 255 255 255
0.638184 0.064453
0 0 0 0
1.000000 0.000000 0.000000 0.000000
-7.229858 -3.402748 0.580039
-0.167374 0.930540 0.325700
255 255 255 255
0.634277 0.010895
0 0 0 0
1.000000 0.000000 0.000000 0.000000
-3.946909 -6.269586 2.073233
0.418237 0.474438 -0.774588
255 255 255 255
0.572754 0.101929
0 0 0 0
1.000000 0.000000 0.000000 0.000000
1.321084 -6.231104 3.302363
-0.244137 0.383163 -0.890833
255 255 255 255
0.489502 0.198730
0 0 0 0
1.000000 0.000000 0.000000 0.000000
1.443459 -6.200523 3.275559
-0.267567 0.388347 -0.881813
255 255 255 255
0.488281 0.201416
0 0 0 0
1.000000 0.000000 0.000000 0.000000
2.555752 -4.446189 4.133845
0.004052 0.945100 0.326755
255 255 255 255
0.436035 0.211060
0 0 0 0
1.000000 0.000000 0.000000 0.000000
6.542273 -5.973864 -8.852571
-0.876400 0.464105 0.128569
255 255 255 255
0.650879 0.464600
0 0 0 0
1.000000 0.000000 0.000000 0.000000
5.813352 -6.783750 -10.957814
-0.868828 0.476879 0.133132
255 255 255 255
0.703613 0.468018
0 0 0 0
1.000000 0.000000 0.000000 0.000000
6.173036 -6.757123 -8.900345
-0.854040 0.500702 0.141113
255 255 255 255
0.661621 0.449219
0 0 0 0
1.000000 0.000000 0.000000 0.000000
6.070085 -6.911213 -8.859585
-0.747866 0.654777 0.109382
255 255 255 255
0.663086 0.445557
0 0 0 0
1.000000 0.000000 0.000000 0.000000
6.073025 -6.989049 -8.719818
-0.696591 0.692427 0.187896
255 255 255 255
0.660645 0.442627
0 0 0 0
1.000000 0.000000 0.000000 0.000000
-7.070349 -5.098467 -10.471848
-0.834603 0.286874 -0.470256
255 255 255 255
1.327148 0.075562
0 0 0 0
1.000000 0.000000 0.000000 0.000000
-7.104698 -5.154294 -10.445174
-0.916204 0.118452 -0.382803
255 255 255 255
1.325195 0.069336
0 0 0 0
1.000000 0.000000 0.000000 0.000000
-7.036036 -5.182691 -10.543792
-0.738084 0.051489 -0.672741
255 255 255 255
1.315430 0.075562
0 0 0 0
1.000000 0.000000 0.000000 0.000000
-7.095547 -5.060742 -10.364422
-0.901168 0.394927 -0.178687
255 255 255 255
1.336914 0.069885
0 0 0 0
1.000000 0.000000 0.000000 0.000000
-7.117049 -5.302952 -10.346251
-0.951210 -0.284753 -0.118810
255 255 255 255
1.321289 0.054504
0 0 0 0
1.000000 0.000000 0.000000 0.000000
-7.078213 -5.219248 -10.500693
-0.843901 -0.057288 -0.533431
255 255 255 255
1.317383 0.069397
0 0 0 0
1.000000 0.000000 0.000000 0.000000
-7.124156 -5.125212 -10.362296
-0.966455 0.197536 -0.164149
255 255 255 255
1.332031 0.065369
0 0 0 0
1.000000 0.000000 0.000000 0.000000
-7.001782 -5.290850 -10.560913
-0.629654 -0.258408 -0.732640
255 255 255 255
1.305664 0.069885
0 0 0 0
1.000000 0.000000 0.000000 0.000000
-7.051776 -5.302669 -10.513848
-0.768039 -0.287418 -0.572282
255 255 255 255
1.310547 0.065430
0 0 0 0
1.000000 0.000000 0.000000 0.000000
-6.976714 -5.393965 -10.518595
-0.536989 -0.571564 -0.620449
255 255 255 255
1.300781 0.060150
0 0 0 0
1.000000 0.000000 0.000000 0.000000
-7.032447 -5.382205 -10.481223
-0.708214 -0.516276 -0.481553
255 255 255 255
1.306641 0.058563
0 0 0 0
1.000000 0.000000 0.000000 0.000000
-6.967528 -5.464410 -10.428219
-0.489233 -0.797616 -0.352788
255 255 255 255
1.300781 0.048889
0 0 0 0
1.000000 0.000000 0.000000 0.000000
-7.025397 -5.436532 -10.411547
-0.676508 -0.676779 -0.290358
255 255 255 255
1.306641 0.050598
0 0 0 0
1.000000 0.000000 0.000000 0.000000
-6.976691 -5.483302 -10.314003
-0.499530 -0.866285 -0.004534
255 255 255 255
1.305664 0.039124
0 0 0 0
1.000000 0.000000 0.000000 0.000000
-7.032506 -5.451103 -10.323439
-0.690778 -0.722113 -0.037127
255 255 255 255
1.310547 0.043701
0 0 0 0
1.000000 0.000000 0.000000 0.000000
-7.001818 -5.445577 -10.206543
-0.574601 -0.752062 0.322857
255 255 255 255
1.315430 0.033508
0 0 0 0
1.000000 0.000000 0.000000 0.000000
-7.051929 -5.422009 -10.240537
-0.742434 -0.641682 0.192447
255 255 255 255
1.317383 0.039673
0 0 0 0
1.000000 0.000000 0.000000 0.000000
-7.078449 -5.357054 -10.185063
-0.825027 -0.450960 0.340538
255 255 255 255
1.325195 0.039642
0 0 0 0
1.000000 0.000000 0.000000 0.000000
-7.036190 -5.361364 -10.134621
-0.691608 -0.484431 0.535728
255 255 255 255
1.327148 0.033508
0 0 0 0
1.000000 0.000000 0.000000 0.000000
-7.104958 -5.273634 -10.171898
-0.905297 -0.210397 0.369013
255 255 255 255
1.332031 0.043579
0 0 0 0
1.000000 0.000000 0.000000 0.000000
-7.070574 -5.253194 -10.117512
-0.809507 -0.152371 0.566993
255 255 255 255
1.336914 0.039124
0 0 0 0
1.000000 0.000000 0.000000 0.000000
-7.124321 -5.194109 -10.204512
-0.963471 0.014517 0.267420
255 255 255 255
1.335938 0.050476
0 0 0 0
1.000000 0.000000 0.000000 0.000000
-7.095712 -5.150079 -10.159783
-0.894903 0.155410 0.418327
255 255 255 255
1.342773 0.048889
0 0 0 0
1.000000 0.000000 0.000000 0.000000
-7.131348 -5.139771 -10.274212
-0.984665 0.160567 0.068209
255 255 255 255
1.335938 0.058411
0 0 0 0
1.000000 0.000000 0.000000 0.000000
-7.104839 -5.079646 -10.250171
-0.924856 0.352094 0.143773
255 255 255 255
1.342773 0.060150
0 0 0 0
1.000000 0.000000 0.000000 0.000000
-7.785645 -4.826077 -6.343990
-0.714583 0.050498 -0.697725
255 255 255 255
1.315430 0.075562
0 0 0 0
1.000000 0.000000 0.000000 0.000000
-7.830856 -4.862645 -6.300880
-0.827139 -0.055476 -0.559253
255 255 255 255
1.317383 0.069397
0 0 0 0
1.000000 0.000000 0.000000 0.000000
-7.749336 -4.934247 -6.361123
-0.603825 -0.264012 -0.752126
255 255 255 255
1.305664 0.069885
0 0 0 0
1.000000 0.000000 0.000000 0.000000
-7.823287 -4.741865 -6.272057
-0.813915 0.292544 -0.501957
255 255 255 255
1.327148 0.075562
0 0 0 0
1.000000 0.000000 0.000000 0.000000
-7.875206 -4.946350 -6.146482
-0.944027 -0.296317 -0.144946
255 255 255 255
1.321289 0.054504
0 0 0 0
1.000000 0.000000 0.000000 0.000000
-7.802848 -4.946066 -6.314081
-0.745841 -0.292414 -0.598511
255 255 255 255
1.310547 0.065430
0 0 0 0
1.000000 0.000000 0.000000 0.000000
-7.859927 -4.797691 -6.245406
-0.902561 0.122784 -0.412684
255 255 255 255
1.325195 0.069336
0 0 0 0
1.000000 0.000000 0.000000 0.000000
-7.724056 -5.037351 -6.318816
-0.516145 -0.576080 -0.633819
255 255 255 255
1.300781 0.060150
0 0 0 0
1.000000 0.000000 0.000000 0.000000
-7.783354 -5.025602 -6.281466
-0.686861 -0.522929 -0.504745
255 255 255 255
1.306641 0.058563
0 0 0 0
1.000000 0.000000 0.000000 0.000000
-7.716523 -5.107795 -6.228439
-0.469291 -0.802238 -0.369026
255 255 255 255
1.300781 0.048889
0 0 0 0
1.000000 0.000000 0.000000 0.000000
-7.777581 -5.079929 -6.211743
-0.656362 -0.688489 -0.308500
255 255 255 255
1.306641 0.050598
0 0 0 0
1.000000 0.000000 0.000000 0.000000
-7.728767 -5.126688 -6.114223
-0.481503 -0.876211 -0.020224
255 255 255 255
1.305664 0.039124
0 0 0 0
1.000000 0.000000 0.000000 0.000000
-7.787085 -5.094500 -6.123658
-0.672063 -0.738229 -0.057870
255 255 255 255
1.310547 0.043701
0 0 0 0
1.000000 0.000000 0.000000 0.000000
-7.757602 -5.088974 -6.006738
-0.555491 -0.770413 0.312881
255 255 255 255
1.315430 0.033508
0 0 0 0
1.000000 0.000000 0.000000 0.000000
-7.809379 -5.065406 -6.040756
-0.729777 -0.658443 0.184061
255 255 255 255
1.317383 0.039673
0 0 0 0
1.000000 0.000000 0.000000 0.000000
-7.838484 -5.000452 -5.985331
-0.817439 -0.470447 0.332374
255 255 255 255
1.325195 0.039642
0 0 0 0
1.000000 0.000000 0.000000 0.000000
-7.795327 -5.004750 -5.934830
-0.680172 -0.502034 0.534161
255 255 255 255
1.327148 0.033508
0 0 0 0
1.000000 0.000000 0.000000 0.000000
-7.866610 -4.917031 -5.972130
-0.905140 -0.219161 0.364266
255 255 255 255
1.332031 0.043579
0 0 0 0
1.000000 0.000000 0.000000 0.000000
-7.831801 -4.896592 -5.917732
-0.804443 -0.159696 0.572161
255 255 255 255
1.336914 0.039124
0 0 0 0
1.000000 0.000000 0.000000 0.000000
-7.886163 -4.837507 -6.004755
-0.966306 0.015091 0.256955
255 255 255 255
1.335938 0.050476
0 0 0 0
1.000000 0.000000 0.000000 0.000000
-7.857175 -4.793476 -5.960016
-0.894379 0.160456 0.417539
255 255 255 255
1.342773 0.048889
0 0 0 0
1.000000 0.000000 0.000000 0.000000
-7.891890 -4.783168 -6.074432
-0.984146 0.170564 0.048625
255 255 255 255
1.335938 0.058411
0 0 0 0
1.000000 0.000000 0.000000 0.000000
-7.864650 -4.723032 -6.050379
-0.921761 0.366146 0.127651
255 255 255 255
1.342773 0.060150
0 0 0 0
1.000000 0.000000 0.000000 0.000000
-7.882278 -4.768609 -6.162505
-0.959850 0.206412 -0.189950
255 255 255 255
1.332031 0.065369
0 0 0 0
1.000000 0.000000 0.000000 0.000000
-7.852216 -4.704139 -6.164666
-0.890778 0.408707 -0.198677
255 255 255 255
1.336914 0.069885
0 0 0 0
1.000000 0.000000 0.000000 0.000000
-7.640848 -3.062771 -10.714614
-0.834603 0.286874 -0.470256
255 255 255 255
1.327148 0.075562
0 0 0 0
1.000000 0.000000 0.000000 0.000000
-7.675267 -3.118598 -10.687975
-0.915530 0.120384 -0.383813
255 255 255 255
1.325195 0.069336
0 0 0 0
1.000000 0.000000 0.000000 0.000000
-7.606228 -3.146995 -10.786522
-0.738084 0.051489 -0.672741
255 255 255 255
1.315430 0.075562
0 0 0 0
1.000000 0.000000 0.000000 0.000000
-7.666553 -3.025057 -10.607176
-0.902376 0.394369 -0.173754
255 255 255 255
1.336914 0.069885
0 0 0 0
1.000000 0.000000 0.000000 0.000000
-7.688114 -3.267256 -10.589004
-0.951380 -0.283315 -0.120866
255 255 255 255
1.321289 0.054504
0 0 0 0
1.000000 0.000000 0.000000 0.000000
-7.648534 -3.183563 -10.743436
-0.843901 -0.057288 -0.533431
255 255 255 255
1.317383 0.069397
0 0 0 0
1.000000 0.000000 0.000000 0.000000
-7.695116 -3.089515 -10.605062
-0.966455 0.197536 -0.164149
255 255 255 255
1.332031 0.065369
0 0 0 0
1.000000 0.000000 0.000000 0.000000
-7.571950 -3.255153 -10.803642
-0.629654 -0.258408 -0.732640
255 255 255 255
1.305664 0.069885
0 0 0 0
1.000000 0.000000 0.000000 0.000000
-7.622086 -3.266984 -10.756601
-0.768504 -0.286173 -0.572282
255 255 255 255
1.310547 0.065430
0 0 0 0
1.000000 0.000000 0.000000 0.000000
-7.547166 -3.358269 -10.761312
-0.537017 -0.569457 -0.622361
255 255 255 255
1.300781 0.060150
0 0 0 0
1.000000 0.000000 0.000000 0.000000
-7.602981 -3.346509 -10.724000
-0.708220 -0.514369 -0.483578
255 255 255 255
1.306641 0.058563
0 0 0 0
1.000000 0.000000 0.000000 0.000000
-7.538487 -3.428713 -10.670972
-0.489733 -0.796124 -0.355456
255 255 255 255
1.300781 0.048889
0 0 0 0
1.000000 0.000000 0.000000 0.000000
-7.596321 -3.400836 -10.654300
-0.676905 -0.675290 -0.292888
255 255 255 255
1.306641 0.050598
0 0 0 0
1.000000 0.000000 0.000000 0.000000
-7.548241 -3.447606 -10.556805
-0.499530 -0.866285 -0.004534
255 255 255 255
1.305664 0.039124
0 0 0 0
1.000000 0.000000 0.000000 0.000000
-7.603878 -3.415406 -10.566216
-0.689158 -0.723211 -0.045026
255 255 255 255
1.310547 0.043701
0 0 0 0
1.000000 0.000000 0.000000 0.000000
-7.573886 -3.409892 -10.449295
-0.572766 -0.754831 0.319639
255 255 255 255
1.315430 0.033508
0 0 0 0
1.000000 0.000000 0.000000 0.000000
-7.623692 -3.386324 -10.483301
-0.744984 -0.639628 0.189405
255 255 255 255
1.317383 0.039673
0 0 0 0
1.000000 0.000000 0.000000 0.000000
-7.650447 -3.321370 -10.427864
-0.826856 -0.452738 0.333673
255 255 255 255
1.325195 0.039642
0 0 0 0
1.000000 0.000000 0.000000 0.000000
-7.608554 -3.325668 -10.377376
-0.694800 -0.486025 0.530125
255 255 255 255
1.327148 0.033508
0 0 0 0
1.000000 0.000000 0.000000 0.000000
-7.676979 -3.237949 -10.414640
-0.906933 -0.210336 0.365008
255 255 255 255
1.332031 0.043579
0 0 0 0
1.000000 0.000000 0.000000 0.000000
-7.642950 -3.217510 -10.360290
-0.811911 -0.151973 0.563653
255 255 255 255
1.336914 0.039124
0 0 0 0
1.000000 0.000000 0.000000 0.000000
-7.696131 -3.158413 -10.447276
-0.965544 0.012911 0.259921
255 255 255 255
1.335938 0.050476
0 0 0 0
1.000000 0.000000 0.000000 0.000000
-7.667805 -3.114394 -10.402584
-0.896751 0.155832 0.414191
255 255 255 255
1.342773 0.048889
0 0 0 0
1.000000 0.000000 0.000000 0.000000
-7.702767 -3.104086 -10.516965
-0.984386 0.164356 0.063019
255 255 255 255
1.335938 0.058411
0 0 0 0
1.000000 0.000000 0.000000 0.000000
-7.676447 -3.043950 -10.492913
-0.925821 0.350723 0.140884
255 255 255 255
1.342773 0.060150
0 0 0 0
1.000000 0.000000 0.000000 0.000000
-8.377161 -2.790392 -6.586755
-0.709998 0.049452 -0.702465
255 255 255 255
1.315430 0.075562
0 0 0 0
1.000000 0.000000 0.000000 0.000000
-8.415217 -2.706167 -6.514858
-0.811517 0.289836 -0.507380
255 255 255 255
1.327148 0.075562
0 0 0 0
1.000000 0.000000 0.000000 0.000000
-8.422562 -2.826961 -6.543657
-0.823182 -0.055679 -0.565041
255 255 255 255
1.317383 0.069397
0 0 0 0
1.000000 0.000000 0.000000 0.000000
-8.340840 -2.898550 -6.603876
-0.603403 -0.261631 -0.753295
255 255 255 255
1.305664 0.069885
0 0 0 0
1.000000 0.000000 0.000000 0.000000
-8.444842 -2.668453 -6.407397
-0.889742 0.407233 -0.206205
255 255 255 255
1.336914 0.069885
0 0 0 0
1.000000 0.000000 0.000000 0.000000
-8.451951 -2.761995 -6.488173
-0.899604 0.122039 -0.419308
255 255 255 255
1.325195 0.069336
0 0 0 0
1.000000 0.000000 0.000000 0.000000
-8.467903 -2.910653 -6.389237
-0.942928 -0.295798 -0.152939
255 255 255 255
1.321289 0.054504
0 0 0 0
1.000000 0.000000 0.000000 0.000000
-8.394530 -2.910370 -6.556834
-0.745955 -0.289065 -0.599994
255 255 255 255
1.310547 0.065430
0 0 0 0
1.000000 0.000000 0.000000 0.000000
-8.315927 -3.001666 -6.561546
-0.517051 -0.573162 -0.635722
255 255 255 255
1.300781 0.060150
0 0 0 0
1.000000 0.000000 0.000000 0.000000
-8.375319 -2.989906 -6.524221
-0.682852 -0.522600 -0.510493
255 255 255 255
1.306641 0.058563
0 0 0 0
1.000000 0.000000 0.000000 0.000000
-8.309067 -3.072111 -6.471182
-0.471102 -0.799942 -0.371694
255 255 255 255
1.300781 0.048889
0 0 0 0
1.000000 0.000000 0.000000 0.000000
-8.370076 -3.044233 -6.454521
-0.657919 -0.685856 -0.311038
255 255 255 255
1.306641 0.050598
0 0 0 0
1.000000 0.000000 0.000000 0.000000
-8.322103 -3.091003 -6.357002
-0.482486 -0.875589 -0.023488
255 255 255 255
1.305664 0.039124
0 0 0 0
1.000000 0.000000 0.000000 0.000000
-8.380196 -3.058804 -6.366413
-0.674240 -0.736006 -0.060798
255 255 255 255
1.310547 0.043701
0 0 0 0
1.000000 0.000000 0.000000 0.000000
-8.351633 -3.053278 -6.249504
-0.558705 -0.769336 0.309793
255 255 255 255
1.315430 0.033508
0 0 0 0
1.000000 0.000000 0.000000 0.000000
-8.403020 -3.029710 -6.283509
-0.731228 -0.659269 0.175128
255 255 255 255
1.317383 0.039673
0 0 0 0
1.000000 0.000000 0.000000 0.000000
-8.432445 -2.964756 -6.228096
-0.820996 -0.466872 0.328628
255 255 255 255
1.325195 0.039642
0 0 0 0
1.000000 0.000000 0.000000 0.000000
-8.389771 -2.969066 -6.177595
-0.682511 -0.501958 0.531241
255 255 255 255
1.327148 0.033508
0 0 0 0
1.000000 0.000000 0.000000 0.000000
-8.460582 -2.881335 -6.214872
-0.907505 -0.220815 0.357317
255 255 255 255
1.332031 0.043579
0 0 0 0
1.000000 0.000000 0.000000 0.000000
-8.426257 -2.860896 -6.160486
-0.807904 -0.157324 0.567926
255 255 255 255
1.336914 0.039124
0 0 0 0
1.000000 0.000000 0.000000 0.000000
-8.479840 -2.801810 -6.247497
-0.967510 0.015091 0.252384
255 255 255 255
1.335938 0.050476
0 0 0 0
1.000000 0.000000 0.000000 0.000000
-8.451265 -2.757791 -6.202816
-0.896076 0.165893 0.411737
255 255 255 255
1.342773 0.048889
0 0 0 0
1.000000 0.000000 0.000000 0.000000
-8.485047 -2.747483 -6.317198
-0.985000 0.167339 0.042104
255 255 255 255
1.335938 0.058411
0 0 0 0
1.000000 0.000000 0.000000 0.000000
-8.458055 -2.687346 -6.293145
-0.922461 0.366134 0.122522
255 255 255 255
1.342773 0.060150
0 0 0 0
1.000000 0.000000 0.000000 0.000000
-8.474822 -2.732913 -6.405295
-0.958593 0.204953 -0.197722
255 255 255 255
1.332031 0.065369
0 0 0 0
1.000000 0.000000 0.000000 0.000000
7.147202 -5.098467 -10.471871
0.833224 0.286566 -0.472882
255 255 255 255
1.327148 0.075562
0 0 0 0
1.000000 0.000000 0.000000 0.000000
7.112900 -5.182691 -10.543792
0.732832 0.054988 -0.678184
255 255 255 255
1.315430 0.075562
0 0 0 0
1.000000 0.000000 0.000000 0.000000
7.181550 -5.154294 -10.445174
0.914595 0.118202 -0.386708
255 255 255 255
1.325195 0.069336
0 0 0 0
1.000000 0.000000 0.000000 0.000000
7.172376 -5.060742 -10.364422
0.902015 0.395622 -0.172778
255 255 255 255
1.336914 0.069885
0 0 0 0
1.000000 0.000000 0.000000 0.000000
7.078647 -5.290850 -10.560913
0.627496 -0.255808 -0.735398
255 255 255 255
1.305664 0.069885
0 0 0 0
1.000000 0.000000 0.000000 0.000000
7.155066 -5.219248 -10.500693
0.841807 -0.055404 -0.536927
255 255 255 255
1.317383 0.069397
0 0 0 0
1.000000 0.000000 0.000000 0.000000
7.193877 -5.302952 -10.346251
0.950862 -0.282773 -0.126098
255 255 255 255
1.321289 0.054504
0 0 0 0
1.000000 0.000000 0.000000 0.000000
7.200985 -5.125212 -10.362296
0.965488 0.198304 -0.168843
255 255 255 255
1.332031 0.065369
0 0 0 0
1.000000 0.000000 0.000000 0.000000
7.181656 -5.079646 -10.250171
0.924075 0.352041 0.148834
255 255 255 255
1.342773 0.060150
0 0 0 0
1.000000 0.000000 0.000000 0.000000
7.208165 -5.139771 -10.274212
0.984257 0.160787 0.073384
255 255 255 255
1.335938 0.058411
0 0 0 0
1.000000 0.000000 0.000000 0.000000
7.172494 -5.150079 -10.159783
0.891618 0.156369 0.424932
255 255 255 255
1.342773 0.048889
0 0 0 0
1.000000 0.000000 0.000000 0.000000
7.201127 -5.194109 -10.204512
0.962204 0.014491 0.271946
255 255 255 255
1.335938 0.050476
0 0 0 0
1.000000 0.000000 0.000000 0.000000
7.147355 -5.253194 -10.117512
0.807091 -0.152777 0.570319
255 255 255 255
1.336914 0.039124
0 0 0 0
1.000000 0.000000 0.000000 0.000000
7.181751 -5.273634 -10.171898
0.903643 -0.210470 0.373003
255 255 255 255
1.332031 0.043579
0 0 0 0
1.000000 0.000000 0.000000 0.000000
7.112971 -5.361364 -10.134598
0.689249 -0.484547 0.538656
255 255 255 255
1.327148 0.033508
0 0 0 0
1.000000 0.000000 0.000000 0.000000
7.155242 -5.357054 -10.185063
0.823501 -0.450923 0.344261
255 255 255 255
1.325195 0.039642
0 0 0 0
1.000000 0.000000 0.000000 0.000000
7.078623 -5.445577 -10.206506
0.571367 -0.753203 0.325922
255 255 255 255
1.315430 0.033508
0 0 0 0
1.000000 0.000000 0.000000 0.000000
7.128735 -5.422009 -10.240571
0.743290 -0.642468 0.186428
255 255 255 255
1.317383 0.039673
0 0 0 0
1.000000 0.000000 0.000000 0.000000
7.109334 -5.451103 -10.323439
0.688259 -0.723913 -0.047432
255 255 255 255
1.310547 0.043701
0 0 0 0
1.000000 0.000000 0.000000 0.000000
7.053520 -5.483302 -10.314003
0.498215 -0.866972 -0.011890
255 255 255 255
1.305664 0.039124
0 0 0 0
1.000000 0.000000 0.000000 0.000000
7.102238 -5.436532 -10.411547
0.676048 -0.674143 -0.297475
255 255 255 255
1.306641 0.050598
0 0 0 0
1.000000 0.000000 0.000000 0.000000
7.044369 -5.464410 -10.428219
0.486921 -0.795183 -0.361375
255 255 255 255
1.300781 0.048889
0 0 0 0
1.000000 0.000000 0.000000 0.000000
7.109299 -5.382205 -10.481247
0.704822 -0.513447 -0.489487
255 255 255 255
1.306641 0.058563
0 0 0 0
1.000000 0.000000 0.000000 0.000000
7.053579 -5.393965 -10.518582
0.535469 -0.569283 -0.623851
255 255 255 255
1.300781 0.060150
0 0 0 0
1.000000 0.000000 0.000000 0.000000
7.128640 -5.302669 -10.513848
0.766134 -0.285414 -0.575827
255 255 255 255
1.310547 0.065430
0 0 0 0
1.000000 0.000000 0.000000 0.000000
7.861352 -4.826077 -6.343990
0.709219 0.054149 -0.702906
255 255 255 255
0.315674 0.075562
0 0 0 0
1.000000 0.000000 0.000000 0.000000
7.825057 -4.934235 -6.361123
0.601238 -0.258951 -0.755948
255 255 255 255
0.305908 0.069885
0 0 0 0
1.000000 0.000000 0.000000 0.000000
7.906553 -4.862645 -6.300880
0.821619 -0.055838 -0.567296
255 255 255 255
0.317383 0.069397
0 0 0 0
1.000000 0.000000 0.000000 0.000000
7.898972 -4.741853 -6.272079
0.812450 0.292297 -0.504469
255 255 255 255
0.326904 0.075562
0 0 0 0
1.000000 0.000000 0.000000 0.000000
7.799752 -5.037351 -6.318816
0.512345 -0.572128 -0.640447
255 255 255 255
0.300293 0.060150
0 0 0 0
1.000000 0.000000 0.000000 0.000000
7.878544 -4.946066 -6.314081
0.743894 -0.290319 -0.601944
255 255 255 255
0.310547 0.065430
0 0 0 0
1.000000 0.000000 0.000000 0.000000
7.950866 -4.946350 -6.146482
0.942506 -0.297073 -0.153067
255 255 255 255
0.321289 0.054504
0 0 0 0
1.000000 0.000000 0.000000 0.000000
7.935611 -4.797691 -6.245406
0.898777 0.124959 -0.420221
255 255 255 255
0.325439 0.069336
0 0 0 0
1.000000 0.000000 0.000000 0.000000
7.927877 -4.704139 -6.164666
0.888433 0.409721 -0.206920
255 255 255 255
0.336670 0.069885
0 0 0 0
1.000000 0.000000 0.000000 0.000000
7.957927 -4.768609 -6.162505
0.957818 0.207373 -0.198951
255 255 255 255
0.332275 0.065369
0 0 0 0
1.000000 0.000000 0.000000 0.000000
7.940275 -4.723032 -6.050379
0.921040 0.366140 0.132765
255 255 255 255
0.342285 0.060150
0 0 0 0
1.000000 0.000000 0.000000 0.000000
7.967527 -4.783168 -6.074432
0.983826 0.170835 0.053861
255 255 255 255
0.336182 0.058411
0 0 0 0
1.000000 0.000000 0.000000 0.000000
7.932777 -4.793476 -5.960016
0.892517 0.160032 0.421667
255 255 255 255
0.342285 0.048889
0 0 0 0
1.000000 0.000000 0.000000 0.000000
7.961777 -4.837507 -6.004755
0.965083 0.015076 0.261511
255 255 255 255
0.336182 0.050476
0 0 0 0
1.000000 0.000000 0.000000 0.000000
7.907379 -4.896592 -5.917732
0.802008 -0.160107 0.575456
255 255 255 255
0.336670 0.039124
0 0 0 0
1.000000 0.000000 0.000000 0.000000
7.942211 -4.917031 -5.972130
0.903508 -0.219217 0.368264
255 255 255 255
0.332031 0.043579
0 0 0 0
1.000000 0.000000 0.000000 0.000000
7.870917 -5.004750 -5.934806
0.677819 -0.502117 0.537066
255 255 255 255
0.326904 0.033508
0 0 0 0
1.000000 0.000000 0.000000 0.000000
7.914098 -5.000452 -5.985331
0.815962 -0.470361 0.336105
255 255 255 255
0.325195 0.039642
0 0 0 0
1.000000 0.000000 0.000000 0.000000
7.833215 -5.088974 -6.006726
0.552271 -0.771473 0.315954
255 255 255 255
0.315674 0.033508
0 0 0 0
1.000000 0.000000 0.000000 0.000000
7.885004 -5.065406 -6.040768
0.731126 -0.660180 0.172096
255 255 255 255
0.317383 0.039673
0 0 0 0
1.000000 0.000000 0.000000 0.000000
7.862735 -5.094500 -6.123658
0.672663 -0.736996 -0.066035
255 255 255 255
0.310303 0.043701
0 0 0 0
1.000000 0.000000 0.000000 0.000000
7.804416 -5.126688 -6.114223
0.481006 -0.876181 -0.030666
255 255 255 255
0.305908 0.039124
0 0 0 0
1.000000 0.000000 0.000000 0.000000
7.853253 -5.079929 -6.211743
0.653688 -0.688072 -0.315040
255 255 255 255
0.306396 0.050598
0 0 0 0
1.000000 0.000000 0.000000 0.000000
7.792196 -5.107795 -6.228439
0.466872 -0.799718 -0.377466
255 255 255 255
0.300293 0.048889
0 0 0 0
1.000000 0.000000 0.000000 0.000000
7.859039 -5.025602 -6.281466
0.681353 -0.520766 -0.514354
255 255 255 255
0.306396 0.058563
0 0 0 0
1.000000 0.000000 0.000000 0.000000
7.717759 -3.062771 -10.714614
0.832110 0.285196 -0.475664
255 255 255 255
1.327148 0.075562
0 0 0 0
1.000000 0.000000 0.000000 0.000000
7.683151 -3.146995 -10.786522
0.732832 0.054988 -0.678184
255 255 255 255
1.315430 0.075562
0 0 0 0
1.000000 0.000000 0.000000 0.000000
7.752166 -3.118598 -10.687975
0.913327 0.118518 -0.389598
255 255 255 255
1.325195 0.069336
0 0 0 0
1.000000 0.000000 0.000000 0.000000
7.743440 -3.025057 -10.607176
0.902033 0.391978 -0.180804
255 255 255 255
1.336914 0.069885
0 0 0 0
1.000000 0.000000 0.000000 0.000000
7.648885 -3.255153 -10.803642
0.627496 -0.255808 -0.735398
255 255 255 255
1.305664 0.069885
0 0 0 0
1.000000 0.000000 0.000000 0.000000
7.725445 -3.183563 -10.743436
0.841807 -0.055404 -0.536927
255 255 255 255
1.317383 0.069397
0 0 0 0
1.000000 0.000000 0.000000 0.000000
7.764989 -3.267256 -10.589004
0.950038 -0.284175 -0.129126
255 255 255 255
1.321289 0.054504
0 0 0 0
1.000000 0.000000 0.000000 0.000000
7.772003 -3.089515 -10.605062
0.965214 0.196728 -0.172221
255 255 255 255
1.332031 0.065369
0 0 0 0
1.000000 0.000000 0.000000 0.000000
7.753312 -3.043950 -10.492913
0.925053 0.350677 0.145952
255 255 255 255
1.342773 0.060150
0 0 0 0
1.000000 0.000000 0.000000 0.000000
7.779632 -3.104086 -10.516965
0.984002 0.164581 0.068209
255 255 255 255
1.335938 0.058411
0 0 0 0
1.000000 0.000000 0.000000 0.000000
7.744657 -3.114394 -10.402584
0.894902 0.155410 0.418327
255 255 255 255
1.342773 0.048889
0 0 0 0
1.000000 0.000000 0.000000 0.000000
7.772983 -3.158413 -10.447276
0.963893 0.011274 0.266052
255 255 255 255
1.335938 0.050476
0 0 0 0
1.000000 0.000000 0.000000 0.000000
7.719790 -3.217510 -10.360290
0.809507 -0.152371 0.566993
255 255 255 255
1.336914 0.039124
0 0 0 0
1.000000 0.000000 0.000000 0.000000
7.753819 -3.237949 -10.414640
0.905297 -0.210398 0.369013
255 255 255 255
1.332031 0.043579
0 0 0 0
1.000000 0.000000 0.000000 0.000000
7.685382 -3.325668 -10.377376
0.692464 -0.486131 0.533076
255 255 255 255
1.327148 0.033508
0 0 0 0
1.000000 0.000000 0.000000 0.000000
7.727300 -3.321370 -10.427864
0.825363 -0.452686 0.337419
255 255 255 255
1.325195 0.039642
0 0 0 0
1.000000 0.000000 0.000000 0.000000
7.650739 -3.409880 -10.449272
0.572879 -0.753437 0.322711
255 255 255 255
1.315430 0.033508
0 0 0 0
1.000000 0.000000 0.000000 0.000000
7.700555 -3.386324 -10.483314
0.746455 -0.641358 0.177381
255 255 255 255
1.317383 0.039673
0 0 0 0
1.000000 0.000000 0.000000 0.000000
7.680754 -3.415406 -10.566216
0.689843 -0.722000 -0.053222
255 255 255 255
1.310547 0.043701
0 0 0 0
1.000000 0.000000 0.000000 0.000000
7.625116 -3.447606 -10.556805
0.498215 -0.866972 -0.011890
255 255 255 255
1.305664 0.039124
0 0 0 0
1.000000 0.000000 0.000000 0.000000
7.673208 -3.400836 -10.654300
0.676048 -0.674143 -0.297475
255 255 255 255
1.306641 0.050598
0 0 0 0
1.000000 0.000000 0.000000 0.000000
7.615375 -3.428713 -10.670972
0.484935 -0.795648 -0.363018
255 255 255 255
1.300781 0.048889
0 0 0 0
1.000000 0.000000 0.000000 0.000000
7.679892 -3.346509 -10.724000
0.702870 -0.514276 -0.491421
255 255 255 255
1.306641 0.058563
0 0 0 0
1.000000 0.000000 0.000000 0.000000
7.624089 -3.358269 -10.761312
0.535469 -0.569283 -0.623851
255 255 255 255
1.300781 0.060150
0 0 0 0
1.000000 0.000000 0.000000 0.000000
7.699008 -3.266984 -10.756601
0.764679 -0.285175 -0.577876
255 255 255 255
1.310547 0.065430
0 0 0 0
1.000000 0.000000 0.000000 0.000000
8.452939 -2.790392 -6.586755
0.707373 0.051906 -0.704932
255 255 255 255
1.315430 0.075562
0 0 0 0
1.000000 0.000000 0.000000 0.000000
8.416619 -2.898550 -6.603876
0.601238 -0.258951 -0.755948
255 255 255 255
1.305664 0.069885
0 0 0 0
1.000000 0.000000 0.000000 0.000000
8.498328 -2.826961 -6.543657
0.819929 -0.057006 -0.569620
255 255 255 255
1.317383 0.069397
0 0 0 0
1.000000 0.000000 0.000000 0.000000
8.490972 -2.706167 -6.514858
0.810040 0.289595 -0.509873
255 255 255 255
1.327148 0.075562
0 0 0 0
1.000000 0.000000 0.000000 0.000000
8.391705 -3.001666 -6.561546
0.513222 -0.571342 -0.640447
255 255 255 255
1.300781 0.060150
0 0 0 0
1.000000 0.000000 0.000000 0.000000
8.470297 -2.910370 -6.556834
0.741660 -0.285769 -0.606858
255 255 255 255
1.310547 0.065430
0 0 0 0
1.000000 0.000000 0.000000 0.000000
8.543622 -2.910653 -6.389237
0.942408 -0.293658 -0.160101
255 255 255 255
1.321289 0.054504
0 0 0 0
1.000000 0.000000 0.000000 0.000000
8.527705 -2.761995 -6.488173
0.897640 0.123608 -0.423042
255 255 255 255
1.325195 0.069336
0 0 0 0
1.000000 0.000000 0.000000 0.000000
8.520561 -2.668453 -6.407397
0.888255 0.406591 -0.213746
255 255 255 255
1.336914 0.069885
0 0 0 0
1.000000 0.000000 0.000000 0.000000
8.550553 -2.732913 -6.405295
0.957458 0.205812 -0.202277
255 255 255 255
1.332031 0.065369
0 0 0 0
1.000000 0.000000 0.000000 0.000000
8.533751 -2.687346 -6.293145
0.921761 0.366146 0.127651
255 255 255 255
1.342773 0.060150
0 0 0 0
1.000000 0.000000 0.000000 0.000000
8.560755 -2.747483 -6.317198
0.984712 0.167626 0.047355
255 255 255 255
1.335938 0.058411
0 0 0 0
1.000000 0.000000 0.000000 0.000000
8.526926 -2.757791 -6.202816
0.893800 0.163654 0.417539
255 255 255 255
1.342773 0.048889
0 0 0 0
1.000000 0.000000 0.000000 0.000000
8.555524 -2.801810 -6.247497
0.966305 0.015091 0.256955
255 255 255 255
1.335938 0.050476
0 0 0 0
1.000000 0.000000 0.000000 0.000000
8.501917 -2.860896 -6.160486
0.805484 -0.157722 0.571244
255 255 255 255
1.336914 0.039124
0 0 0 0
1.000000 0.000000 0.000000 0.000000
8.536254 -2.881335 -6.214872
0.905902 -0.220854 0.361338
255 255 255 255
1.332031 0.043579
0 0 0 0
1.000000 0.000000 0.000000 0.000000
8.465431 -2.969066 -6.177595
0.680172 -0.502034 0.534161
255 255 255 255
1.327148 0.033508
0 0 0 0
1.000000 0.000000 0.000000 0.000000
8.508116 -2.964756 -6.228096
0.819533 -0.466791 0.332374
255 255 255 255
1.325195 0.039642
0 0 0 0
1.000000 0.000000 0.000000 0.000000
8.427328 -3.053278 -6.249480
0.555491 -0.770412 0.312881
255 255 255 255
1.315430 0.033508
0 0 0 0
1.000000 0.000000 0.000000 0.000000
8.478716 -3.029710 -6.283534
0.731967 -0.660002 0.169183
255 255 255 255
1.317383 0.039673
0 0 0 0
1.000000 0.000000 0.000000 0.000000
8.455914 -3.058804 -6.366413
0.672757 -0.736692 -0.068435
255 255 255 255
1.310547 0.043701
0 0 0 0
1.000000 0.000000 0.000000 0.000000
8.397821 -3.091003 -6.357002
0.481006 -0.876181 -0.030666
255 255 255 255
1.305664 0.039124
0 0 0 0
1.000000 0.000000 0.000000 0.000000
8.445819 -3.044233 -6.454521
0.655602 -0.683905 -0.320095
255 255 255 255
1.306641 0.050598
0 0 0 0
1.000000 0.000000 0.000000 0.000000
8.384809 -3.072111 -6.471182
0.466176 -0.799383 -0.379033
255 255 255 255
1.300781 0.048889
0 0 0 0
1.000000 0.000000 0.000000 0.000000
8.451085 -2.989906 -6.524221
0.681353 -0.520766 -0.514354
255 255 255 255
1.306641 0.058563
0 0 0 0
1.000000 0.000000 0.000000 0.000000
4.466358 -4.773013 1.725699
-0.261583 0.048052 -0.963984
255 255 255 255
1.096680 0.981934
0 0 0 0
1.000000 0.000000 0.000000 0.000000
4.390588 -4.665186 1.751557
-0.352828 0.176531 -0.918885
255 255 255 255
1.103516 0.980957
0 0 0 0
1.000000 0.000000 0.000000 0.000000
4.334183 -4.844119 1.772717
-0.414897 -0.037266 -0.909105
255 255 255 255
1.099609 0.989258
0 0 0 0
1.000000 0.000000 0.000000 0.000000
4.575284 -4.659435 1.716879
-0.136084 0.177144 -0.974731
255 255 255 255
1.096680 0.974121
0 0 0 0
1.000000 0.000000 0.000000 0.000000
4.295797 -4.716136 1.785245
-0.456484 0.120407 -0.881547
255 255 255 255
1.105469 0.985840
0 0 0 0
1.000000 0.000000 0.000000 0.000000
4.268072 -4.455671 1.910984
-0.499878 0.414260 -0.760599
255 255 255 255
1.117188 0.978027
0 0 0 0
1.000000 0.000000 0.000000 0.000000
4.468660 -4.583737 1.745205
-0.267166 0.267647 -0.925736
255 255 255 255
1.103516 0.975586
0 0 0 0
1.000000 0.000000 0.000000 0.000000
4.198797 -4.861889 1.850789
-0.570127 -0.059825 -0.819375
255 255 255 255
1.105469 0.995117
0 0 0 0
1.000000 0.000000 0.000000 0.000000
4.198773 -4.728888 1.841236
-0.564143 0.107223 -0.818685
255 255 255 255
1.109375 0.989746
0 0 0 0
1.000000 0.000000 0.000000 0.000000
4.080839 -4.823680 1.948060
-0.711466 -0.021072 -0.702404
255 255 255 255
1.113281 0.998047
0 0 0 0
1.000000 0.000000 0.000000 0.000000
4.114219 -4.701506 1.910984
-0.656363 0.133683 -0.742507
255 255 255 255
1.114258 0.991699
0 0 0 0
1.000000 0.000000 0.000000 0.000000
3.998220 -4.735276 2.049724
-0.811858 0.078222 -0.578592
255 255 255 255
1.121094 0.998047
0 0 0 0
1.000000 0.000000 0.000000 0.000000
4.055004 -4.638134 1.983837
-0.722798 0.201981 -0.660883
255 255 255 255
1.119141 0.991699
0 0 0 0
1.000000 0.000000 0.000000 0.000000
3.963565 -4.610174 2.140336
-0.853863 0.220614 -0.471431
255 255 255 255
1.127930 0.995117
0 0 0 0
1.000000 0.000000 0.000000 0.000000
4.030160 -4.548420 2.048779
-0.750085 0.298797 -0.589995
255 255 255 255
1.125000 0.989746
0 0 0 0
1.000000 0.000000 0.000000 0.000000
3.982150 -4.467361 2.205986
-0.837145 0.389481 -0.384048
255 255 255 255
1.133789 0.989258
0 0 0 0
1.000000 0.000000 0.000000 0.000000
4.043503 -4.446036 2.095845
-0.737757 0.412937 -0.534039
255 255 255 255
1.128906 0.985840
0 0 0 0
1.000000 0.000000 0.000000 0.000000
4.051166 -4.328609 2.236734
-0.752760 0.558931 -0.347775
255 255 255 255
1.136719 0.981934
0 0 0 0
1.000000 0.000000 0.000000 0.000000
4.092977 -4.346569 2.117890
-0.683037 0.523504 -0.509318
255 255 255 255
1.130859 0.980957
0 0 0 0
1.000000 0.000000 0.000000 0.000000
4.160139 -4.215008 2.227866
-0.621090 0.697183 -0.358028
255 255 255 255
1.136719 0.974121
0 0 0 0
1.000000 0.000000 0.000000 0.000000
4.171108 -4.265143 2.111561
-0.594391 0.613158 -0.520324
255 255 255 255
1.130859 0.975586
0 0 0 0
1.000000 0.000000 0.000000 0.000000
4.265935 -4.214158 2.077838
-0.489195 0.671784 -0.556232
255 255 255 255
1.128906 0.970215
0 0 0 0
1.000000 0.000000 0.000000 0.000000
4.292490 -4.143867 2.180801
-0.460095 0.784322 -0.416115
255 255 255 255
1.133789 0.966797
0 0 0 0
1.000000 0.000000 0.000000 0.000000
4.363041 -4.201394 2.021799
-0.380786 0.686226 -0.619754
255 255 255 255
1.125000 0.966309
0 0 0 0
1.000000 0.000000 0.000000 0.000000
4.427983 -4.126061 2.102669
-0.294172 0.803668 -0.517281
255 255 255 255
1.127930 0.961426
0 0 0 0
1.000000 0.000000 0.000000 0.000000
4.447631 -4.228764 1.952063
-0.285566 0.654196 -0.700342
255 255 255 255
1.119141 0.964355
0 0 0 0
1.000000 0.000000 0.000000 0.000000
4.506823 -4.292147 1.879198
-0.219728 0.583325 -0.781954
255 255 255 255
1.114258 0.964355
0 0 0 0
1.000000 0.000000 0.000000 0.000000
4.531583 -4.381873 1.814351
-0.198012 0.485771 -0.851362
255 255 255 255
1.109375 0.966309
0 0 0 0
1.000000 0.000000 0.000000 0.000000
4.518193 -4.484246 1.767285
-0.212935 0.375240 -0.902138
255 255 255 255
1.105469 0.970215
0 0 0 0
1.000000 0.000000 0.000000 0.000000
4.546024 -4.164235 2.005339
-0.153446 0.756463 -0.635782
255 255 255 255
1.121094 0.958008
0 0 0 0
1.000000 0.000000 0.000000 0.000000
4.628560 -4.252627 1.903699
-0.058401 0.648196 -0.759231
255 255 255 255
1.113281 0.958008
0 0 0 0
1.000000 0.000000 0.000000 0.000000
4.663109 -4.377800 1.813217
-0.026283 0.499159 -0.866112
255 255 255 255
1.105469 0.961426
0 0 0 0
1.000000 0.000000 0.000000 0.000000
4.644382 -4.520660 1.747602
-0.052729 0.334771 -0.940823
255 255 255 255
1.099609 0.966797
0 0 0 0
1.000000 0.000000 0.000000 0.000000
-4.762876 -5.108799 2.784455
0.095734 -0.740345 0.665376
255 255 255 255
1.133789 0.989258
0 0 0 0
1.000000 0.000000 0.000000 0.000000
-4.902524 -5.064851 2.854155
-0.114046 -0.654059 0.747797
255 255 255 255
1.128906 0.985840
0 0 0 0
1.000000 0.000000 0.000000 0.000000
-4.707262 -4.991844 2.875574
0.188071 -0.548322 0.814845
255 255 255 255
1.136719 0.981934
0 0 0 0
1.000000 0.000000 0.000000 0.000000
-4.861953 -5.182526 2.685413
-0.066496 -0.863501 0.499945
255 255 255 255
1.127930 0.995117
0 0 0 0
1.000000 0.000000 0.000000 0.000000
-4.862674 -4.981005 2.919463
-0.045611 -0.517098 0.854710
255 255 255 255
1.130859 0.980957
0 0 0 0
1.000000 0.000000 0.000000 0.000000
-5.120765 -4.871312 2.837600
-0.508519 -0.364567 0.780063
255 255 255 255
1.117188 0.978027
0 0 0 0
1.000000 0.000000 0.000000 0.000000
-4.973559 -5.117737 2.783144
-0.226881 -0.741781 0.631099
255 255 255 255
1.125000 0.989746
0 0 0 0
1.000000 0.000000 0.000000 0.000000
-4.703566 -4.849503 2.944814
0.201747 -0.312154 0.928363
255 255 255 255
1.136719 0.974121
0 0 0 0
1.000000 0.000000 0.000000 0.000000
-4.860029 -4.878952 2.969091
-0.039858 -0.348486 0.936466
255 255 255 255
1.130859 0.975586
0 0 0 0
1.000000 0.000000 0.000000 0.000000
-4.752355 -4.703466 2.981725
0.127778 -0.065693 0.989625
255 255 255 255
1.133789 0.966797
0 0 0 0
1.000000 0.000000 0.000000 0.000000
-4.894979 -4.774312 2.995564
-0.093417 -0.172650 0.980543
255 255 255 255
1.128906 0.970215
0 0 0 0
1.000000 0.000000 0.000000 0.000000
-4.846202 -4.575955 2.980627
-0.023655 0.157139 0.987293
255 255 255 255
1.127930 0.961426
0 0 0 0
1.000000 0.000000 0.000000 0.000000
-4.962271 -4.682862 2.994774
-0.204493 -0.020409 0.978655
255 255 255 255
1.125000 0.966309
0 0 0 0
1.000000 0.000000 0.000000 0.000000
-4.970808 -4.486394 2.941721
-0.228821 0.317098 0.920375
255 255 255 255
1.121094 0.958496
0 0 0 0
1.000000 0.000000 0.000000 0.000000
-5.051608 -4.618640 2.966859
-0.351755 0.090299 0.931727
255 255 255 255
1.119141 0.964355
0 0 0 0
1.000000 0.000000 0.000000 0.000000
-5.107222 -4.448362 2.870910
-0.461499 0.391896 0.795887
255 255 255 255
1.113281 0.958496
0 0 0 0
1.000000 0.000000 0.000000 0.000000
-5.149398 -4.591400 2.916110
-0.514402 0.139599 0.846110
255 255 255 255
1.114258 0.964355
0 0 0 0
1.000000 0.000000 0.000000 0.000000
-5.234650 -4.467727 2.778999
-0.682530 0.362501 0.634623
255 255 255 255
1.105469 0.961426
0 0 0 0
1.000000 0.000000 0.000000 0.000000
-5.240766 -4.605274 2.850211
-0.668117 0.118184 0.734610
255 255 255 255
1.109375 0.966309
0 0 0 0
1.000000 0.000000 0.000000 0.000000
-5.333739 -4.541477 2.679945
-0.855139 0.237000 0.461051
255 255 255 255
1.099609 0.966797
0 0 0 0
1.000000 0.000000 0.000000 0.000000
-5.311777 -4.658160 2.779223
-0.788722 0.029619 0.614036
255 255 255 255
1.105469 0.970215
0 0 0 0
1.000000 0.000000 0.000000 0.000000
-5.351676 -4.741971 2.713880
-0.856681 -0.111772 0.503591
255 255 255 255
1.103516 0.975586
0 0 0 0
1.000000 0.000000 0.000000 0.000000
-5.389343 -4.658432 2.588861
-0.951865 0.030394 0.305007
255 255 255 255
1.096680 0.974121
0 0 0 0
1.000000 0.000000 0.000000 0.000000
-5.354309 -4.844013 2.664205
-0.860952 -0.284328 0.421805
255 255 255 255
1.103516 0.980957
0 0 0 0
1.000000 0.000000 0.000000 0.000000
-5.393038 -4.800773 2.519562
-0.957344 -0.219593 0.187805
255 255 255 255
1.096680 0.981934
0 0 0 0
1.000000 0.000000 0.000000 0.000000
-5.319322 -4.948723 2.637792
-0.802092 -0.461021 0.379616
255 255 255 255
1.105469 0.985840
0 0 0 0
1.000000 0.000000 0.000000 0.000000
-5.252066 -5.040090 2.638583
-0.687903 -0.615015 0.385418
255 255 255 255
1.109375 0.989746
0 0 0 0
1.000000 0.000000 0.000000 0.000000
-5.162741 -5.104311 2.666460
-0.540761 -0.721146 0.433042
255 255 255 255
1.114258 0.991699
0 0 0 0
1.000000 0.000000 0.000000 0.000000
-5.064927 -5.131588 2.717246
-0.378439 -0.765858 0.519851
255 255 255 255
1.119141 0.991699
0 0 0 0
1.000000 0.000000 0.000000 0.000000
-5.344260 -4.946774 2.482663
-0.872617 -0.470107 0.132437
255 255 255 255
1.099609 0.989258
0 0 0 0
1.000000 0.000000 0.000000 0.000000
-5.250413 -5.074297 2.483785
-0.711521 -0.687321 0.146036
255 255 255 255
1.105469 0.995117
0 0 0 0
1.000000 0.000000 0.000000 0.000000
-5.125795 -5.163882 2.522691
-0.501555 -0.836636 0.220186
255 255 255 255
1.113281 0.998047
0 0 0 0
1.000000 0.000000 0.000000 0.000000
-4.989393 -5.201879 2.593513
-0.276033 -0.897833 0.343076
255 255 255 255
1.121094 0.998047
0 0 0 0
1.000000 0.000000 0.000000 0.000000
5.153198 -4.994029 2.514378
0.893675 -0.419802 0.158466
255 255 255 255
1.133789 0.989258
0 0 0 0
1.000000 0.000000 0.000000 0.000000
5.120467 -5.005175 2.672790
0.819173 -0.425305 0.384799
255 255 255 255
1.128906 0.985840
0 0 0 0
1.000000 0.000000 0.000000 0.000000
5.192022 -4.846362 2.556260
0.958537 -0.176523 0.223710
255 255 255 255
1.136719 0.981934
0 0 0 0
1.000000 0.000000 0.000000 0.000000
5.067924 -5.127384 2.510742
0.753053 -0.640576 0.150248
255 255 255 255
1.127930 0.995117
0 0 0 0
1.000000 0.000000 0.000000 0.000000
5.148286 -4.899308 2.702828
0.865313 -0.251419 0.433615
255 255 255 255
1.130859 0.980957
0 0 0 0
1.000000 0.000000 0.000000 0.000000
4.916089 -4.947447 2.873414
0.522964 -0.357255 0.773872
255 255 255 255
1.117188 0.978027
0 0 0 0
1.000000 0.000000 0.000000 0.000000
5.059363 -5.100793 2.670204
0.717672 -0.583057 0.380778
255 255 255 255
1.125000 0.989746
0 0 0 0
1.000000 0.000000 0.000000 0.000000
5.178549 -4.706891 2.630010
0.938212 0.058103 0.341150
255 255 255 255
1.136719 0.974121
0 0 0 0
1.000000 0.000000 0.000000 0.000000
5.138628 -4.799309 2.755680
0.849809 -0.085683 0.520080
255 255 255 255
1.130859 0.975586
0 0 0 0
1.000000 0.000000 0.000000 0.000000
5.114835 -4.596843 2.724270
0.833240 0.246501 0.494923
255 255 255 255
1.133789 0.966797
0 0 0 0
1.000000 0.000000 0.000000 0.000000
5.092991 -4.720434 2.823254
0.774578 0.047688 0.630678
255 255 255 255
1.128906 0.970215
0 0 0 0
1.000000 0.000000 0.000000 0.000000
5.010562 -4.532952 2.824872
0.657074 0.363687 0.660292
255 255 255 255
1.127930 0.961426
0 0 0 0
1.000000 0.000000 0.000000 0.000000
5.018213 -4.674632 2.895375
0.650381 0.129521 0.748485
255 255 255 255
1.125000 0.966309
0 0 0 0
1.000000 0.000000 0.000000 0.000000
4.881622 -4.524982 2.916381
0.437360 0.385937 0.812261
255 255 255 255
1.121094 0.958496
0 0 0 0
1.000000 0.000000 0.000000 0.000000
4.925771 -4.668905 2.960990
0.495364 0.140825 0.857195
255 255 255 255
1.119141 0.964355
0 0 0 0
1.000000 0.000000 0.000000 0.000000
4.747606 -4.574113 2.984924
0.202740 0.308417 0.929395
255 255 255 255
1.113281 0.958496
0 0 0 0
1.000000 0.000000 0.000000 0.000000
4.829704 -4.704139 3.010100
0.332911 0.084074 0.939203
255 255 255 255
1.114258 0.964355
0 0 0 0
1.000000 0.000000 0.000000 0.000000
4.628973 -4.672896 3.020007
-0.007502 0.141889 0.989854
255 255 255 255
1.105469 0.961426
0 0 0 0
1.000000 0.000000 0.000000 0.000000
4.744642 -4.774950 3.035262
0.187803 -0.033242 0.981644
255 255 255 255
1.109375 0.966309
0 0 0 0
1.000000 0.000000 0.000000 0.000000
4.543722 -4.806263 3.016346
-0.157554 -0.090398 0.983364
255 255 255 255
1.099609 0.966797
0 0 0 0
1.000000 0.000000 0.000000 0.000000
4.683537 -4.870568 3.032665
0.083165 -0.196067 0.977057
255 255 255 255
1.105469 0.970215
0 0 0 0
1.000000 0.000000 0.000000 0.000000
4.655658 -4.976412 3.002614
0.036625 -0.374343 0.926567
255 255 255 255
1.103516 0.975586
0 0 0 0
1.000000 0.000000 0.000000 0.000000
4.504886 -4.953930 2.974451
-0.224450 -0.347977 0.910239
255 255 255 255
1.096680 0.974121
0 0 0 0
1.000000 0.000000 0.000000 0.000000
4.665317 -5.076411 2.949809
0.054824 -0.542780 0.838084
255 255 255 255
1.103516 0.980957
0 0 0 0
1.000000 0.000000 0.000000 0.000000
4.518347 -5.093413 2.900736
-0.194742 -0.589839 0.783687
255 255 255 255
1.096680 0.981934
0 0 0 0
1.000000 0.000000 0.000000 0.000000
4.711026 -5.155321 2.882163
0.134374 -0.674765 0.725697
255 255 255 255
1.105469 0.985840
0 0 0 0
1.000000 0.000000 0.000000 0.000000
4.785744 -5.201099 2.810077
0.261013 -0.750773 0.606805
255 255 255 255
1.109375 0.989746
0 0 0 0
1.000000 0.000000 0.000000 0.000000
4.878186 -5.206802 2.744474
0.419604 -0.758194 0.499074
255 255 255 255
1.114258 0.991699
0 0 0 0
1.000000 0.000000 0.000000 0.000000
4.974277 -5.171592 2.695342
0.578039 -0.699543 0.420131
255 255 255 255
1.119141 0.991699
0 0 0 0
1.000000 0.000000 0.000000 0.000000
4.582061 -5.203449 2.806441
-0.078607 -0.777242 0.624272
255 255 255 255
1.099609 0.989258
0 0 0 0
1.000000 0.000000 0.000000 0.000000
4.686336 -5.267329 2.705863
0.106313 -0.881713 0.459652
255 255 255 255
1.105469 0.995117
0 0 0 0
1.000000 0.000000 0.000000 0.000000
4.815287 -5.275310 2.614341
0.327377 -0.892456 0.310397
255 255 255 255
1.113281 0.998047
0 0 0 0
1.000000 0.000000 0.000000 0.000000
4.949280 -5.226167 2.545822
0.554004 -0.806938 0.204767
255 255 255 255
1.121094 0.998047
0 0 0 0
1.000000 0.000000 0.000000 0.000000
8.160381 -4.396326 -3.887881
0.577474 -0.810500 -0.098055
255 255 255 255
1.105469 0.995117
0 0 0 0
1.000000 0.000000 0.000000 0.000000
8.125631 -4.417804 -3.735350
0.525147 -0.841993 0.123562
255 255 255 255
1.099609 0.989258
0 0 0 0
1.000000 0.000000 0.000000 0.000000
8.270475 -4.324654 -3.829043
0.726798 -0.686795 -0.008754
255 255 255 255
1.109375 0.989746
0 0 0 0
1.000000 0.000000 0.000000 0.000000
8.212405 -4.320698 -4.016077
0.652397 -0.700276 -0.289814
255 255 255 255
1.113281 0.998047
0 0 0 0
1.000000 0.000000 0.000000 0.000000
8.113458 -4.381873 -3.581732
0.508252 -0.790238 0.342350
255 255 255 255
1.096680 0.981934
0 0 0 0
1.000000 0.000000 0.000000 0.000000
8.245573 -4.340051 -3.719728
0.692183 -0.707261 0.143750
255 255 255 255
1.105469 0.985840
0 0 0 0
1.000000 0.000000 0.000000 0.000000
8.376426 -4.079492 -3.709940
0.917199 -0.365129 0.159459
255 255 255 255
1.117188 0.978027
0 0 0 0
1.000000 0.000000 0.000000 0.000000
8.307764 -4.270432 -3.920919
0.778816 -0.612399 -0.135695
255 255 255 255
1.114258 0.991699
0 0 0 0
1.000000 0.000000 0.000000 0.000000
8.273806 -4.202433 -4.100395
0.741932 -0.524310 -0.417895
255 255 255 255
1.121094 0.998047
0 0 0 0
1.000000 0.000000 0.000000 0.000000
8.351771 -4.185654 -3.981398
0.841696 -0.492592 -0.221136
255 255 255 255
1.119141 0.991699
0 0 0 0
1.000000 0.000000 0.000000 0.000000
8.335217 -4.059548 -4.128108
0.829476 -0.319158 -0.458376
255 255 255 255
1.127930 0.995117
0 0 0 0
1.000000 0.000000 0.000000 0.000000
8.395814 -4.083211 -4.001258
0.901945 -0.349164 -0.254128
255 255 255 255
1.125000 0.989746
0 0 0 0
1.000000 0.000000 0.000000 0.000000
8.387336 -3.913795 -4.094857
0.903842 -0.103358 -0.415194
255 255 255 255
1.133789 0.989258
0 0 0 0
1.000000 0.000000 0.000000 0.000000
8.433185 -3.978725 -3.977395
0.953150 -0.203015 -0.224256
255 255 255 255
1.128906 0.985840
0 0 0 0
1.000000 0.000000 0.000000 0.000000
8.422215 -3.787347 -4.005804
0.954702 0.082449 -0.285914
255 255 255 255
1.136719 0.981934
0 0 0 0
1.000000 0.000000 0.000000 0.000000
8.458206 -3.888066 -3.913574
0.987237 -0.078161 -0.138760
255 255 255 255
1.130859 0.980957
0 0 0 0
1.000000 0.000000 0.000000 0.000000
8.434566 -3.699463 -3.874397
0.972811 0.210772 -0.095987
255 255 255 255
1.136719 0.974121
0 0 0 0
1.000000 0.000000 0.000000 0.000000
8.467050 -3.825072 -3.819396
0.999871 0.012123 -0.010527
255 255 255 255
1.130859 0.975586
0 0 0 0
1.000000 0.000000 0.000000 0.000000
8.458395 -3.799308 -3.709267
0.987551 0.043148 0.151265
255 255 255 255
1.128906 0.970215
0 0 0 0
1.000000 0.000000 0.000000 0.000000
8.422487 -3.663532 -3.720767
0.955179 0.267302 0.127214
255 255 255 255
1.133789 0.966797
0 0 0 0
1.000000 0.000000 0.000000 0.000000
8.433539 -3.814705 -3.599893
0.952234 0.020420 0.304686
255 255 255 255
1.125000 0.966309
0 0 0 0
1.000000 0.000000 0.000000 0.000000
8.387796 -3.685010 -3.568260
0.904150 0.228489 0.360979
255 255 255 255
1.127930 0.961426
0 0 0 0
1.000000 0.000000 0.000000 0.000000
8.396239 -3.868926 -3.507994
0.899898 -0.056159 0.432469
255 255 255 255
1.119141 0.964355
0 0 0 0
1.000000 0.000000 0.000000 0.000000
8.335772 -3.760638 -3.440064
0.825377 0.116827 0.552362
255 255 255 255
1.121094 0.958496
0 0 0 0
1.000000 0.000000 0.000000 0.000000
8.352208 -3.953705 -3.447527
0.837291 -0.173663 0.518444
255 255 255 255
1.114258 0.964355
0 0 0 0
1.000000 0.000000 0.000000 0.000000
8.274325 -3.878903 -3.355734
0.735671 -0.061582 0.674534
255 255 255 255
1.113281 0.958496
0 0 0 0
1.000000 0.000000 0.000000 0.000000
8.308130 -4.056148 -3.427725
0.775468 -0.316962 0.546063
255 255 255 255
1.109375 0.966309
0 0 0 0
1.000000 0.000000 0.000000 0.000000
8.236871 -4.314298 -3.609587
0.679547 -0.672347 0.293541
255 255 255 255
1.103516 0.980957
0 0 0 0
1.000000 0.000000 0.000000 0.000000
8.245704 -4.251293 -3.515373
0.690921 -0.586139 0.423165
255 255 255 255
1.103516 0.975586
0 0 0 0
1.000000 0.000000 0.000000 0.000000
8.270724 -4.160645 -3.451518
0.724624 -0.460886 0.512352
255 255 255 255
1.105469 0.970215
0 0 0 0
1.000000 0.000000 0.000000 0.000000
8.212819 -4.021788 -3.328045
0.645939 -0.268357 0.714666
255 255 255 255
1.105469 0.961426
0 0 0 0
1.000000 0.000000 0.000000 0.000000
8.160641 -4.167553 -3.361295
0.572438 -0.482051 0.663281
255 255 255 255
1.099609 0.966797
0 0 0 0
1.000000 0.000000 0.000000 0.000000
8.125761 -4.294001 -3.450372
0.523530 -0.665082 0.532525
255 255 255 255
1.096680 0.974121
0 0 0 0
1.000000 0.000000 0.000000 0.000000
6.256894 -4.935238 -14.159021
0.601337 -0.007305 -0.798962
255 255 255 255
1.133789 0.989258
0 0 0 0
1.000000 0.000000 0.000000 0.000000
6.380201 -4.982162 -14.064774
0.766756 -0.078688 -0.637097
255 255 255 255
1.128906 0.985840
0 0 0 0
1.000000 0.000000 0.000000 0.000000
6.298398 -4.793063 -14.103100
0.668956 0.226953 -0.707807
255 255 255 255
1.136719 0.981934
0 0 0 0
1.000000 0.000000 0.000000 0.000000
6.225001 -5.090273 -14.155243
0.549115 -0.267054 -0.791931
255 255 255 255
1.127930 0.995117
0 0 0 0
1.000000 0.000000 0.000000 0.000000
6.409944 -4.880227 -14.024650
0.814390 0.091165 -0.573112
255 255 255 255
1.130859 0.980957
0 0 0 0
1.000000 0.000000 0.000000 0.000000
6.451189 -5.048049 -13.789135
0.958766 -0.199195 -0.202703
255 255 255 255
1.117188 0.978027
0 0 0 0
1.000000 0.000000 0.000000 0.000000
6.357329 -5.093307 -14.062069
0.727408 -0.260695 -0.634757
255 255 255 255
1.125000 0.989746
0 0 0 0
1.000000 0.000000 0.000000 0.000000
6.343219 -4.685353 -13.996039
0.741574 0.408416 -0.532226
255 255 255 255
1.136719 0.974121
0 0 0 0
1.000000 0.000000 0.000000 0.000000
6.442073 -4.803017 -13.947901
0.868242 0.217913 -0.445724
255 255 255 255
1.130859 0.975586
0 0 0 0
1.000000 0.000000 0.000000 0.000000
6.384499 -4.628535 -13.854148
0.807437 0.510285 -0.296065
255 255 255 255
1.133789 0.966797
0 0 0 0
1.000000 0.000000 0.000000 0.000000
6.471675 -4.762280 -13.846237
0.914773 0.289685 -0.281553
255 255 255 255
1.128906 0.970215
0 0 0 0
1.000000 0.000000 0.000000 0.000000
6.415966 -4.631262 -13.698997
0.856837 0.514371 -0.035410
255 255 255 255
1.127930 0.961426
0 0 0 0
1.000000 0.000000 0.000000 0.000000
6.494227 -4.764228 -13.734962
0.953030 0.288575 -0.091974
255 255 255 255
1.125000 0.966309
0 0 0 0
1.000000 0.000000 0.000000 0.000000
6.432839 -4.693099 -13.554235
0.882131 0.416117 0.220660
255 255 255 255
1.121094 0.958496
0 0 0 0
1.000000 0.000000 0.000000 0.000000
6.506330 -4.808566 -13.631173
0.972446 0.217673 0.083470
255 255 255 255
1.119141 0.964355
0 0 0 0
1.000000 0.000000 0.000000 0.000000
6.432532 -4.804646 -13.441874
0.878214 0.227385 0.420758
255 255 255 255
1.113281 0.958496
0 0 0 0
1.000000 0.000000 0.000000 0.000000
6.506106 -4.888539 -13.550644
0.970744 0.084033 0.224933
255 255 255 255
1.114258 0.964355
0 0 0 0
1.000000 0.000000 0.000000 0.000000
6.415116 -4.948912 -13.379066
0.846206 -0.020621 0.532456
255 255 255 255
1.105469 0.961426
0 0 0 0
1.000000 0.000000 0.000000 0.000000
6.493613 -4.991962 -13.505599
0.948321 -0.094034 0.303058
255 255 255 255
1.109375 0.966309
0 0 0 0
1.000000 0.000000 0.000000 0.000000
6.383212 -5.103946 -13.375289
0.787854 -0.290484 0.543051
255 255 255 255
1.099609 0.966797
0 0 0 0
1.000000 0.000000 0.000000 0.000000
6.470754 -5.103108 -13.502906
0.909919 -0.278721 0.307186
255 255 255 255
1.105469 0.970215
0 0 0 0
1.000000 0.000000 0.000000 0.000000
6.440987 -5.205043 -13.542946
0.859744 -0.451685 0.238372
255 255 255 255
1.103516 0.975586
0 0 0 0
1.000000 0.000000 0.000000 0.000000
6.341696 -5.246134 -13.431210
0.715837 -0.539884 0.442834
255 255 255 255
1.096680 0.974121
0 0 0 0
1.000000 0.000000 0.000000 0.000000
6.408858 -5.282253 -13.619719
0.806204 -0.581653 0.108243
255 255 255 255
1.103516 0.980957
0 0 0 0
1.000000 0.000000 0.000000 0.000000
6.296886 -5.353843 -13.538282
0.642012 -0.722871 0.255495
255 255 255 255
1.096680 0.981934
0 0 0 0
1.000000 0.000000 0.000000 0.000000
6.379268 -5.322989 -13.721466
0.758910 -0.648158 -0.062822
255 255 255 255
1.105469 0.985840
0 0 0 0
1.000000 0.000000 0.000000 0.000000
6.356716 -5.321029 -13.832634
0.724699 -0.641879 -0.250605
255 255 255 255
1.109375 0.989746
0 0 0 0
1.000000 0.000000 0.000000 0.000000
6.344613 -5.276704 -13.936436
0.705311 -0.566610 -0.426017
255 255 255 255
1.114258 0.991699
0 0 0 0
1.000000 0.000000 0.000000 0.000000
6.344837 -5.196730 -14.016988
0.706964 -0.432559 -0.559549
255 255 255 255
1.119141 0.991699
0 0 0 0
1.000000 0.000000 0.000000 0.000000
6.255619 -5.410650 -13.680139
0.576582 -0.817023 0.005159
255 255 255 255
1.099609 0.989258
0 0 0 0
1.000000 0.000000 0.000000 0.000000
6.224139 -5.407934 -13.835303
0.532535 -0.806102 -0.258081
255 255 255 255
1.105469 0.995117
0 0 0 0
1.000000 0.000000 0.000000 0.000000
6.207266 -5.346097 -13.980064
0.510442 -0.693347 -0.508644
255 255 255 255
1.113281 0.998047
0 0 0 0
1.000000 0.000000 0.000000 0.000000
6.207573 -5.234539 -14.092415
0.515995 -0.503617 -0.692906
255 255 255 255
1.121094 0.998047
0 0 0 0
1.000000 0.000000 0.000000 0.000000
0.152766 -5.572993 3.096508
0.177379 0.005719 -0.984126
255 255 255 255
1.096680 0.981934
0 0 0 0
1.000000 0.000000 0.000000 0.000000
0.105393 -5.447584 3.088267
0.118690 0.156381 -0.980539
255 255 255 255
1.103516 0.980957
0 0 0 0
1.000000 0.000000 0.000000 0.000000
-0.000864 -5.603551 3.082340
0.004472 -0.032325 -0.999467
255 255 255 255
1.099609 0.989258
0 0 0 0
1.000000 0.000000 0.000000 0.000000
0.281953 -5.491579 3.135591
0.330078 0.096450 -0.939013
255 255 255 255
1.096680 0.974121
0 0 0 0
1.000000 0.000000 0.000000 0.000000
-0.004760 -5.469463 3.078064
-0.002150 0.133323 -0.991070
255 255 255 255
1.105469 0.985840
0 0 0 0
1.000000 0.000000 0.000000 0.000000
-0.010074 -5.198006 3.181535
-0.006241 0.436505 -0.899680
255 255 255 255
1.117188 0.978027
0 0 0 0
1.000000 0.000000 0.000000 0.000000
0.198012 -5.389207 3.116239
0.219463 0.220006 -0.950491
255 255 255 255
1.103516 0.975586
0 0 0 0
1.000000 0.000000 0.000000 0.000000
-0.155615 -5.578530 3.095210
-0.179376 -0.005558 -0.983765
255 255 255 255
1.105469 0.995117
0 0 0 0
1.000000 0.000000 0.000000 0.000000
-0.115681 -5.451551 3.087333
-0.124687 0.150502 -0.980715
255 255 255 255
1.109375 0.989746
0 0 0 0
1.000000 0.000000 0.000000 0.000000
-0.287955 -5.501828 3.133194
-0.334547 0.077694 -0.939171
255 255 255 255
1.113281 0.998047
0 0 0 0
1.000000 0.000000 0.000000 0.000000
-0.210544 -5.396574 3.114574
-0.229959 0.208025 -0.950707
255 255 255 255
1.114258 0.991699
0 0 0 0
1.000000 0.000000 0.000000 0.000000
-0.377728 -5.385074 3.190497
-0.448416 0.209581 -0.868907
255 255 255 255
1.121094 0.998047
0 0 0 0
1.000000 0.000000 0.000000 0.000000
-0.274884 -5.312882 3.155628
-0.303135 0.298952 -0.904841
255 255 255 255
1.119141 0.991699
0 0 0 0
1.000000 0.000000 0.000000 0.000000
-0.411285 -5.246075 3.258426
-0.491113 0.372578 -0.787397
255 255 255 255
1.127930 0.995117
0 0 0 0
1.000000 0.000000 0.000000 0.000000
-0.298924 -5.213226 3.204324
-0.328952 0.407124 -0.852080
255 255 255 255
1.125000 0.989746
0 0 0 0
1.000000 0.000000 0.000000 0.000000
-0.383443 -5.105953 3.326569
-0.462359 0.540084 -0.703230
255 255 255 255
1.133789 0.989258
0 0 0 0
1.000000 0.000000 0.000000 0.000000
-0.278957 -5.112766 3.253184
-0.307871 0.519348 -0.797178
255 255 255 255
1.128906 0.985840
0 0 0 0
1.000000 0.000000 0.000000 0.000000
-0.298440 -4.986082 3.384591
-0.362297 0.686404 -0.630547
255 255 255 255
1.136719 0.981934
0 0 0 0
1.000000 0.000000 0.000000 0.000000
-0.218030 -5.026830 3.294771
-0.240710 0.614832 -0.751026
255 255 255 255
1.130859 0.980957
0 0 0 0
1.000000 0.000000 0.000000 0.000000
-0.169193 -4.904680 3.423651
-0.205065 0.785693 -0.583639
255 255 255 255
1.136719 0.974121
0 0 0 0
1.000000 0.000000 0.000000 0.000000
-0.125375 -4.968477 3.322802
-0.138974 0.681003 -0.718973
255 255 255 255
1.130859 0.975586
0 0 0 0
1.000000 0.000000 0.000000 0.000000
-0.015163 -4.946586 3.332980
-0.012641 0.704579 -0.709513
255 255 255 255
1.128906 0.970215
0 0 0 0
1.000000 0.000000 0.000000 0.000000
-0.015387 -4.874146 3.437856
-0.015367 0.823926 -0.566489
255 255 255 255
1.133789 0.966797
0 0 0 0
1.000000 0.000000 0.000000 0.000000
0.095865 -4.964510 3.323711
0.110192 0.687060 -0.718197
255 255 255 255
1.125000 0.966309
0 0 0 0
1.000000 0.000000 0.000000 0.000000
0.139506 -4.899143 3.424985
0.175074 0.791234 -0.585916
255 255 255 255
1.127930 0.961426
0 0 0 0
1.000000 0.000000 0.000000 0.000000
0.190751 -5.019486 3.296494
0.213913 0.625311 -0.750485
255 255 255 255
1.119141 0.964355
0 0 0 0
1.000000 0.000000 0.000000 0.000000
0.255079 -5.103179 3.255415
0.286815 0.531786 -0.796832
255 255 255 255
1.114258 0.964355
0 0 0 0
1.000000 0.000000 0.000000 0.000000
0.279001 -5.202835 3.206768
0.312634 0.423194 -0.850392
255 255 255 255
1.109375 0.966309
0 0 0 0
1.000000 0.000000 0.000000 0.000000
0.258975 -5.303259 3.157896
0.286687 0.313581 -0.905250
255 255 255 255
1.105469 0.970215
0 0 0 0
1.000000 0.000000 0.000000 0.000000
0.271940 -4.975833 3.386976
0.334432 0.695276 -0.636198
255 255 255 255
1.121094 0.958008
0 0 0 0
1.000000 0.000000 0.000000 0.000000
0.361643 -5.092563 3.329662
0.433019 0.556096 -0.709403
255 255 255 255
1.113281 0.958008
0 0 0 0
1.000000 0.000000 0.000000 0.000000
0.395035 -5.231586 3.261792
0.467310 0.393971 -0.791460
255 255 255 255
1.105469 0.961426
0 0 0 0
1.000000 0.000000 0.000000 0.000000
0.367039 -5.371708 3.193626
0.431353 0.232072 -0.871824
255 255 255 255
1.099609 0.966797
0 0 0 0
1.000000 0.000000 0.000000 0.000000
-5.584039 -5.395890 -13.212001
0.997899 0.000143 0.064785
255 255 255 255
1.096680 0.981934
0 0 0 0
1.000000 0.000000 0.000000 0.000000
-5.605375 -5.461375 -13.068939
0.976808 -0.065323 0.203911
255 255 255 255
1.099609 0.989258
0 0 0 0
1.000000 0.000000 0.000000 0.000000
-5.588207 -5.285158 -13.136102
0.983411 0.115433 0.139921
255 255 255 255
1.103516 0.980957
0 0 0 0
1.000000 0.000000 0.000000 0.000000
-5.589316 -5.285181 -13.323985
0.993014 0.104661 -0.054493
255 255 255 255
1.096680 0.974121
0 0 0 0
1.000000 0.000000 0.000000 0.000000
-5.650161 -5.471671 -12.916456
0.932924 -0.081136 0.350812
255 255 255 255
1.105469 0.995117
0 0 0 0
1.000000 0.000000 0.000000 0.000000
-5.603509 -5.332106 -13.033469
0.969112 0.068700 0.236858
255 255 255 255
1.105469 0.985840
0 0 0 0
1.000000 0.000000 0.000000 0.000000
-5.693685 -5.063824 -12.983239
0.896941 0.335767 0.287678
255 255 255 255
1.117188 0.978027
0 0 0 0
1.000000 0.000000 0.000000 0.000000
-5.592009 -5.205787 -13.216347
0.979718 0.189049 0.066436
255 255 255 255
1.103516 0.975586
0 0 0 0
1.000000 0.000000 0.000000 0.000000
-5.620382 -5.146134 -13.387935
0.961132 0.244561 -0.128120
255 255 255 255
1.099609 0.966797
0 0 0 0
1.000000 0.000000 0.000000 0.000000
-5.614326 -5.106095 -13.262183
0.957779 0.286933 0.018139
255 255 255 255
1.105469 0.970215
0 0 0 0
1.000000 0.000000 0.000000 0.000000
-5.672513 -4.999885 -13.393874
0.904528 0.403271 -0.138570
255 255 255 255
1.105469 0.961426
0 0 0 0
1.000000 0.000000 0.000000 0.000000
-5.651731 -5.001278 -13.266494
0.919410 0.393122 0.011817
255 255 255 255
1.109375 0.966309
0 0 0 0
1.000000 0.000000 0.000000 0.000000
-5.737845 -4.868714 -13.341094
0.826439 0.554426 -0.098032
255 255 255 255
1.113281 0.958008
0 0 0 0
1.000000 0.000000 0.000000 0.000000
-5.698596 -4.907254 -13.228697
0.870392 0.490123 0.046882
255 255 255 255
1.114258 0.964355
0 0 0 0
1.000000 0.000000 0.000000 0.000000
-5.806530 -4.772612 -13.237518
0.742927 0.669362 0.003630
255 255 255 255
1.121094 0.958008
0 0 0 0
1.000000 0.000000 0.000000 0.000000
-5.747834 -4.838333 -13.154450
0.818591 0.562571 0.115856
255 255 255 255
1.119141 0.964355
0 0 0 0
1.000000 0.000000 0.000000 0.000000
-5.868142 -4.726184 -13.099072
0.665810 0.730064 0.153955
255 255 255 255
1.127930 0.961426
0 0 0 0
1.000000 0.000000 0.000000 0.000000
-5.791983 -4.805059 -13.055113
0.771732 0.599610 0.211892
255 255 255 255
1.125000 0.966309
0 0 0 0
1.000000 0.000000 0.000000 0.000000
-5.913283 -4.736492 -12.946648
0.611181 0.721251 0.325968
255 255 255 255
1.133789 0.966797
0 0 0 0
1.000000 0.000000 0.000000 0.000000
-5.824253 -4.812439 -12.945821
0.738542 0.592829 0.321106
255 255 255 255
1.128906 0.970215
0 0 0 0
1.000000 0.000000 0.000000 0.000000
-5.839745 -4.859398 -12.843330
0.724421 0.545354 0.421667
255 255 255 255
1.130859 0.975586
0 0 0 0
1.000000 0.000000 0.000000 0.000000
-5.935009 -4.801989 -12.803586
0.588255 0.643532 0.489717
255 255 255 255
1.136719 0.974121
0 0 0 0
1.000000 0.000000 0.000000 0.000000
-5.836050 -4.938745 -12.762957
0.729457 0.463916 0.502666
255 255 255 255
1.130859 0.980957
0 0 0 0
1.000000 0.000000 0.000000 0.000000
-5.929944 -4.912686 -12.691590
0.604048 0.509927 0.612454
255 255 255 255
1.136719 0.981934
0 0 0 0
1.000000 0.000000 0.000000 0.000000
-5.813673 -5.038437 -12.717260
0.756082 0.357908 0.547944
255 255 255 255
1.128906 0.985840
0 0 0 0
1.000000 0.000000 0.000000 0.000000
-5.898795 -5.051744 -12.627665
0.650202 0.349645 0.674526
255 255 255 255
1.133789 0.989258
0 0 0 0
1.000000 0.000000 0.000000 0.000000
-5.776114 -5.143290 -12.712844
0.797605 0.251861 0.548081
255 255 255 255
1.125000 0.989746
0 0 0 0
1.000000 0.000000 0.000000 0.000000
-5.635591 -5.339497 -12.924201
0.939099 0.063688 0.337694
255 255 255 255
1.109375 0.989746
0 0 0 0
1.000000 0.000000 0.000000 0.000000
-5.679680 -5.306211 -12.824982
0.897004 0.092124 0.432316
255 255 255 255
1.114258 0.991699
0 0 0 0
1.000000 0.000000 0.000000 0.000000
-5.729024 -5.237313 -12.750758
0.846913 0.158060 0.507696
255 255 255 255
1.119141 0.991699
0 0 0 0
1.000000 0.000000 0.000000 0.000000
-5.846322 -5.197982 -12.621713
0.717991 0.191663 0.669144
255 255 255 255
1.127930 0.995117
0 0 0 0
1.000000 0.000000 0.000000 0.000000
-5.780577 -5.329130 -12.674447
0.795276 0.053642 0.603869
255 255 255 255
1.121094 0.998047
0 0 0 0
1.000000 0.000000 0.000000 0.000000
-5.711691 -5.425256 -12.777964
0.869310 -0.040298 0.492622
255 255 255 255
1.113281 0.998047
0 0 0 0
1.000000 0.000000 0.000000 0.000000
-7.230366 -3.983047 -3.632434
0.983513 0.064809 0.168824
255 255 255 255
1.113281 0.998047
0 0 0 0
1.000000 0.000000 0.000000 0.000000
-7.269237 -3.874287 -3.526225
0.939418 0.182642 0.290063
255 255 255 255
1.121094 0.998047
0 0 0 0
1.000000 0.000000 0.000000 0.000000
-7.224179 -3.873684 -3.709904
0.978865 0.189845 0.076044
255 255 255 255
1.114258 0.991699
0 0 0 0
1.000000 0.000000 0.000000 0.000000
-7.216186 -4.048579 -3.774303
0.999929 -0.008253 0.008660
255 255 255 255
1.105469 0.995117
0 0 0 0
1.000000 0.000000 0.000000 0.000000
-7.326859 -3.738853 -3.471815
0.873875 0.330829 0.356225
255 255 255 255
1.127930 0.995117
0 0 0 0
1.000000 0.000000 0.000000 0.000000
-7.251608 -3.796557 -3.632753
0.948705 0.273927 0.157870
255 255 255 255
1.119141 0.991699
0 0 0 0
1.000000 0.000000 0.000000 0.000000
-7.318334 -3.657947 -3.879592
0.897942 0.427901 -0.102962
255 255 255 255
1.117188 0.978027
0 0 0 0
1.000000 0.000000 0.000000 0.000000
-7.214509 -3.919522 -3.812182
0.989545 0.140996 -0.030364
255 255 255 255
1.109375 0.989746
0 0 0 0
1.000000 0.000000 0.000000 0.000000
-7.228831 -4.060894 -3.930223
0.985243 -0.027818 -0.168884
255 255 255 255
1.099609 0.989258
0 0 0 0
1.000000 0.000000 0.000000 0.000000
-7.224072 -3.927090 -3.924012
0.979254 0.128802 -0.156432
255 255 255 255
1.105469 0.985840
0 0 0 0
1.000000 0.000000 0.000000 0.000000
-7.266391 -4.018139 -4.076449
0.942071 0.012801 -0.335169
255 255 255 255
1.096680 0.981934
0 0 0 0
1.000000 0.000000 0.000000 0.000000
-7.251419 -3.895221 -4.028368
0.949064 0.162114 -0.270181
255 255 255 255
1.103516 0.980957
0 0 0 0
1.000000 0.000000 0.000000 0.000000
-7.323139 -3.926807 -4.190723
0.876975 0.111380 -0.467450
255 255 255 255
1.096680 0.974121
0 0 0 0
1.000000 0.000000 0.000000 0.000000
-7.292380 -3.828768 -4.109381
0.904071 0.231298 -0.359384
255 255 255 255
1.103516 0.975586
0 0 0 0
1.000000 0.000000 0.000000 0.000000
-7.390431 -3.800807 -4.255653
0.795282 0.252872 -0.550984
255 255 255 255
1.099609 0.966797
0 0 0 0
1.000000 0.000000 0.000000 0.000000
-7.340721 -3.737861 -4.154698
0.852479 0.327225 -0.407681
255 255 255 255
1.105469 0.970215
0 0 0 0
1.000000 0.000000 0.000000 0.000000
-7.458042 -3.659328 -4.261356
0.710000 0.417441 -0.567136
255 255 255 255
1.105469 0.961426
0 0 0 0
1.000000 0.000000 0.000000 0.000000
-7.389085 -3.636327 -4.157426
0.798463 0.436359 -0.414787
255 255 255 255
1.109375 0.966309
0 0 0 0
1.000000 0.000000 0.000000 0.000000
-7.515663 -3.523895 -4.206959
0.638038 0.580416 -0.505989
255 255 255 255
1.113281 0.958008
0 0 0 0
1.000000 0.000000 0.000000 0.000000
-7.430105 -3.539634 -4.117138
0.752776 0.543501 -0.371397
255 255 255 255
1.114258 0.964355
0 0 0 0
1.000000 0.000000 0.000000 0.000000
-7.554522 -3.415135 -4.100738
0.582924 0.718922 -0.378617
255 255 255 255
1.121094 0.958008
0 0 0 0
1.000000 0.000000 0.000000 0.000000
-7.457534 -3.462495 -4.039987
0.720360 0.635014 -0.278996
255 255 255 255
1.119141 0.964355
0 0 0 0
1.000000 0.000000 0.000000 0.000000
-7.568703 -3.349602 -3.958868
0.568617 0.797793 -0.200504
255 255 255 255
1.127930 0.961426
0 0 0 0
1.000000 0.000000 0.000000 0.000000
-7.467205 -3.416658 -3.937721
0.708009 0.685556 -0.169514
255 255 255 255
1.125000 0.966309
0 0 0 0
1.000000 0.000000 0.000000 0.000000
-7.556057 -3.337275 -3.802960
0.585711 0.810466 -0.009327
255 255 255 255
1.133789 0.966797
0 0 0 0
1.000000 0.000000 0.000000 0.000000
-7.457641 -3.409101 -3.825891
0.721059 0.691471 -0.044055
255 255 255 255
1.128906 0.970215
0 0 0 0
1.000000 0.000000 0.000000 0.000000
-7.292628 -3.699852 -3.592478
0.904037 0.375715 0.203850
255 255 255 255
1.125000 0.989746
0 0 0 0
1.000000 0.000000 0.000000 0.000000
-7.340992 -3.598330 -3.595205
0.851685 0.483330 0.202543
255 255 255 255
1.128906 0.985840
0 0 0 0
1.000000 0.000000 0.000000 0.000000
-7.389333 -3.507411 -3.640523
0.799994 0.579399 0.155905
255 255 255 255
1.130859 0.980957
0 0 0 0
1.000000 0.000000 0.000000 0.000000
-7.430294 -3.440970 -3.721523
0.753783 0.653314 0.070655
255 255 255 255
1.130859 0.975586
0 0 0 0
1.000000 0.000000 0.000000 0.000000
-7.518509 -3.380042 -3.656735
0.637731 0.753179 0.161309
255 255 255 255
1.136719 0.974121
0 0 0 0
1.000000 0.000000 0.000000 0.000000
-7.461761 -3.471375 -3.542460
0.709897 0.640218 0.293541
255 255 255 255
1.136719 0.981934
0 0 0 0
1.000000 0.000000 0.000000 0.000000
-7.394458 -3.597374 -3.477518
0.793963 0.490773 0.358838
255 255 255 255
1.133789 0.989258
0 0 0 0
1.000000 0.000000 0.000000 0.000000
-6.597914 -4.921117 -13.397346
-0.934834 -0.313676 0.166408
255 255 255 255
1.105469 0.961426
0 0 0 0
1.000000 0.000000 0.000000 0.000000
-6.536798 -5.064733 -13.399247
-0.870286 -0.463543 0.166523
255 255 255 255
1.099609 0.966797
0 0 0 0
1.000000 0.000000 0.000000 0.000000
-6.611032 -4.950671 -13.524007
-0.939884 -0.340854 0.020922
255 255 255 255
1.109375 0.966309
0 0 0 0
1.000000 0.000000 0.000000 0.000000
-6.640823 -4.781692 -13.454637
-0.980141 -0.164627 0.110551
255 255 255 255
1.113281 0.958008
0 0 0 0
1.000000 0.000000 0.000000 0.000000
-6.466896 -5.190685 -13.460056
-0.794310 -0.597533 0.109664
255 255 255 255
1.096680 0.974121
0 0 0 0
1.000000 0.000000 0.000000 0.000000
-6.567285 -5.053633 -13.525352
-0.895622 -0.444287 0.021701
255 255 255 255
1.105469 0.970215
0 0 0 0
1.000000 0.000000 0.000000 0.000000
-6.544224 -4.982221 -13.808417
-0.895114 -0.373945 -0.242769
255 255 255 255
1.117188 0.978027
0 0 0 0
1.000000 0.000000 0.000000 0.000000
-6.641790 -4.850708 -13.565027
-0.969173 -0.245617 -0.019379
255 255 255 255
1.114258 0.964355
0 0 0 0
1.000000 0.000000 0.000000 0.000000
-6.658971 -4.667665 -13.562346
-0.998819 -0.048542 0.001795
255 255 255 255
1.121094 0.958008
0 0 0 0
1.000000 0.000000 0.000000 0.000000
-6.654815 -4.768975 -13.642296
-0.982914 -0.162950 -0.085599
255 255 255 255
1.119141 0.964355
0 0 0 0
1.000000 0.000000 0.000000 0.000000
-6.649678 -4.596430 -13.704144
-0.990297 0.036022 -0.134221
255 255 255 255
1.127930 0.961426
0 0 0 0
1.000000 0.000000 0.000000 0.000000
-6.648119 -4.717895 -13.743923
-0.977434 -0.113375 -0.178236
255 255 255 255
1.125000 0.966309
0 0 0 0
1.000000 0.000000 0.000000 0.000000
-6.614409 -4.578813 -13.858375
-0.955155 0.055191 -0.290918
255 255 255 255
1.133789 0.966797
0 0 0 0
1.000000 0.000000 0.000000 0.000000
-6.622839 -4.705261 -13.854515
-0.954212 -0.099468 -0.282110
255 255 255 255
1.128906 0.970215
0 0 0 0
1.000000 0.000000 0.000000 0.000000
-6.558630 -4.617507 -14.001578
-0.897102 0.016228 -0.441526
255 255 255 255
1.136719 0.974121
0 0 0 0
1.000000 0.000000 0.000000 0.000000
-6.582811 -4.732997 -13.957181
-0.915759 -0.126815 -0.381187
255 255 255 255
1.130859 0.975586
0 0 0 0
1.000000 0.000000 0.000000 0.000000
-6.490818 -4.706631 -14.112038
-0.824966 -0.074293 -0.560279
255 255 255 255
1.136719 0.981934
0 0 0 0
1.000000 0.000000 0.000000 0.000000
-6.534153 -4.796888 -14.036375
-0.869642 -0.188463 -0.456295
255 255 255 255
1.130859 0.980957
0 0 0 0
1.000000 0.000000 0.000000 0.000000
-6.421295 -4.832618 -14.172801
-0.749383 -0.208078 -0.628592
255 255 255 255
1.133789 0.989258
0 0 0 0
1.000000 0.000000 0.000000 0.000000
-6.484241 -4.887205 -14.079946
-0.818830 -0.279476 -0.501409
255 255 255 255
1.128906 0.985840
0 0 0 0
1.000000 0.000000 0.000000 0.000000
-6.360533 -4.976270 -14.174689
-0.680678 -0.366180 -0.634500
255 255 255 255
1.127930 0.995117
0 0 0 0
1.000000 0.000000 0.000000 0.000000
-6.440660 -4.990191 -14.081291
-0.775835 -0.380057 -0.503624
255 255 255 255
1.125000 0.989746
0 0 0 0
1.000000 0.000000 0.000000 0.000000
-6.317730 -5.115706 -14.117447
-0.628612 -0.523887 -0.574795
255 255 255 255
1.121094 0.998047
0 0 0 0
1.000000 0.000000 0.000000 0.000000
-6.409971 -5.090154 -14.040226
-0.742042 -0.481473 -0.466431
255 255 255 255
1.119141 0.991699
0 0 0 0
1.000000 0.000000 0.000000 0.000000
-6.299357 -5.229709 -14.009726
-0.606078 -0.649430 -0.459250
255 255 255 255
1.113281 0.998047
0 0 0 0
1.000000 0.000000 0.000000 0.000000
-6.396865 -5.171887 -13.962991
-0.729759 -0.561789 -0.389672
255 255 255 255
1.114258 0.991699
0 0 0 0
1.000000 0.000000 0.000000 0.000000
-6.517197 -5.143927 -13.568899
-0.846075 -0.532726 -0.018990
255 255 255 255
1.103516 0.975586
0 0 0 0
1.000000 0.000000 0.000000 0.000000
-6.468431 -5.207806 -13.648093
-0.796615 -0.596939 -0.095226
255 255 255 255
1.103516 0.980957
0 0 0 0
1.000000 0.000000 0.000000 0.000000
-6.428450 -5.235554 -13.750795
-0.755190 -0.627278 -0.190291
255 255 255 255
1.105469 0.985840
0 0 0 0
1.000000 0.000000 0.000000 0.000000
-6.403347 -5.222944 -13.861386
-0.735664 -0.611349 -0.291634
255 255 255 255
1.109375 0.989746
0 0 0 0
1.000000 0.000000 0.000000 0.000000
-6.308296 -5.300921 -13.867940
-0.617218 -0.724539 -0.306732
255 255 255 255
1.105469 0.995117
0 0 0 0
1.000000 0.000000 0.000000 0.000000
-6.343199 -5.318503 -13.713684
-0.655756 -0.740281 -0.148217
255 255 255 255
1.099609 0.989258
0 0 0 0
1.000000 0.000000 0.000000 0.000000
-6.398896 -5.279798 -13.570457
-0.717226 -0.696841 -0.000269
255 255 255 255
1.096680 0.981934
0 0 0 0
1.000000 0.000000 0.000000 0.000000
-8.182631 -4.122920 -4.083793
-0.742710 -0.638311 -0.202338
255 255 255 255
1.113281 0.998047
0 0 0 0
1.000000 0.000000 0.000000 0.000000
-8.242696 -4.004478 -4.164192
-0.814619 -0.495132 -0.302061
255 255 255 255
1.121094 0.998047
0 0 0 0
1.000000 0.000000 0.000000 0.000000
-8.265095 -4.058887 -3.981551
-0.807102 -0.580272 -0.108955
255 255 255 255
1.114258 0.991699
0 0 0 0
1.000000 0.000000 0.000000 0.000000
-8.131089 -4.198761 -3.958727
-0.679389 -0.732006 -0.050973
255 255 255 255
1.105469 0.995117
0 0 0 0
1.000000 0.000000 0.000000 0.000000
-8.302206 -3.861499 -4.187961
-0.884558 -0.321281 -0.338136
255 255 255 255
1.127930 0.995117
0 0 0 0
1.000000 0.000000 0.000000 0.000000
-8.306882 -3.976517 -4.037613
-0.861862 -0.469636 -0.191407
255 255 255 255
1.119141 0.991699
0 0 0 0
1.000000 0.000000 0.000000 0.000000
-8.349744 -3.880745 -3.768825
-0.918984 -0.360185 0.160423
255 255 255 255
1.117188 0.978027
0 0 0 0
1.000000 0.000000 0.000000 0.000000
-8.229271 -4.111632 -3.894741
-0.758341 -0.651837 0.005304
255 255 255 255
1.109375 0.989746
0 0 0 0
1.000000 0.000000 0.000000 0.000000
-8.095902 -4.220487 -3.808439
-0.632329 -0.763514 0.131175
255 255 255 255
1.099609 0.989258
0 0 0 0
1.000000 0.000000 0.000000 0.000000
-8.204852 -4.126746 -3.790114
-0.723333 -0.674746 0.146655
255 255 255 255
1.105469 0.985840
0 0 0 0
1.000000 0.000000 0.000000 0.000000
-8.082561 -4.184768 -3.655743
-0.610612 -0.726951 0.314157
255 255 255 255
1.096680 0.981934
0 0 0 0
1.000000 0.000000 0.000000 0.000000
-8.195595 -4.101902 -3.683845
-0.709941 -0.644010 0.285017
255 255 255 255
1.103516 0.980957
0 0 0 0
1.000000 0.000000 0.000000 0.000000
-8.093069 -4.097049 -3.523556
-0.617223 -0.627964 0.474023
255 255 255 255
1.096680 0.974121
0 0 0 0
1.000000 0.000000 0.000000 0.000000
-8.202951 -4.040904 -3.592135
-0.715830 -0.568889 0.404911
255 255 255 255
1.103516 0.975586
0 0 0 0
1.000000 0.000000 0.000000 0.000000
-8.125918 -3.970696 -3.432425
-0.652988 -0.479545 0.586211
255 255 255 255
1.099609 0.966797
0 0 0 0
1.000000 0.000000 0.000000 0.000000
-8.225835 -3.953032 -3.528681
-0.743724 -0.457957 0.486980
255 255 255 255
1.105469 0.970215
0 0 0 0
1.000000 0.000000 0.000000 0.000000
-8.176160 -3.824954 -3.395892
-0.713251 -0.299919 0.633499
255 255 255 255
1.105469 0.961426
0 0 0 0
1.000000 0.000000 0.000000 0.000000
-8.260750 -3.851651 -3.503247
-0.789949 -0.324227 0.520440
255 255 255 255
1.109375 0.966309
0 0 0 0
1.000000 0.000000 0.000000 0.000000
-8.236095 -3.681987 -3.419672
-0.786885 -0.122886 0.604741
255 255 255 255
1.113281 0.958008
0 0 0 0
1.000000 0.000000 0.000000 0.000000
-8.302383 -3.752231 -3.519778
-0.846427 -0.190224 0.497369
255 255 255 255
1.114258 0.964355
0 0 0 0
1.000000 0.000000 0.000000 0.000000
-8.296444 -3.563580 -3.500212
-0.864908 0.031038 0.500970
255 255 255 255
1.121094 0.958008
0 0 0 0
1.000000 0.000000 0.000000 0.000000
-8.344348 -3.669873 -3.575781
-0.905104 -0.077049 0.418151
255 255 255 255
1.119141 0.964355
0 0 0 0
1.000000 0.000000 0.000000 0.000000
-8.348020 -3.487728 -3.625055
-0.931746 0.129043 0.339407
255 255 255 255
1.127930 0.961426
0 0 0 0
1.000000 0.000000 0.000000 0.000000
-8.380184 -3.617116 -3.662615
-0.955143 -0.002564 0.296132
255 255 255 255
1.125000 0.966309
0 0 0 0
1.000000 0.000000 0.000000 0.000000
-8.382947 -3.466002 -3.775295
-0.976283 0.159044 0.146892
255 255 255 255
1.133789 0.966797
0 0 0 0
1.000000 0.000000 0.000000 0.000000
-8.404484 -3.602002 -3.767148
-0.988271 0.019041 0.151517
255 255 255 255
1.128906 0.970215
0 0 0 0
1.000000 0.000000 0.000000 0.000000
-8.348303 -3.877073 -4.054085
-0.918437 -0.335906 -0.208904
255 255 255 255
1.125000 0.989746
0 0 0 0
1.000000 0.000000 0.000000 0.000000
-8.383112 -3.775705 -4.028758
-0.961839 -0.202882 -0.183587
255 255 255 255
1.128906 0.985840
0 0 0 0
1.000000 0.000000 0.000000 0.000000
-8.406019 -3.687832 -3.965327
-0.990780 -0.086257 -0.104473
255 255 255 255
1.130859 0.980957
0 0 0 0
1.000000 0.000000 0.000000 0.000000
-8.413528 -3.626834 -3.873452
-0.999869 -0.011233 0.011672
255 255 255 255
1.130859 0.975586
0 0 0 0
1.000000 0.000000 0.000000 0.000000
-8.395959 -3.501708 -3.928192
-0.991835 0.120022 -0.043105
255 255 255 255
1.136719 0.974121
0 0 0 0
1.000000 0.000000 0.000000 0.000000
-8.385143 -3.589404 -4.060332
-0.979639 0.011199 -0.200452
255 255 255 255
1.136719 0.981934
0 0 0 0
1.000000 0.000000 0.000000 0.000000
-8.352223 -3.715745 -4.151451
-0.941614 -0.143958 -0.304368
255 255 255 255
1.133789 0.989258
0 0 0 0
1.000000 0.000000 0.000000 0.000000
6.039515 -4.948534 -12.824533
-0.990847 -0.107449 0.081717
255 255 255 255
1.096680 0.981934
0 0 0 0
1.000000 0.000000 0.000000 0.000000
6.034390 -4.840718 -12.744595
-0.986434 0.007645 0.163977
255 255 255 255
1.103516 0.980957
0 0 0 0
1.000000 0.000000 0.000000 0.000000
6.071230 -5.016487 -12.684708
-0.960242 -0.173150 0.218986
255 255 255 255
1.099609 0.989258
0 0 0 0
1.000000 0.000000 0.000000 0.000000
6.030482 -4.834000 -12.932384
-0.999787 0.004258 -0.020204
255 255 255 255
1.096680 0.974121
0 0 0 0
1.000000 0.000000 0.000000 0.000000
6.057120 -4.889425 -12.644395
-0.965248 -0.040008 0.258255
255 255 255 255
1.105469 0.985840
0 0 0 0
1.000000 0.000000 0.000000 0.000000
6.120775 -4.615228 -12.585960
-0.920227 0.230359 0.316413
255 255 255 255
1.117188 0.978027
0 0 0 0
1.000000 0.000000 0.000000 0.000000
6.027920 -4.758596 -12.822030
-0.992092 0.085939 0.091479
255 255 255 255
1.103516 0.975586
0 0 0 0
1.000000 0.000000 0.000000 0.000000
6.120882 -5.027492 -12.533747
-0.912031 -0.187463 0.364771
255 255 255 255
1.105469 0.995117
0 0 0 0
1.000000 0.000000 0.000000 0.000000
6.092708 -4.897313 -12.536143
-0.932578 -0.046149 0.358005
255 255 255 255
1.109375 0.989746
0 0 0 0
1.000000 0.000000 0.000000 0.000000
6.181029 -4.979895 -12.394994
-0.850233 -0.144133 0.506290
255 255 255 255
1.113281 0.998047
0 0 0 0
1.000000 0.000000 0.000000 0.000000
6.135795 -4.863188 -12.436675
-0.890813 -0.014182 0.454148
255 255 255 255
1.114258 0.991699
0 0 0 0
1.000000 0.000000 0.000000 0.000000
6.242488 -4.880888 -12.289564
-0.781816 -0.048116 0.621650
255 255 255 255
1.121094 0.998047
0 0 0 0
1.000000 0.000000 0.000000 0.000000
6.179825 -4.792248 -12.360989
-0.847896 0.053502 0.527457
255 255 255 255
1.119141 0.991699
0 0 0 0
1.000000 0.000000 0.000000 0.000000
6.295883 -4.745620 -12.233359
-0.719061 0.094275 0.688523
255 255 255 255
1.127930 0.995117
0 0 0 0
1.000000 0.000000 0.000000 0.000000
6.218046 -4.695248 -12.320843
-0.807137 0.151560 0.570578
255 255 255 255
1.125000 0.989746
0 0 0 0
1.000000 0.000000 0.000000 0.000000
6.332983 -4.594624 -12.235106
-0.666374 0.260650 0.698575
255 255 255 255
1.133789 0.989258
0 0 0 0
1.000000 0.000000 0.000000 0.000000
6.244590 -4.587008 -12.322059
-0.777188 0.259687 0.573185
255 255 255 255
1.128906 0.985840
0 0 0 0
1.000000 0.000000 0.000000 0.000000
6.348061 -4.450936 -12.294429
-0.638632 0.425126 0.641418
255 255 255 255
1.136719 0.981934
0 0 0 0
1.000000 0.000000 0.000000 0.000000
6.255453 -4.483998 -12.364425
-0.761904 0.368606 0.532571
255 255 255 255
1.130859 0.980957
0 0 0 0
1.000000 0.000000 0.000000 0.000000
6.338815 -4.336426 -12.402232
-0.639358 0.564181 0.522419
255 255 255 255
1.136719 0.974121
0 0 0 0
1.000000 0.000000 0.000000 0.000000
6.248877 -4.401899 -12.441834
-0.766797 0.452516 0.455249
255 255 255 255
1.130859 0.975586
0 0 0 0
1.000000 0.000000 0.000000 0.000000
6.306698 -4.268508 -12.542295
-0.674981 0.642513 0.362737
255 255 255 255
1.133789 0.966797
0 0 0 0
1.000000 0.000000 0.000000 0.000000
6.225934 -4.353204 -12.542307
-0.786807 0.503991 0.356270
255 255 255 255
1.128906 0.970215
0 0 0 0
1.000000 0.000000 0.000000 0.000000
6.190180 -4.345341 -12.650311
-0.824323 0.508753 0.248317
255 255 255 255
1.125000 0.966309
0 0 0 0
1.000000 0.000000 0.000000 0.000000
6.256693 -4.257539 -12.693007
-0.733501 0.652042 0.191879
255 255 255 255
1.127930 0.961426
0 0 0 0
1.000000 0.000000 0.000000 0.000000
6.147024 -4.379453 -12.749803
-0.869170 0.471233 0.149942
255 255 255 255
1.119141 0.964355
0 0 0 0
1.000000 0.000000 0.000000 0.000000
6.103123 -4.450417 -12.825466
-0.915728 0.393990 0.078827
255 255 255 255
1.114258 0.964355
0 0 0 0
1.000000 0.000000 0.000000 0.000000
6.065114 -4.547381 -12.865612
-0.954265 0.295908 0.042616
255 255 255 255
1.109375 0.966309
0 0 0 0
1.000000 0.000000 0.000000 0.000000
6.038724 -4.655586 -12.864442
-0.980967 0.188559 0.046369
255 255 255 255
1.105469 0.970215
0 0 0 0
1.000000 0.000000 0.000000 0.000000
6.196474 -4.305159 -12.831641
-0.807840 0.588045 0.039963
255 255 255 255
1.121094 0.958008
0 0 0 0
1.000000 0.000000 0.000000 0.000000
6.135216 -4.404107 -12.937165
-0.881527 0.467606 -0.065238
255 255 255 255
1.113281 0.958008
0 0 0 0
1.000000 0.000000 0.000000 0.000000
6.082235 -4.539375 -12.993252
-0.944200 0.310832 -0.108948
255 255 255 255
1.105469 0.961426
0 0 0 0
1.000000 0.000000 0.000000 0.000000
6.045478 -4.690324 -12.991741
-0.984515 0.148906 -0.092507
255 255 255 255
1.099609 0.966797
0 0 0 0
1.000000 0.000000 0.000000 0.000000
7.336690 -3.845110 -3.849801
-0.992786 0.011674 -0.119330
255 255 255 255
1.099609 0.989258
0 0 0 0
1.000000 0.000000 0.000000 0.000000
7.336856 -3.711471 -3.837580
-0.980185 0.166768 -0.106887
255 255 255 255
1.105469 0.985840
0 0 0 0
1.000000 0.000000 0.000000 0.000000
7.331413 -3.830256 -3.693055
-0.998367 0.029900 0.048686
255 255 255 255
1.105469 0.995117
0 0 0 0
1.000000 0.000000 0.000000 0.000000
7.369185 -3.805826 -3.996558
-0.955611 0.056404 -0.289184
255 255 255 255
1.096680 0.981934
0 0 0 0
1.000000 0.000000 0.000000 0.000000
7.333089 -3.700844 -3.725231
-0.983329 0.181645 0.008370
255 255 255 255
1.109375 0.989746
0 0 0 0
1.000000 0.000000 0.000000 0.000000
7.443231 -3.445693 -3.794235
-0.883589 0.462083 -0.075833
255 255 255 255
1.117188 0.978027
0 0 0 0
1.000000 0.000000 0.000000 0.000000
7.360176 -3.683322 -3.942775
-0.955352 0.197926 -0.219382
255 255 255 255
1.103516 0.980957
0 0 0 0
1.000000 0.000000 0.000000 0.000000
7.354308 -3.763602 -3.550088
-0.974276 0.096034 0.203873
255 255 255 255
1.113281 0.998047
0 0 0 0
1.000000 0.000000 0.000000 0.000000
7.349490 -3.653059 -3.622740
-0.967336 0.225719 0.115375
255 255 255 255
1.114258 0.991699
0 0 0 0
1.000000 0.000000 0.000000 0.000000
7.401940 -3.655231 -3.442839
-0.922097 0.211186 0.324248
255 255 255 255
1.121094 0.998047
0 0 0 0
1.000000 0.000000 0.000000 0.000000
7.383614 -3.575376 -3.545837
-0.932652 0.306151 0.190870
255 255 255 255
1.119141 0.991699
0 0 0 0
1.000000 0.000000 0.000000 0.000000
7.467094 -3.521687 -3.387508
-0.848486 0.359666 0.388216
255 255 255 255
1.127930 0.995117
0 0 0 0
1.000000 0.000000 0.000000 0.000000
7.430278 -3.479628 -3.506211
-0.883670 0.406109 0.232814
255 255 255 255
1.125000 0.989746
0 0 0 0
1.000000 0.000000 0.000000 0.000000
7.539805 -3.383278 -3.392562
-0.763759 0.517723 0.385533
255 255 255 255
1.133789 0.989258
0 0 0 0
1.000000 0.000000 0.000000 0.000000
7.482338 -3.380397 -3.509824
-0.826361 0.514440 0.229084
255 255 255 255
1.128906 0.985840
0 0 0 0
1.000000 0.000000 0.000000 0.000000
7.608857 -3.261080 -3.457197
-0.676748 0.666937 0.311780
255 255 255 255
1.136719 0.981934
0 0 0 0
1.000000 0.000000 0.000000 0.000000
7.531824 -3.292796 -3.556157
-0.769801 0.612787 0.178601
255 255 255 255
1.130859 0.980957
0 0 0 0
1.000000 0.000000 0.000000 0.000000
7.663668 -3.173692 -3.571649
-0.601130 0.779441 0.176392
255 255 255 255
1.136719 0.974121
0 0 0 0
1.000000 0.000000 0.000000 0.000000
7.571155 -3.230156 -3.638197
-0.721952 0.686722 0.084836
255 255 255 255
1.130859 0.975586
0 0 0 0
1.000000 0.000000 0.000000 0.000000
7.695868 -3.134420 -3.718429
-0.553369 0.832936 -0.000184
255 255 255 255
1.133789 0.966797
0 0 0 0
1.000000 0.000000 0.000000 0.000000
7.594310 -3.201995 -3.743403
-0.691858 0.721301 -0.032535
255 255 255 255
1.128906 0.970215
0 0 0 0
1.000000 0.000000 0.000000 0.000000
7.700626 -3.149262 -3.875164
-0.537839 0.821291 -0.190291
255 255 255 255
1.127930 0.961426
0 0 0 0
1.000000 0.000000 0.000000 0.000000
7.597828 -3.212646 -3.855776
-0.685131 0.711352 -0.156763
255 255 255 255
1.125000 0.966309
0 0 0 0
1.000000 0.000000 0.000000 0.000000
7.677306 -3.215916 -4.018095
-0.568681 0.742487 -0.353999
255 255 255 255
1.121094 0.958008
0 0 0 0
1.000000 0.000000 0.000000 0.000000
7.581192 -3.260419 -3.958219
-0.702954 0.660562 -0.263653
255 255 255 255
1.119141 0.964355
0 0 0 0
1.000000 0.000000 0.000000 0.000000
7.547032 -3.338101 -4.035134
-0.742772 0.578355 -0.337335
255 255 255 255
1.114258 0.964355
0 0 0 0
1.000000 0.000000 0.000000 0.000000
7.500522 -3.433850 -4.074808
-0.796088 0.473578 -0.376786
255 255 255 255
1.109375 0.966309
0 0 0 0
1.000000 0.000000 0.000000 0.000000
7.448698 -3.533057 -4.071183
-0.855718 0.363410 -0.368347
255 255 255 255
1.105469 0.970215
0 0 0 0
1.000000 0.000000 0.000000 0.000000
7.399425 -3.620658 -4.024849
-0.911658 0.268994 -0.310680
255 255 255 255
1.103516 0.975586
0 0 0 0
1.000000 0.000000 0.000000 0.000000
7.629568 -3.324251 -4.125356
-0.630380 0.611296 -0.478475
255 255 255 255
1.113281 0.958008
0 0 0 0
1.000000 0.000000 0.000000 0.000000
7.564720 -3.457819 -4.180687
-0.715568 0.453119 -0.531644
255 255 255 255
1.105469 0.961426
0 0 0 0
1.000000 0.000000 0.000000 0.000000
7.492540 -3.596240 -4.175645
-0.807716 0.290364 -0.513112
255 255 255 255
1.099609 0.966797
0 0 0 0
1.000000 0.000000 0.000000 0.000000
7.423902 -3.718438 -4.110986
-0.893005 0.155999 -0.422145
255 255 255 255
1.096680 0.974121
0 0 0 0
1.000000 0.000000 0.000000 0.000000
6.534586 -5.133300 -13.409331
0.963290 -0.236971 0.126161
255 255 255 255
1.105469 0.961426
0 0 0 0
1.000000 0.000000 0.000000 0.000000
6.547126 -5.150492 -13.538294
0.966898 -0.254412 -0.019586
255 255 255 255
1.109375 0.966309
0 0 0 0
1.000000 0.000000 0.000000 0.000000
6.486895 -5.281309 -13.422756
0.912829 -0.391643 0.115581
255 255 255 255
1.099609 0.966797
0 0 0 0
1.000000 0.000000 0.000000 0.000000
6.563030 -4.986047 -13.454872
0.993036 -0.084271 0.082328
255 255 255 255
1.113281 0.958008
0 0 0 0
1.000000 0.000000 0.000000 0.000000
6.513002 -5.256608 -13.547906
0.933425 -0.357773 -0.026756
255 255 255 255
1.105469 0.970215
0 0 0 0
1.000000 0.000000 0.000000 0.000000
6.476244 -5.163622 -13.823165
0.917202 -0.266984 -0.295737
255 255 255 255
1.117188 0.978027
0 0 0 0
1.000000 0.000000 0.000000 0.000000
6.567505 -5.044943 -13.570918
0.987493 -0.149391 -0.050408
255 255 255 255
1.114258 0.964355
0 0 0 0
1.000000 0.000000 0.000000 0.000000
6.427325 -5.407568 -13.493142
0.848261 -0.527345 0.048579
255 255 255 255
1.096680 0.974121
0 0 0 0
1.000000 0.000000 0.000000 0.000000
6.470329 -5.347112 -13.598359
0.890987 -0.447811 -0.074877
255 255 255 255
1.103516 0.975586
0 0 0 0
1.000000 0.000000 0.000000 0.000000
6.365005 -5.492842 -13.609753
0.778283 -0.623989 -0.070099
255 255 255 255
1.096680 0.981934
0 0 0 0
1.000000 0.000000 0.000000 0.000000
6.425613 -5.408264 -13.681993
0.845354 -0.511637 -0.153637
255 255 255 255
1.103516 0.980957
0 0 0 0
1.000000 0.000000 0.000000 0.000000
6.309438 -5.524157 -13.754799
0.716415 -0.663262 -0.216412
255 255 255 255
1.099609 0.989258
0 0 0 0
1.000000 0.000000 0.000000 0.000000
6.385750 -5.430711 -13.785958
0.806536 -0.532607 -0.256573
255 255 255 255
1.105469 0.985840
0 0 0 0
1.000000 0.000000 0.000000 0.000000
6.269138 -5.496739 -13.906280
0.671113 -0.634401 -0.383592
255 255 255 255
1.105469 0.995117
0 0 0 0
1.000000 0.000000 0.000000 0.000000
6.356763 -5.411051 -13.894554
0.777969 -0.513829 -0.361586
255 255 255 255
1.109375 0.989746
0 0 0 0
1.000000 0.000000 0.000000 0.000000
6.250081 -5.414758 -14.041087
0.649904 -0.546508 -0.528160
255 255 255 255
1.113281 0.998047
0 0 0 0
1.000000 0.000000 0.000000 0.000000
6.343019 -5.352284 -13.991163
0.764704 -0.456418 -0.454874
255 255 255 255
1.114258 0.991699
0 0 0 0
1.000000 0.000000 0.000000 0.000000
6.346584 -5.263350 -14.061135
0.768043 -0.368225 -0.523946
255 255 255 255
1.119141 0.991699
0 0 0 0
1.000000 0.000000 0.000000 0.000000
6.255135 -5.290708 -14.138689
0.656477 -0.412367 -0.631658
255 255 255 255
1.121094 0.998047
0 0 0 0
1.000000 0.000000 0.000000 0.000000
6.366894 -5.157789 -14.093796
0.791097 -0.261933 -0.552772
255 255 255 255
1.125000 0.989746
0 0 0 0
1.000000 0.000000 0.000000 0.000000
6.283461 -5.143478 -14.184184
0.687817 -0.247583 -0.682357
255 255 255 255
1.127930 0.995117
0 0 0 0
1.000000 0.000000 0.000000 0.000000
6.400853 -5.051685 -14.084161
0.823956 -0.154482 -0.545190
255 255 255 255
1.128906 0.985840
0 0 0 0
1.000000 0.000000 0.000000 0.000000
6.330798 -4.995458 -14.170746
0.743303 -0.084165 -0.663639
255 255 255 255
1.133789 0.989258
0 0 0 0
1.000000 0.000000 0.000000 0.000000
6.443348 -4.961168 -14.033719
0.868828 -0.066252 -0.490662
255 255 255 255
1.130859 0.980957
0 0 0 0
1.000000 0.000000 0.000000 0.000000
6.487946 -4.900028 -13.950098
0.911984 -0.006407 -0.410176
255 255 255 255
1.130859 0.975586
0 0 0 0
1.000000 0.000000 0.000000 0.000000
6.527868 -4.877582 -13.846131
0.948931 0.016314 -0.315063
255 255 255 255
1.128906 0.970215
0 0 0 0
1.000000 0.000000 0.000000 0.000000
6.557033 -4.897242 -13.737524
0.976916 -0.005262 -0.213559
255 255 255 255
1.125000 0.966309
0 0 0 0
1.000000 0.000000 0.000000 0.000000
6.570989 -4.956008 -13.640914
0.990963 -0.060796 -0.119569
255 255 255 255
1.119141 0.964355
0 0 0 0
1.000000 0.000000 0.000000 0.000000
6.389989 -4.869198 -14.100385
0.810103 0.049739 -0.584173
255 255 255 255
1.136719 0.981934
0 0 0 0
1.000000 0.000000 0.000000 0.000000
6.452133 -4.783924 -13.983749
0.876016 0.140810 -0.461269
255 255 255 255
1.136719 0.974121
0 0 0 0
1.000000 0.000000 0.000000 0.000000
6.507771 -4.752610 -13.838693
0.935133 0.170841 -0.310387
255 255 255 255
1.133789 0.966797
0 0 0 0
1.000000 0.000000 0.000000 0.000000
6.548448 -4.780027 -13.687270
0.978096 0.139323 -0.154654
255 255 255 255
1.127930 0.961426
0 0 0 0
1.000000 0.000000 0.000000 0.000000
6.567872 -4.862008 -13.552440
0.998511 0.051054 -0.019209
255 255 255 255
1.121094 0.958008
0 0 0 0
1.000000 0.000000 0.000000 0.000000
7.943723 -4.605179 -4.046457
0.775641 -0.586283 -0.233779
255 255 255 255
1.113281 0.998047
0 0 0 0
1.000000 0.000000 0.000000 0.000000
8.018158 -4.542882 -3.954417
0.854894 -0.505021 -0.118786
255 255 255 255
1.114258 0.991699
0 0 0 0
1.000000 0.000000 0.000000 0.000000
7.992571 -4.482911 -4.128768
0.832587 -0.442437 -0.333238
255 255 255 255
1.121094 0.998047
0 0 0 0
1.000000 0.000000 0.000000 0.000000
7.904002 -4.685011 -3.919703
0.728145 -0.680057 -0.085602
255 255 255 255
1.105469 0.995117
0 0 0 0
1.000000 0.000000 0.000000 0.000000
8.053192 -4.455223 -4.013420
0.893258 -0.408866 -0.186866
255 255 255 255
1.119141 0.991699
0 0 0 0
1.000000 0.000000 0.000000 0.000000
8.084718 -4.352803 -3.740852
0.942941 -0.316579 0.103151
255 255 255 255
1.117188 0.978027
0 0 0 0
1.000000 0.000000 0.000000 0.000000
7.989738 -4.600102 -3.863533
0.823183 -0.567351 -0.021971
255 255 255 255
1.109375 0.989746
0 0 0 0
1.000000 0.000000 0.000000 0.000000
8.043202 -4.336804 -4.154108
0.887124 -0.277097 -0.369090
255 255 255 255
1.127930 0.995117
0 0 0 0
1.000000 0.000000 0.000000 0.000000
8.089523 -4.350477 -4.031615
0.932089 -0.290010 -0.217035
255 255 255 255
1.125000 0.989746
0 0 0 0
1.000000 0.000000 0.000000 0.000000
8.088000 -4.189114 -4.118697
0.933945 -0.106966 -0.341035
255 255 255 255
1.133789 0.989258
0 0 0 0
1.000000 0.000000 0.000000 0.000000
8.121699 -4.244586 -4.006194
0.964766 -0.183193 -0.188855
255 255 255 255
1.128906 0.985840
0 0 0 0
1.000000 0.000000 0.000000 0.000000
8.120176 -4.062311 -4.027849
0.968875 0.036607 -0.244828
255 255 255 255
1.136719 0.981934
0 0 0 0
1.000000 0.000000 0.000000 0.000000
8.144784 -4.153691 -3.941074
0.988497 -0.088771 -0.122444
255 255 255 255
1.130859 0.980957
0 0 0 0
1.000000 0.000000 0.000000 0.000000
8.134841 -3.975714 -3.895414
0.985912 0.138540 -0.093720
255 255 255 255
1.136719 0.974121
0 0 0 0
1.000000 0.000000 0.000000 0.000000
8.155304 -4.091606 -3.846141
0.999443 -0.022246 -0.024868
255 255 255 255
1.130859 0.975586
0 0 0 0
1.000000 0.000000 0.000000 0.000000
8.129669 -3.942499 -3.741537
0.980094 0.179042 0.085791
255 255 255 255
1.133789 0.966797
0 0 0 0
1.000000 0.000000 0.000000 0.000000
8.151620 -4.067790 -3.735846
0.995075 -0.001097 0.099123
255 255 255 255
1.128906 0.970215
0 0 0 0
1.000000 0.000000 0.000000 0.000000
8.105370 -3.967721 -3.589738
0.950235 0.142995 0.276777
255 255 255 255
1.127930 0.961426
0 0 0 0
1.000000 0.000000 0.000000 0.000000
8.134215 -4.085879 -3.626979
0.975473 -0.020428 0.219169
255 255 255 255
1.125000 0.966309
0 0 0 0
1.000000 0.000000 0.000000 0.000000
8.065625 -4.047552 -3.462983
0.900688 0.048585 0.431743
255 255 255 255
1.121094 0.958008
0 0 0 0
1.000000 0.000000 0.000000 0.000000
8.105795 -4.143111 -3.536131
0.942615 -0.083629 0.323239
255 255 255 255
1.119141 0.964355
0 0 0 0
1.000000 0.000000 0.000000 0.000000
8.016494 -4.169820 -3.380672
0.839277 -0.097814 0.534834
255 255 255 255
1.113281 0.958008
0 0 0 0
1.000000 0.000000 0.000000 0.000000
8.070596 -4.230771 -3.477129
0.901531 -0.182275 0.392451
255 255 255 255
1.114258 0.964355
0 0 0 0
1.000000 0.000000 0.000000 0.000000
7.965449 -4.315928 -3.355297
0.775481 -0.273055 0.569271
255 255 255 255
1.105469 0.961426
0 0 0 0
1.000000 0.000000 0.000000 0.000000
8.034052 -4.335505 -3.458933
0.860835 -0.297430 0.412914
255 255 255 255
1.109375 0.966309
0 0 0 0
1.000000 0.000000 0.000000 0.000000
8.001817 -4.441396 -3.484308
0.825933 -0.409633 0.387344
255 255 255 255
1.105469 0.970215
0 0 0 0
1.000000 0.000000 0.000000 0.000000
7.978745 -4.532291 -3.549462
0.802185 -0.505278 0.318110
255 255 255 255
1.103516 0.975586
0 0 0 0
1.000000 0.000000 0.000000 0.000000
7.968365 -4.594388 -3.644396
0.793827 -0.568146 0.216906
255 255 255 255
1.103516 0.980957
0 0 0 0
1.000000 0.000000 0.000000 0.000000
7.972250 -4.618192 -3.754703
0.801614 -0.589749 0.098037
255 255 255 255
1.105469 0.985840
0 0 0 0
1.000000 0.000000 0.000000 0.000000
7.920403 -4.463618 -3.390720
0.724076 -0.447076 0.525202
255 255 255 255
1.099609 0.966797
0 0 0 0
1.000000 0.000000 0.000000 0.000000
7.888298 -4.590420 -3.481568
0.691420 -0.588577 0.418946
255 255 255 255
1.096680 0.974121
0 0 0 0
1.000000 0.000000 0.000000 0.000000
7.873952 -4.677029 -3.614003
0.681201 -0.683060 0.263430
255 255 255 255
1.096680 0.981934
0 0 0 0
1.000000 0.000000 0.000000 0.000000
7.879466 -4.710244 -3.767844
0.693551 -0.715170 0.086709
255 255 255 255
1.099609 0.989258
0 0 0 0
1.000000 0.000000 0.000000 0.000000
-0.120203 -6.436074 3.858987
-0.183657 -0.737762 0.649598
255 255 255 255
0.096985 0.981934
0 0 0 0
1.000000 0.000000 0.000000 0.000000
-0.082077 -6.356289 3.960072
-0.135261 -0.630033 0.764698
255 255 255 255
0.103088 0.980957
0 0 0 0
1.000000 0.000000 0.000000 0.000000
0.035433 -6.459346 3.853980
-0.004839 -0.764151 0.645019
255 255 255 255
0.099976 0.989258
0 0 0 0
1.000000 0.000000 0.000000 0.000000
-0.255188 -6.359159 3.886369
-0.341354 -0.648473 0.680412
255 255 255 255
0.096985 0.974121
0 0 0 0
1.000000 0.000000 0.000000 0.000000
0.029553 -6.372962 3.956518
-0.013532 -0.649356 0.760364
255 255 255 255
0.105164 0.985840
0 0 0 0
1.000000 0.000000 0.000000 0.000000
0.014900 -6.114835 4.089071
-0.030049 -0.376191 0.926055
255 255 255 255
0.116821 0.978027
0 0 0 0
1.000000 0.000000 0.000000 0.000000
-0.178864 -6.301136 3.979709
-0.241150 -0.569799 0.785606
255 255 255 255
0.103088 0.975586
0 0 0 0
1.000000 0.000000 0.000000 0.000000
0.188094 -6.425435 3.872176
0.171655 -0.729342 0.662265
255 255 255 255
0.105591 0.995117
0 0 0 0
1.000000 0.000000 0.000000 0.000000
0.139010 -6.348650 3.969553
0.106316 -0.623093 0.774888
255 255 255 255
0.109070 0.989746
0 0 0 0
1.000000 0.000000 0.000000 0.000000
0.314566 -6.339499 3.910763
0.323829 -0.632370 0.703735
255 255 255 255
0.112915 0.998047
0 0 0 0
1.000000 0.000000 0.000000 0.000000
0.229692 -6.287037 3.997183
0.209634 -0.555270 0.804816
255 255 255 255
0.114136 0.991699
0 0 0 0
1.000000 0.000000 0.000000 0.000000
0.395554 -6.214610 3.963874
0.424731 -0.486696 0.763368
255 255 255 255
0.120789 0.998047
0 0 0 0
1.000000 0.000000 0.000000 0.000000
0.287774 -6.197512 4.035252
0.275624 -0.458614 0.844811
255 255 255 255
0.119629 0.991699
0 0 0 0
1.000000 0.000000 0.000000 0.000000
0.418768 -6.069801 4.023396
0.458741 -0.316152 0.830424
255 255 255 255
0.128052 0.995117
0 0 0 0
1.000000 0.000000 0.000000 0.000000
0.304411 -6.093688 4.077948
0.294542 -0.345102 0.891151
255 255 255 255
0.124634 0.989746
0 0 0 0
1.000000 0.000000 0.000000 0.000000
0.380641 -5.927105 4.080344
0.418170 -0.141639 0.897259
255 255 255 255
0.133667 0.989258
0 0 0 0
1.000000 0.000000 0.000000 0.000000
0.277053 -5.991398 4.118778
0.265623 -0.229450 0.936374
255 255 255 255
0.128540 0.985840
0 0 0 0
1.000000 0.000000 0.000000 0.000000
0.286948 -5.808249 4.125969
0.307726 0.004549 0.951464
255 255 255 255
0.136719 0.981934
0 0 0 0
1.000000 0.000000 0.000000 0.000000
0.209879 -5.906194 4.151474
0.191711 -0.134250 0.972226
255 255 255 255
0.130615 0.980957
0 0 0 0
1.000000 0.000000 0.000000 0.000000
0.151927 -5.731333 4.153375
0.140706 0.100336 0.984954
255 255 255 255
0.136719 0.974121
0 0 0 0
1.000000 0.000000 0.000000 0.000000
0.113068 -5.851053 4.171098
0.084969 -0.073917 0.993638
255 255 255 255
0.130615 0.975586
0 0 0 0
1.000000 0.000000 0.000000 0.000000
0.001415 -5.834368 4.174688
-0.042828 -0.056778 0.997468
255 255 255 255
0.128540 0.970215
0 0 0 0
1.000000 0.000000 0.000000 0.000000
-0.003816 -5.708072 4.158311
-0.048269 0.126478 0.990794
255 255 255 255
0.133667 0.966797
0 0 0 0
1.000000 0.000000 0.000000 0.000000
-0.108112 -5.858680 4.161593
-0.165575 -0.084427 0.982577
255 255 255 255
0.124634 0.966309
0 0 0 0
1.000000 0.000000 0.000000 0.000000
-0.156571 -5.741996 4.140162
-0.234310 0.083199 0.968595
255 255 255 255
0.128052 0.961426
0 0 0 0
1.000000 0.000000 0.000000 0.000000
-0.198831 -5.920304 4.133987
-0.266042 -0.154199 0.951548
255 255 255 255
0.119568 0.964355
0 0 0 0
1.000000 0.000000 0.000000 0.000000
-0.256877 -6.009830 4.095907
-0.329612 -0.252991 0.909589
255 255 255 255
0.114075 0.964355
0 0 0 0
1.000000 0.000000 0.000000 0.000000
-0.273455 -6.113643 4.053211
-0.346276 -0.366074 0.863761
255 255 255 255
0.109009 0.966309
0 0 0 0
1.000000 0.000000 0.000000 0.000000
-0.246061 -6.215944 4.012427
-0.316240 -0.477832 0.819554
255 255 255 255
0.105164 0.970215
0 0 0 0
1.000000 0.000000 0.000000 0.000000
-0.283090 -5.827933 4.101563
-0.385813 -0.023774 0.922271
255 255 255 255
0.120789 0.958008
0 0 0 0
1.000000 0.000000 0.000000 0.000000
-0.364043 -5.952811 4.048476
-0.479463 -0.176222 0.859687
255 255 255 255
0.112915 0.958008
0 0 0 0
1.000000 0.000000 0.000000 0.000000
-0.387174 -6.097620 3.988941
-0.500845 -0.348876 0.792111
255 255 255 255
0.105591 0.961426
0 0 0 0
1.000000 0.000000 0.000000 0.000000
-0.348917 -6.240315 3.931993
-0.452144 -0.512628 0.729917
255 255 255 255
0.099976 0.966797
0 0 0 0
1.000000 0.000000 0.000000 0.000000
-4.291503 -4.841923 1.812603
0.664206 -0.138661 -0.734577
255 255 255 255
1.096680 0.981934
0 0 0 0
1.000000 0.000000 0.000000 0.000000
-4.296309 -4.710893 1.783473
0.646971 0.024434 -0.762123
255 255 255 255
1.103516 0.980957
0 0 0 0
1.000000 0.000000 0.000000 0.000000
-4.416995 -4.840399 1.717788
0.519750 -0.137926 -0.843111
255 255 255 255
1.099609 0.989258
0 0 0 0
1.000000 0.000000 0.000000 0.000000
-4.187064 -4.786214 1.916676
0.783965 -0.072376 -0.616572
255 255 255 255
1.096680 0.974121
0 0 0 0
1.000000 0.000000 0.000000 0.000000
-4.386259 -4.709783 1.715461
0.546979 0.025043 -0.836771
255 255 255 255
1.105469 0.985840
0 0 0 0
1.000000 0.000000 0.000000 0.000000
-4.380686 -4.434040 1.806852
0.568479 0.331756 -0.752841
255 255 255 255
1.117188 0.978027
0 0 0 0
1.000000 0.000000 0.000000 0.000000
-4.221401 -4.670948 1.858050
0.730610 0.067519 -0.679449
255 255 255 255
1.103516 0.975586
0 0 0 0
1.000000 0.000000 0.000000 0.000000
-4.544434 -4.781810 1.646623
0.368543 -0.071215 -0.926879
255 255 255 255
1.105469 0.995117
0 0 0 0
1.000000 0.000000 0.000000 0.000000
-4.477627 -4.667807 1.664476
0.449223 0.069482 -0.890714
255 255 255 255
1.109375 0.989746
0 0 0 0
1.000000 0.000000 0.000000 0.000000
-4.654481 -4.675128 1.609948
0.234688 0.049492 -0.970810
255 255 255 255
1.113281 0.998047
0 0 0 0
1.000000 0.000000 0.000000 0.000000
-4.556525 -4.591341 1.638192
0.360756 0.150388 -0.920456
255 255 255 255
1.114258 0.991699
0 0 0 0
1.000000 0.000000 0.000000 0.000000
-4.730381 -4.536542 1.613326
0.138673 0.206790 -0.968508
255 255 255 255
1.121094 0.998047
0 0 0 0
1.000000 0.000000 0.000000 0.000000
-4.610911 -4.492003 1.640625
0.297952 0.260943 -0.918223
255 255 255 255
1.119141 0.991699
0 0 0 0
1.000000 0.000000 0.000000 0.000000
-4.760597 -4.387210 1.656294
0.096625 0.384114 -0.918216
255 255 255 255
1.127930 0.995117
0 0 0 0
1.000000 0.000000 0.000000 0.000000
-4.632543 -4.384920 1.671419
0.271994 0.378868 -0.884578
255 255 255 255
1.125000 0.989746
0 0 0 0
1.000000 0.000000 0.000000 0.000000
-4.740429 -4.249817 1.732252
0.120416 0.547919 -0.827820
255 255 255 255
1.133789 0.989258
0 0 0 0
1.000000 0.000000 0.000000 0.000000
-4.618078 -4.286432 1.725888
0.288098 0.485650 -0.825314
255 255 255 255
1.128906 0.985840
0 0 0 0
1.000000 0.000000 0.000000 0.000000
-4.672984 -4.145342 1.829688
0.196761 0.677099 -0.709100
255 255 255 255
1.136719 0.981934
0 0 0 0
1.000000 0.000000 0.000000 0.000000
-4.569726 -4.211524 1.795730
0.341581 0.569806 -0.747425
255 255 255 255
1.130859 0.980957
0 0 0 0
1.000000 0.000000 0.000000 0.000000
-4.568474 -4.089646 1.933785
0.326117 0.744900 -0.582041
255 255 255 255
1.136719 0.974121
0 0 0 0
1.000000 0.000000 0.000000 0.000000
-4.494830 -4.171603 1.870378
0.423735 0.615079 -0.664926
255 255 255 255
1.130859 0.975586
0 0 0 0
1.000000 0.000000 0.000000 0.000000
-4.404832 -4.172713 1.938401
0.528468 0.612074 -0.588291
255 255 255 255
1.128906 0.970215
0 0 0 0
1.000000 0.000000 0.000000 0.000000
-4.442865 -4.091205 2.028718
0.480882 0.742659 -0.466058
255 255 255 255
1.133789 0.966797
0 0 0 0
1.000000 0.000000 0.000000 0.000000
-4.313370 -4.214736 1.989434
0.631896 0.565439 -0.530081
255 255 255 255
1.125000 0.966309
0 0 0 0
1.000000 0.000000 0.000000 0.000000
-4.315319 -4.149818 2.099954
0.636996 0.669428 -0.382233
255 255 255 255
1.127930 0.961426
0 0 0 0
1.000000 0.000000 0.000000 0.000000
-4.234472 -4.291203 2.015753
0.718918 0.479542 -0.503185
255 255 255 255
1.119141 0.964355
0 0 0 0
1.000000 0.000000 0.000000 0.000000
-4.180086 -4.390540 2.013309
0.778475 0.370127 -0.506935
255 255 255 255
1.114258 0.964355
0 0 0 0
1.000000 0.000000 0.000000 0.000000
-4.158561 -4.497576 1.982479
0.799987 0.255655 -0.542827
255 255 255 255
1.109375 0.966309
0 0 0 0
1.000000 0.000000 0.000000 0.000000
-4.173048 -4.596040 1.927975
0.783739 0.148466 -0.603084
255 255 255 255
1.105469 0.970215
0 0 0 0
1.000000 0.000000 0.000000 0.000000
-4.205165 -4.256524 2.136664
0.769338 0.538448 -0.343792
255 255 255 255
1.121094 0.958008
0 0 0 0
1.000000 0.000000 0.000000 0.000000
-4.129313 -4.395051 2.133240
0.858123 0.371765 -0.354141
255 255 255 255
1.113281 0.958008
0 0 0 0
1.000000 0.000000 0.000000 0.000000
-4.099274 -4.544382 2.090236
0.891495 0.198551 -0.407202
255 255 255 255
1.105469 0.961426
0 0 0 0
1.000000 0.000000 0.000000 0.000000
-4.119560 -4.681740 2.014171
0.863598 0.042795 -0.502362
255 255 255 255
1.099609 0.966797
0 0 0 0
1.000000 0.000000 0.000000 0.000000
4396
582 580 581
582 581 584
579 581 580
583 584 581
579 580 578
579 578 577
576 577 578
575 577 576
583 585 586
583 586 584
588 586 585
2759 2752 2751
2751 2752 2747
2753 2747 2752
2630 2747 2748
2749 2750 2747
2753 2748 2747
2631 2630 2746
2746 2630 2748
1346 1349 1350
1353 1349 1351
1346 1347 1349
1351 1349 1347
1356 1350 1349
1353 1356 1349
1346 1350 1348
1346 1348 1344
1346 1343 1347
1346 1344 1343
1357 1348 1350
1358 1350 1356
1353 1364 1356
1358 1356 1364
1353 1351 1354
1353 1354 1365
1353 1365 1364
1345 1351 1347
1345 1347 1343
1340 1343 1344
1366 1364 1365
1389 1366 1365
1406 1365 1354
785 783 784
785 784 787
782 784 783
782 783 781
786 787 784
782 781 780
779 780 781
1755 1750 1754
1750 1752 1754
1754 1752 1758
1749 1752 1750
1758 1752 1761
1753 1761 1752
1749 1753 1752
1765 1758 1761
1762 1761 1753
1766 1761 1762
1082 1083 1084
1085 1084 1083
1085 1086 1084
1088 1086 1087
1085 1087 1086
2769 2770 2767
2769 2767 2768
2770 2766 2767
2771 2766 2770
2766 2764 2767
2765 2767 2764
2765 2768 2767
2763 2764 2766
2763 2761 2764
2762 2764 2761
2765 2764 2762
2763 2760 2761
2751 2761 2760
2758 2762 2761
1387 1386 1391
1383 1385 1386
1386 1385 1390
1386 1390 1391
1394 1391 1398
1398 1391 1397
1397 1391 1390
1392 1391 1394
1389 1390 1381
1381 1390 1388
1385 1388 1390
1397 1390 1399
1389 1399 1390
1382 1388 1385
1380 1381 1388
1405 1399 1406
1389 1406 1399
1401 1397 1399
1400 1398 1397
1403 1402 1398
1402 1394 1398
1404 1394 1402
1396 1394 1404
587 589 590
588 587 590
592 590 589
591 592 589
1333 1332 1324
1327 1324 1332
1331 1327 1332
1325 1333 1324
1757 1760 1771
1759 1770 1760
1760 1770 1771
1754 1760 1757
1754 1759 1760
1954 1757 1771
1954 1955 1757
1756 1757 1955
1773 1771 1770
1951 1771 1773
1951 1952 1771
1954 1771 1952
1772 1773 1770
1772 1770 1769
1769 1770 1759
1938 1950 1773
1951 1773 1950
1951 1950 1952
1953 1952 1950
1777 1768 1776
1777 1776 1930
1929 1930 1776
1775 1776 1768
1777 1772 1768
1777 1930 1931
1777 1931 1932
1777 1932 1772
1769 1768 1772
1759 1767 1768
1769 1759 1768
1767 1774 1768
1775 1768 1774
1937 1772 1932
1933 1932 1931
1933 1934 1932
1935 1932 1934
1936 1932 1935
1937 1932 1936
1923 1931 1930
1942 1935 1934
1765 1774 1767
535 536 537
2637 2639 2638
2640 2638 2639
2640 2641 2638
2640 2642 2641
2641 2642 2643
2643 2642 2644
2647 2644 2642
2645 2647 2642
2645 2642 2646
2648 2643 2644
2650 2644 2647
2740 2741 2646
2645 2646 2741
566 564 565
566 565 567
566 567 568
563 564 561
562 561 564
563 565 564
559 561 562
560 559 562
569 568 567
696 698 699
701 699 698
701 698 700
701 700 703
702 703 700
705 703 702
794 795 792
793 792 795
797 795 794
790 792 791
793 791 792
788 790 789
789 790 791
342 341 344
343 344 341
343 346 344
343 345 346
348 346 345
347 348 345
2737 2738 2739
2623 2739 2738
2623 2622 2739
2623 2619 2622
2621 2622 2619
2618 2619 2608
2618 2620 2619
2621 2619 2620
2621 2620 2624
2621 2624 2625
2626 2625 2624
2602 2607 2608
2618 2608 2607
1306 1315 1316
1320 1305 1316
29 31 32
1251 1252 1253
1252 1254 1253
1255 1253 1254
1255 1254 1257
1256 1257 1254
1256 1259 1257
1256 1258 1259
1261 1259 1258
677 676 679
678 679 676
678 681 679
678 680 681
684 681 680
684 680 683
682 683 680
702 704 705
707 705 704
709 708 712
711 712 708
711 714 712
711 713 714
714 713 716
715 716 713
718 716 715
796 798 797
2796 2793 2795
2790 2793 2794
1773 1772 1938
1937 1938 1772
819 816 818
821 818 820
814 816 817
822 823 820
1788 1786 1783
1799 1786 1788
2221 1787 1786
1845 2221 1786
1783 1786 1787
1781 1783 1785
1785 1783 1787
2224 2223 1787
2223 1785 1787
2224 2226 2225
2224 2225 2223
2227 2225 2226
1758 1767 1759
1713 1712 1705
2657 2736 2737
2657 2656 2736
2738 2737 2736
2657 2651 2656
2654 2656 2651
2648 2649 2651
2654 2651 2649
2653 2654 2649
2648 2644 2649
2652 2649 2655
2650 2649 2644
2653 2649 2652
2650 2655 2649
2663 2652 2655
2663 2655 2664
2663 2664 2665
2666 2665 2664
2667 2665 2666
2668 2667 2666
317 318 315
317 320 318
317 319 320
316 315 318
313 315 316
322 320 319
1923 1921 1919
1917 1919 1918
1918 1919 1920
1919 1921 1922
1920 1919 1922
1923 1930 1921
1922 1921 1925
1929 1925 1921
1929 1921 1930
1924 1920 1922
1926 1922 1925
2229 2230 1925
1926 1925 2230
2229 2227 2228
2229 2228 2230
2226 2228 2227
1917 1918 1916
1917 1916 1915
1914 1915 1916
1913 1915 1914
693 694 695
695 694 697
696 697 694
699 697 696
675 672 674
675 673 672
675 674 677
670 672 673
676 677 674
347 349 350
348 347 350
352 350 349
351 352 349
325 326 327
327 326 329
328 329 326
715 717 718
719 720 717
718 717 720
3233 3234 3230
3233 3261 3256
3233 3256 3234
3229 3230 3231
3230 3234 3231
3234 3235 3231
3256 3235 3234
3257 3235 3256
3261 3257 3256
3260 3257 3261
3258 3235 3257
3260 3258 3257
3260 3259 3258
3255 3235 3258
3259 3255 3258
3254 3255 3259
3253 3235 3255
3254 3253 3255
3254 3252 3253
3251 3235 3253
3252 3251 3253
3250 3251 3252
3249 3235 3251
3250 3249 3251
3250 3247 3249
3248 3249 3247
3248 3235 3249
3248 3247 3246
3245 3246 3247
3248 3246 3235
3244 3235 3246
3245 3244 3246
3245 3243 3244
3242 3235 3244
3243 3242 3244
3236 3235 3238
3238 3235 3240
3240 3235 3242
3236 3231 3235
3241 3240 3242
3241 3242 3243
3239 3238 3240
3241 3239 3240
3237 3236 3238
3237 3238 3239
3237 3232 3236
3232 3231 3236
3229 3231 3232
2582 2580 2579
2573 2579 2580
2582 2579 2583
2582 2583 2591
2590 2591 2583
1120 1122 1121
1122 1124 1123
1121 1122 1123
1125 1124 1127
1126 1127 1124
1125 1123 1124
1733 1734 1736
1731 1734 1726
1733 1726 1734
2232 1737 1736
1733 1736 1737
3320 3319 3318
3320 3324 3319
3325 3319 3324
3317 3318 3319
3320 3318 3301
3316 3301 3318
3317 3316 3318
3320 3301 3324
3324 3301 3323
3325 3324 3323
3325 3323 3326
3323 3301 3322
3326 3323 3322
3327 3326 3322
3322 3301 3321
3327 3322 3321
3327 3321 3299
3300 3321 3301
3300 3299 3321
3300 3296 3299
3300 3297 3296
3300 3301 3297
3295 3296 3297
3295 3297 3298
3302 3297 3301
3298 3297 3302
3303 3298 3302
3302 3301 3304
3303 3302 3304
3303 3304 3305
3304 3301 3306
3305 3304 3306
3307 3305 3306
3306 3301 3308
3307 3306 3308
3308 3301 3310
3310 3301 3312
3314 3312 3301
3314 3301 3316
3307 3308 3309
3309 3308 3310
3311 3309 3310
3311 3310 3312
3311 3312 3313
3314 3313 3312
3314 3315 3313
3314 3316 3315
3317 3315 3316
2581 2585 2584
2785 2588 2585
2585 2588 2584
2579 2584 2583
2586 2583 2584
2586 2584 2587
2587 2584 2588
2786 2587 2588
1741 1740 1739
1735 1739 1740
1735 1738 1739
1735 1732 1733
1735 1733 1738
1737 1738 1733
1726 1733 1732
1098 1100 1101
2756 2755 2777
2754 2755 2749
2750 2749 2755
2777 2755 2778
2754 2778 2755
2779 2777 2778
2754 2780 2778
2780 2781 2778
2779 2778 2781
2779 2781 2782
2782 2781 2784
2780 2783 2781
2783 2784 2781
2785 2782 2784
2786 2588 2784
2785 2784 2588
2786 2784 2783
1754 1758 1759
1737 1793 1794
1396 1395 1392
1394 1396 1392
1393 1392 1395
1316 1315 1319
1319 1315 1318
1317 1318 1315
1317 1326 1318
1325 1318 1326
1336 1337 1338
1341 1338 1337
1341 1337 1340
1339 1340 1337
1339 1342 1340
1343 1340 1342
1345 1343 1342
1086 1088 1089
1090 1089 1088
1090 1091 1089
1090 1092 1091
1093 1091 1092
1093 1092 1094
1093 1094 1095
1096 1095 1094
1096 1097 1095
1096 1098 1097
1099 1097 1098
1099 1098 1101
1100 1103 1101
1100 1102 1103
1105 1103 1102
1104 1105 1102
1748 1745 1747
1749 1748 1747
1750 1748 1749
1743 1744 1745
1746 1745 1744
1746 1747 1745
1743 1742 1741
1743 1741 1744
1740 1741 1742
2583 2589 2590
1400 1403 1398
786 788 789
1350 1358 1357
1348 1357 1359
1378 1380 1382
1378 1382 1383
1385 1383 1382
1388 1382 1380
1378 1376 1377
1378 1379 1376
1378 1377 1380
1378 1383 1379
1381 1380 1377
1366 1377 1367
1367 1377 1376
1381 1377 1366
1368 1367 1376
1375 1368 1376
1375 1376 1379
1379 1383 1384
1386 1387 1383
1384 1383 1387
1392 1384 1387
1393 1384 1392
1391 1392 1387
1375 1369 1368
1369 1363 1368
1362 1368 1363
1362 1367 1368
1364 1367 1362
1364 1366 1367
1381 1366 1389
1365 1406 1389
1407 1405 1406
1407 1406 1354
1407 1354 1355
1355 1354 1351
1352 1355 1351
1345 1352 1351
1399 1405 1401
1400 1397 1401
1364 1362 1358
1357 1358 1360
1358 1363 1360
1358 1362 1363
1359 1357 1361
1357 1360 1361
1370 1360 1363
1370 1371 1360
1371 1361 1360
1370 1363 1369
1372 1361 1371
1359 1361 1373
1373 1361 1372
1374 1373 1372
2761 2751 2758
2757 2751 2750
2747 2750 2751
2757 2758 2751
2760 2759 2751
2757 2750 2756
2755 2756 2750
1756 1751 1755
1756 1755 1757
1748 1750 1751
1750 1755 1751
1754 1757 1755
585 587 588
2628 2627 2633
2625 2627 2628
2628 2633 2636
2625 2626 2627
2629 2627 2626
2630 2631 2627
2632 2627 2631
2632 2633 2627
2630 2627 2634
2635 2634 2627
2629 2635 2627
2637 2636 2633
2638 2636 2637
2744 2634 2635
2596 2634 2744
2745 2596 2744
1082 1080 1081
1079 1081 1080
1083 1082 1081
1078 1079 1080
1791 1784 1763
1791 1763 1766
1780 1784 1782
1780 1763 1784
1761 1763 1764
1761 1766 1763
1780 1764 1763
1780 1781 1764
1780 1782 1783
1780 1783 1781
1788 1783 1782
1779 1764 1781
1761 1764 1765
1778 1765 1764
1779 1778 1764
1774 1765 1778
1758 1765 1767
1258 1260 1261
1261 1260 1263
1262 1263 1260
787 786 789
807 808 809
808 810 809
811 810 812
814 813 812
1228 1229 1230
1231 1230 1229
1231 1232 1230
1231 1233 1232
1234 1232 1233
1235 1234 1233
572 573 574
575 574 573
576 574 575
572 570 571
572 571 573
568 569 570
569 571 570
704 706 707
710 707 706
710 706 709
708 709 706
1105 1104 1107
1106 1107 1104
2561 2555 2560
2561 2560 2600
2562 2560 2555
2554 2563 2555
2562 2555 2563
2599 2600 2560
2599 2598 2600
2599 2594 2598
2597 2598 2594
2597 2594 2593
2590 2593 2594
2590 2592 2593
2595 2593 2592
2589 2592 2590
2596 2595 2592
2745 2595 2596
809 810 811
812 813 811
814 815 813
814 817 815
816 819 817
1234 1235 1236
1237 1236 1235
1237 1238 1236
1239 1236 1238
1239 1238 1240
1239 1240 1241
1242 1241 1240
1242 1243 1241
1242 1244 1243
1243 1244 1245
1246 1245 1244
1247 1245 1246
1803 1796 1804
1805 1804 1796
1823 1803 1804
1805 1796 1798
1797 1789 1796
1798 1796 1789
1800 1797 1796
1795 1798 1789
1788 1782 1789
1788 1789 1797
1782 1790 1789
1795 1789 1790
1784 1790 1782
1793 1790 1792
1784 1792 1790
1791 1792 1784
1794 1793 1792
1128 1129 1126
1128 1130 1129
1127 1126 1129
1131 1129 1130
1132 1133 1130
1131 1130 1133
1132 1134 1133
1135 1133 1134
1135 1134 1137
1136 1137 1134
1109 1111 1110
1112 1110 1111
1113 1112 1111
1108 1109 1110
1700 1828 1701
1696 1700 1701
1687 1700 1696
1686 1830 1700
1830 1828 1700
1829 1828 1830
1829 1827 1828
1828 1827 1701
1821 1701 1827
1824 1701 1820
1821 1820 1701
1829 1826 1827
1821 1827 1826
1821 1826 1819
1821 1819 1817
1821 1817 1820
1803 1820 1817
1818 1817 1819
1803 1817 1802
1818 1816 1817
1816 1802 1817
1803 1802 1796
1816 1801 1802
1796 1802 1801
1815 1801 1816
1808 1801 1815
1800 1796 1801
1814 1808 1815
2787 2559 2558
2550 2559 2553
2550 2558 2559
2550 2555 2558
2550 2544 2543
2550 2553 2544
2550 2543 2555
2552 2544 2553
2535 2543 2544
2535 2544 2538
2549 2538 2544
2551 2549 2544
2552 2551 2544
2554 2555 2543
2548 2538 2549
2536 2535 2538
2542 2536 2538
2548 2542 2538
2531 2535 2536
1037 1033 1036
1035 1036 1033
1035 1039 1036
1035 1038 1039
1041 1039 1038
1041 1038 1040
1041 1040 1043
1042 1043 1040
1042 1045 1043
1042 1044 1045
1047 1045 1044
1047 1044 1046
1047 1046 1049
1048 1049 1046
1051 1049 1048
1468 1469 1470
61 60 63
819 818 821
820 823 821
1836 1837 1835
1836 1835 1834
1836 1834 1839
1836 1839 1837
1833 1834 1835
1833 1835 1811
1810 1811 1835
1810 1835 1837
1841 1840 1837
1810 1837 1840
1810 1809 1806
1810 1806 1811
1810 1840 1809
1807 1811 1806
1807 1812 1811
1833 1811 1812
1799 1800 1806
1807 1806 1800
1799 1806 1809
1786 1799 1809
1786 1809 1845
1845 1809 1840
1797 1800 1799
1788 1797 1799
1807 1800 1808
1801 1808 1800
1807 1813 1812
1807 1808 1813
1814 1813 1808
1838 1839 1834
2605 2604 2564
2787 2558 2604
2604 2558 2564
2605 2564 2606
2602 2603 2564
2601 2602 2564
2601 2564 2561
2606 2564 2603
2555 2564 2558
2555 2561 2564
2612 2606 2603
2610 2611 2603
2610 2603 2609
2612 2603 2613
2613 2603 2611
2609 2603 2602
2608 2609 2602
1248 1250 1251
1252 1251 1250
1248 1249 1246
1248 1251 1249
1247 1246 1249
1029 1031 1032
1032 1031 1034
1033 1034 1031
1029 1030 1027
1029 1032 1030
1026 1027 1028
1028 1027 1030
1037 1034 1033
1075 1074 1077
1076 1077 1074
2661 2681 2683
2680 2678 2681
2678 2683 2681
2661 2683 2659
2661 2659 2653
2661 2653 2662
2687 2659 2683
2687 2614 2659
2660 2659 2614
2660 2653 2659
2654 2653 2658
2652 2662 2653
2660 2658 2653
2660 2614 2617
2617 2614 2609
2610 2609 2614
2616 2617 2609
2608 2615 2609
2616 2609 2615
299 300 301
301 300 303
302 303 300
305 303 302
2216 2215 1898
2217 1928 2216
2216 1928 2215
1899 2216 1898
2214 2215 1928
1863 1898 2215
2219 1863 2215
2219 2215 1844
2218 1844 2215
2218 2215 2214
1899 1898 1896
1896 1898 1863
1862 1863 2219
1862 2219 1844
1840 1844 1845
2218 1845 1844
2218 2220 1845
2218 2214 2220
2213 2214 1928
2217 1924 1928
2213 1928 1927
1924 1922 1928
1922 1927 1928
1926 1927 1922
2222 2221 2220
2221 1845 2220
319 321 322
322 321 324
323 324 321
687 689 690
687 690 688
692 690 689
687 688 685
686 685 688
682 685 686
683 682 686
691 692 689
670 671 668
669 668 671
673 671 670
667 668 669
2699 2689 2700
2699 2698 2689
2701 2700 2696
2700 2689 2696
2698 2611 2689
2696 2689 2690
2611 2688 2689
2690 2689 2688
2613 2611 2698
2610 2688 2611
2687 2688 2610
2691 2690 2688
1645 1656 1654
1645 1644 1656
1645 1642 1644
1654 1656 1658
1661 1654 1658
1657 1659 1656
1658 1656 1659
1657 1656 1644
1642 1633 1644
1657 1644 1643
1633 1643 1644
1634 1633 1642
1632 1643 1633
1634 1629 1633
1632 1633 1629
1842 1843 1643
1842 1643 1847
1657 1643 1843
1852 1847 1643
1632 1852 1643
1657 1843 1848
1657 1848 1659
1837 1843 1842
1837 1839 1843
1839 1848 1843
1837 1842 1841
1841 1842 1847
1846 1841 1847
1853 1846 1847
1853 1847 1852
1632 1855 1852
1632 1631 1855
1632 1629 1631
1628 1631 1629
1623 1628 1629
1859 1855 1631
1840 1841 1846
1838 1848 1839
1838 1849 1848
1849 1659 1848
1850 1659 1849
1851 1658 1659
1850 1851 1659
1661 1658 1851
1069 1067 1068
1069 1068 1070
1069 1070 1071
1066 1068 1067
1072 1071 1070
1072 1073 1071
1072 1074 1073
1075 1073 1074
91 90 89
88 89 90
88 87 89
88 86 87
85 87 86
76 85 86
78 85 76
2853 2852 2854
2837 2854 2835
2837 2855 2854
2853 2854 2855
2854 2852 2835
2853 2851 2852
2852 2850 2835
2851 2850 2852
2849 2850 2851
2850 2848 2835
2849 2848 2850
2849 2846 2848
2847 2848 2846
2847 2835 2848
2844 2845 2846
2847 2846 2845
2847 2845 2835
2845 2843 2835
2844 2843 2845
2844 2842 2843
2843 2841 2835
2842 2841 2843
2840 2841 2842
2841 2839 2835
2840 2839 2841
2840 2838 2839
2836 2835 2839
2836 2839 2838
2836 2838 2833
2836 2833 2832
2836 2832 2835
2837 2835 2832
2837 2832 2834
2831 2832 2833
2831 2834 2832
2837 2834 2855
93 95 94
97 96 95
94 95 96
97 99 98
97 98 96
100 99 101
100 98 99
103 102 101
100 101 102
13 9 12
11 12 9
11 15 12
11 14 15
15 14 17
16 17 14
18 17 16
1476 1477 1475
1478 1477 1485
1483 1485 1477
1727 1724 1723
1717 1723 1724
2888 2889 2890
2888 2883 2886
2888 2886 2889
2890 2889 2891
2891 2889 2885
2889 2886 2885
2892 2890 2891
2892 2891 2893
2893 2891 2885
2892 2893 2894
2894 2893 2895
2895 2893 2885
2894 2895 2896
2897 2896 2895
2897 2895 2885
2897 2898 2896
2899 2896 2898
2897 2885 2898
2899 2898 2900
2900 2898 2885
2899 2900 2901
2901 2900 2902
2902 2900 2885
2903 2901 2902
2903 2902 2904
2904 2902 2885
2903 2904 2905
2887 2905 2904
2887 2904 2885
2887 2884 2905
2887 2882 2884
2887 2885 2882
2881 2884 2882
2881 2882 2883
2883 2882 2886
2886 2882 2885
1511 1518 1512
1520 1512 1518
1513 1512 1521
124 125 126
127 126 125
127 128 126
127 129 128
128 129 130
131 130 129
132 130 131
40 41 42
43 42 41
43 44 42
43 45 44
44 45 46
45 47 46
48 46 47
48 47 50
49 50 47
68 67 77
79 77 67
79 80 77
79 81 80
80 81 82
83 82 81
84 82 83
1724 1720 1717
1716 1717 1720
1519 1512 1520
1508 1511 1512
10 9 13
31 33 32
34 32 33
37 39 38
41 40 39
38 39 40
50 49 51
52 51 49
2577 2574 2788
2577 2578 2572
2577 2572 2574
2788 2574 2789
2571 2574 2572
2790 2788 2789
2793 2790 2789
2569 2571 2570
2571 2572 2570
2573 2570 2572
2578 2576 2572
2573 2572 2576
2578 2579 2576
2581 2579 2578
2573 2576 2579
2584 2579 2581
2569 2570 2568
2566 2567 2568
1478 1472 1477
1483 1477 1484
76 68 78
77 78 68
92 93 94
103 104 102
105 102 104
105 104 107
106 107 104
2232 1793 1737
873 874 875
877 875 874
877 874 876
877 876 881
880 881 876
880 876 879
878 879 876
883 881 882
880 882 881
132 131 134
1112 1113 1114
1115 1114 1113
1115 1116 1114
1115 1117 1116
1116 1117 1118
1119 1118 1117
1119 1120 1118
1121 1118 1120
1732 1725 1726
1720 1724 1725
1725 1724 1726
1727 1726 1724
1731 1726 1727
1730 1727 1723
1729 1730 1723
1717 1721 1723
1702 1698 1696
1703 1702 1696
1707 1698 1702
1705 1699 1698
1705 1698 1706
1707 1706 1698
1708 1699 1709
1710 1709 1699
1703 1696 1704
1701 1704 1696
1701 1824 1704
1825 1824 1820
1825 1820 1822
1820 1803 1822
1832 1822 1729
1803 1729 1822
1823 1729 1803
1832 1729 1728
1730 1729 1831
1723 1728 1729
1823 1831 1729
1721 1728 1723
61 63 64
723 722 725
721 722 723
722 724 725
726 727 724
728 724 727
728 725 724
726 729 727
730 727 729
730 729 731
730 731 732
733 732 731
733 734 732
733 735 734
736 734 735
756 758 759
762 759 758
760 761 758
762 758 761
747 749 750
747 750 748
752 750 749
747 748 745
746 745 748
751 752 749
2801 2798 2795
2801 2795 2802
2801 2802 2534
2796 2795 2798
2547 2535 2534
2804 2547 2534
2804 2534 2802
2546 2535 2547
2546 2545 2535
2545 2543 2535
2557 2543 2545
2556 2554 2543
2557 2556 2543
2565 2554 2556
2566 2554 2565
2566 2565 2567
2569 2568 2567
739 741 742
739 742 740
744 742 741
739 740 737
738 737 740
735 737 736
738 736 737
744 743 746
744 741 743
745 746 743
1716 1713 1714
1716 1714 1717
1718 1717 1714
1719 1718 1714
1719 1714 1715
1706 1715 1714
1706 1714 1705
1713 1705 1714
1722 1717 1718
1721 1717 1722
1517 1516 1508
1515 1508 1516
1517 1508 1510
1515 1514 1508
1511 1508 1514
1509 1508 1513
1512 1513 1508
1506 1510 1508
66 63 65
66 65 69
60 62 63
63 62 65
67 68 65
67 65 62
69 65 68
76 69 68
1469 1472 1473
1482 1473 1472
1471 1475 1472
1478 1479 1472
1480 1472 1479
1477 1472 1475
1480 1481 1472
1482 1472 1481
2793 2789 2792
2791 2792 2789
2791 2789 2575
2574 2575 2789
2795 2793 2792
2571 2575 2574
34 35 36
37 36 35
38 36 37
33 35 34
8 7 10
9 10 7
107 106 109
108 109 106
108 111 109
108 110 111
113 111 110
131 133 134
133 135 134
136 134 135
1325 1324 1318
1324 1323 1318
1324 1327 1323
1319 1318 1323
1319 1323 1322
1327 1328 1323
1301 1323 1328
1301 1322 1323
1331 1330 1327
1330 1328 1327
1329 1328 1330
1329 1302 1328
1301 1328 1302
1301 1299 1298
1301 1304 1321
1301 1321 1322
1301 1298 1304
1301 1302 1299
1319 1322 1316
1316 1322 1321
1320 1316 1321
1320 1321 1304
1320 1304 1303
1303 1304 1298
1291 1298 1299
1296 1298 1291
1296 1303 1298
1289 1299 1300
1289 1291 1299
1300 1299 1302
1334 1300 1302
1329 1334 1302
1335 1286 1300
1335 1300 1334
1289 1300 1286
1947 1948 1941
1948 1949 1941
1940 1941 1949
1940 1936 1941
1939 1941 1936
1957 1949 1948
1958 1957 1948
1940 1949 1950
1953 1950 1949
1953 1949 1956
1956 1949 1957
1940 1950 1938
1940 1938 1936
1937 1936 1938
2776 2774 2329
2774 2773 2329
2771 2773 2774
2775 2329 2773
2333 2329 2775
2772 2775 2773
2771 2770 2773
2770 2772 2773
2769 2772 2770
794 796 797
538 540 541
538 541 539
543 541 540
538 539 536
537 536 539
1278 1283 1284
1278 1282 1283
1278 1284 1275
1278 1274 1277
1278 1275 1274
1278 1277 1282
1286 1284 1283
1288 1283 1282
1289 1283 1288
1286 1283 1289
1276 1275 1284
1287 1284 1286
1271 1274 1275
1276 1271 1275
1273 1277 1274
1270 1273 1274
1270 1274 1271
1280 1277 1273
1281 1282 1277
1281 1288 1282
1291 1289 1288
1270 1271 1268
1272 1268 1271
1267 1268 1266
1265 1267 1266
364 361 360
364 360 363
358 360 361
359 358 361
362 363 360
362 366 363
362 365 366
368 366 365
356 358 359
1947 1946 1960
1947 1941 1946
1963 1960 1946
1963 1946 1945
1939 1946 1941
1939 1945 1946
1963 1945 1964
1966 1964 1945
804 805 802
803 802 805
806 805 804
803 800 802
798 800 799
2325 2323 2315
2317 2325 2315
2315 2323 2324
2326 2324 2323
2327 2328 2324
2329 2324 2330
2326 2330 2324
2776 2329 2330
548 545 544
542 544 545
548 544 547
546 547 544
543 542 545
540 542 543
546 550 547
546 549 550
552 550 549
980 982 983
985 986 982
554 552 551
554 551 553
554 553 556
549 551 552
555 556 553
555 558 556
555 557 558
560 558 557
559 560 557
1908 1965 1907
1965 1944 1907
1902 1907 1901
1908 1907 1902
1901 1907 1910
1910 1907 1944
1968 1910 1944
1909 1901 1910
1943 1944 1942
1968 1944 1943
1945 1944 1965
1945 1942 1944
1967 1966 1965
1966 1945 1965
1939 1942 1945
1934 1943 1942
799 800 801
803 801 800
797 798 799
2740 2742 2741
2743 2742 2319
2743 2741 2742
2321 2319 2314
2318 2314 2319
2743 2319 2321
2316 2322 2314
2315 2312 2314
2312 2313 2314
2316 2314 2313
2322 2320 2314
2321 2314 2320
2318 2317 2314
2315 2314 2317
2676 2320 2322
2672 2320 2676
2311 2313 2312
627 626 625
628 626 627
624 625 626
623 625 624
338 339 336
340 336 339
342 339 338
334 336 337
340 337 336
332 334 335
335 334 337
341 342 338
597 596 599
597 594 596
598 599 596
597 595 594
593 594 595
976 977 974
976 979 977
976 978 979
975 974 977
973 974 975
981 979 978
980 981 978
619 621 620
621 622 620
623 622 621
619 620 617
618 617 620
617 618 615
616 615 618
613 615 614
616 614 615
624 622 623
302 304 305
307 305 304
307 304 306
307 306 309
306 308 309
312 309 308
312 308 311
310 311 308
310 314 311
310 313 314
316 314 313
1909 1911 1900
1909 1900 1901
1911 1912 1900
1913 1912 1911
1897 1894 1900
1901 1900 1894
1895 1901 1894
1902 1901 1895
1886 1888 1894
1888 1895 1894
1886 1894 1896
1896 1894 1897
1899 1896 1897
2231 1899 1897
1891 1895 1888
1914 1912 1913
329 328 331
330 331 328
330 333 331
330 332 333
335 333 332
2670 2671 2669
2670 2669 2668
2667 2668 2669
2670 2672 2671
2675 2671 2672
2674 2671 2675
2674 2673 2671
2676 2675 2672
2679 2673 2678
2293 2678 2673
2293 2673 2677
2674 2677 2673
2680 2679 2678
1936 1935 1939
1942 1939 1935
985 988 986
985 987 988
982 986 983
984 980 983
989 988 987
356 357 354
355 354 357
359 357 356
353 354 355
2302 2305 2303
2302 2304 2305
2306 2303 2305
2306 2307 2303
2308 2303 2307
2304 2309 2305
2310 2309 2304
2312 2309 2311
2310 2311 2309
2354 2308 2307
2349 2347 2307
2349 2346 2347
2344 2346 2343
2340 2341 2343
2344 2343 2341
1967 1908 1969
1965 1908 1967
1904 1969 1908
1971 1969 1970
1904 1970 1969
1971 1970 1973
1972 1973 1970
1974 1975 1973
1976 1973 1975
1972 1974 1973
1977 1975 1974
1979 1981 1976
1981 1982 1983
1984 1983 1982
1985 1986 1983
599 598 601
598 600 601
604 601 600
604 600 603
602 603 600
606 603 602
399 400 397
398 397 400
399 401 400
402 400 401
394 397 398
395 394 398
379 381 380
382 380 381
379 378 377
379 380 378
376 375 377
376 377 378
373 375 374
376 374 375
373 374 371
372 371 374
369 371 372
370 369 372
3440 3441 3442
1273 1279 1280
1279 1311 1280
1279 1313 1311
1277 1280 1281
1280 1294 1281
1280 1311 1294
1310 1294 1311
1313 1312 1311
1310 1311 1312
1314 1312 1313
1310 1309 1294
1281 1294 1293
1309 1293 1294
1292 1288 1281
1292 1281 1293
1292 1293 1295
1308 1293 1309
1308 1295 1293
1292 1290 1288
1292 1295 1290
1291 1288 1290
1291 1290 1296
1297 1296 1290
1297 1290 1295
1297 1295 1307
1308 1307 1295
1297 1305 1296
1297 1306 1305
1297 1307 1306
1303 1296 1305
1316 1305 1306
1320 1303 1305
1985 1962 1986
1987 1986 1962
1961 1962 1959
1987 1962 1961
1958 1947 1959
1960 1959 1947
1960 1961 1959
1948 1947 1958
1335 1287 1286
1285 1284 1287
1285 1276 1284
1271 1276 1272
1269 1268 1272
1269 1266 1268
1264 1265 1266
365 367 368
368 367 370
369 370 367
2332 2336 2331
2339 2335 2336
2336 2335 2331
2332 2331 2327
2333 2332 2327
2328 2327 2331
2328 2331 2334
2334 2331 2335
2334 2335 2337
2338 2337 2335
2339 2338 2335
2340 2337 2338
2333 2327 2329
2324 2329 2327
3443 3432 3444
3442 3443 3444
3442 3441 3443
3441 3432 3443
3445 3444 3446
3446 3444 3432
3442 3444 3445
3447 3445 3446
3447 3446 3448
3448 3446 3432
3447 3448 3449
3449 3448 3450
3450 3448 3432
3455 3449 3450
3455 3450 3451
3451 3450 3432
3455 3451 3456
3452 3456 3451
3452 3451 3432
3452 3457 3456
3452 3453 3457
3452 3432 3453
3458 3457 3453
3458 3453 3454
3454 3453 3432
3433 3454 3432
3439 3432 3441
3439 3437 3432
3435 3432 3437
3435 3431 3432
3433 3432 3428
3431 3428 3432
3170 3165 3167
3170 3167 3171
3165 3164 3167
3163 3164 3165
3171 3167 3168
3167 3164 3168
3173 3171 3168
3173 3168 3175
3177 3175 3168
3177 3168 3179
3181 3179 3168
3181 3168 3183
3184 3183 3168
3184 3168 3186
3187 3186 3188
3186 3168 3188
3169 3191 3168
3191 3190 3168
3190 3189 3168
3188 3168 3189
3169 3168 3164
3192 3188 3189
3192 3189 3193
3193 3189 3190
3194 3193 3190
3194 3190 3191
3194 3191 3195
3169 3195 3191
3169 3166 3195
3169 3164 3166
3163 3166 3164
1979 1976 1975
3370 3371 3372
3372 3371 3373
3374 3372 3373
3370 3368 3369
3370 3369 3371
3371 3369 3366
3373 3371 3366
3375 3373 3366
3374 3373 3375
3374 3375 3376
3377 3375 3366
3376 3375 3377
3378 3376 3377
3379 3377 3366
3378 3377 3379
3378 3379 3380
3380 3379 3381
3381 3379 3366
3380 3381 3382
3383 3381 3366
3383 3382 3381
3385 3382 3384
3383 3384 3382
3383 3366 3384
3386 3384 3366
3385 3384 3386
3385 3386 3390
3390 3386 3387
3387 3386 3366
3391 3390 3387
3391 3387 3388
3388 3387 3366
3391 3388 3392
3389 3388 3366
3392 3388 3389
3365 3366 3369
3367 3366 3362
3365 3362 3366
3367 3389 3366
3393 3389 3367
3393 3392 3389
3364 3367 3362
3393 3367 3364
3365 3363 3362
3361 3362 3363
3361 3364 3362
3365 3368 3363
3365 3369 3368
2356 2355 2351
2355 2354 2351
2307 2351 2354
3180 3181 3182
3185 3182 3184
3183 3184 3182
3183 3182 3181
3180 3178 3179
3180 3179 3181
3176 3177 3178
3177 3179 3178
3459 3433 3430
3433 3428 3430
3427 3430 3428
3429 3427 3428
1975 1977 1978
2270 2281 2284
2270 2284 2829
2285 2284 2281
2828 2284 2827
2828 2829 2284
2286 2281 2287
2288 2287 2281
2285 2281 2286
2288 2297 2287
2298 2287 2297
2298 2297 2299
2298 2299 2300
2301 2300 2299
2303 2300 2302
2301 2302 2300
2363 2826 2827
401 403 402
404 402 403
404 403 406
405 406 403
405 407 406
408 406 407
408 407 410
409 410 407
412 410 411
409 411 410
2019 1906 1892
1905 1903 1906
1906 1903 1892
2019 1892 2008
1891 1892 1903
2008 1892 2005
1895 1903 1902
1891 1903 1895
1904 1902 1903
1905 1904 1903
1908 1902 1904
2004 2008 2005
2007 2001 2005
2004 2005 2001
2003 2004 2001
1993 2000 2001
2003 2001 2000
1991 2000 1993
607 609 610
607 610 608
612 610 609
607 608 605
606 605 608
602 605 606
611 612 609
981 980 984
383 384 385
387 385 384
387 384 386
387 386 389
388 389 386
388 391 389
388 390 391
391 390 393
390 392 393
396 393 392
396 392 395
394 395 392
1859 1858 1855
1858 1857 1855
1858 1867 1857
1868 1867 1858
1856 1855 1857
1856 1854 1855
1852 1855 1854
1867 1866 1857
1866 1865 1857
1856 1857 1865
1876 1866 1867
1876 1867 1875
1875 1867 1868
1874 1875 1868
1876 1877 1866
1878 1865 1866
1878 1866 1877
1882 1864 1865
1879 1882 1865
1878 1879 1865
1856 1865 1860
1860 1865 1864
1856 1860 1854
1860 1864 1861
1860 1861 1854
1896 1863 1864
1896 1864 1886
1886 1864 1882
1863 1861 1864
1885 1886 1882
1881 1882 1879
1880 1879 1877
1878 1877 1879
1862 1861 1863
1862 1853 1861
1853 1854 1861
1862 1844 1846
1862 1846 1853
1852 1854 1853
1840 1846 1844
895 896 897
898 897 896
2685 2684 2294
2295 2686 2294
2685 2294 2686
2684 2682 2294
2678 2294 2682
2293 2294 2678
2685 2692 2684
2688 2684 2691
2688 2682 2684
2692 2691 2684
2688 2687 2682
2683 2682 2687
2683 2678 2682
2610 2614 2687
2695 2691 2692
943 944 941
943 945 944
939 941 942
942 941 944
946 944 945
940 939 942
1606 1613 1614
2296 2289 2290
2281 2282 2289
2296 2295 2289
2294 2289 2295
2294 2293 2289
2292 2289 2293
2292 2288 2289
2290 2289 2282
2288 2281 2289
2291 2290 2282
2283 2282 2277
2281 2277 2282
2291 2282 2283
2270 2277 2281
2278 2283 2277
2021 2020 1889
2021 1889 1890
2020 1893 1889
2016 1893 2020
1893 1887 1889
1890 1889 1884
1884 1889 1887
1883 1890 1884
1885 1884 1887
1883 1884 1881
1881 1884 1885
1892 1887 1893
1891 1887 1892
1891 1888 1887
1888 1885 1887
2009 1892 1893
2005 1892 2009
1886 1885 1888
1882 1881 1885
1883 1881 1880
1879 1880 1881
1612 1622 1624
1623 1624 1622
611 613 612
614 612 613
897 898 899
900 899 898
900 901 899
900 902 901
901 902 903
904 903 902
904 905 903
906 903 905
907 906 905
2339 2342 2338
2341 2340 2338
2370 2373 2368
2360 2366 2365
2054 2053 2050
2048 2032 2050
2050 2032 2049
2048 2047 2032
1595 2049 2032
2034 2032 2047
2034 2030 2032
1595 2032 2030
2057 2049 2056
432 431 434
433 434 431
433 436 434
432 429 428
432 428 431
430 426 429
428 429 426
430 427 426
424 426 427
424 427 425
424 425 422
423 422 425
423 420 422
423 421 420
418 420 421
418 421 419
418 419 416
417 416 419
417 414 416
417 415 414
413 414 415
436 435 438
433 435 436
437 438 435
437 439 438
440 438 439
441 442 439
440 439 442
443 444 441
444 442 441
2257 2262 2260
2273 2381 2260
2379 2378 2260
2379 2260 2381
2379 2372 2378
2377 2378 2372
2828 2827 2826
2363 2362 2826
2363 2358 2362
2361 2362 2358
156 155 158
157 158 155
157 160 158
157 159 160
162 160 159
161 163 164
2006 2001 2007
2006 2002 2001
2005 2011 2007
1999 1993 2002
1993 2001 2002
950 952 951
286 285 288
2366 2370 2365
2368 2365 2370
2015 2011 2014
2023 2014 2013
2025 2014 2023
2025 2027 2014
2030 2014 2027
2015 2014 2031
2031 2014 2030
2011 2013 2014
2015 2012 2011
2005 2010 2011
2007 2011 2012
2013 2011 2010
2018 2013 2010
2022 2013 2018
2022 2023 2013
2022 2024 2023
2025 2023 2024
2025 2024 2026
2025 2026 2027
2028 2027 2026
2028 1601 2027
1601 2030 2027
1595 2030 1601
2033 2031 2030
2034 2033 2030
2029 2028 2026
2017 2018 2010
2009 2016 2010
2017 2010 2016
2005 2009 2010
1893 2016 2009
2830 2271 2270
2829 2830 2270
2272 2262 2271
2271 2262 2270
2277 2270 2274
2270 2262 2274
2265 2274 2262
2260 2262 2273
2272 2273 2262
2263 2265 2262
2257 2263 2262
2280 2274 2275
2280 2279 2274
2279 2278 2274
2277 2274 2278
2275 2274 2265
2276 2265 2266
2276 2275 2265
2266 2265 2263
2267 2266 2263
906 907 908
909 908 907
909 910 908
909 911 910
912 910 911
912 911 913
912 913 914
915 914 913
915 916 914
915 917 916
916 917 918
919 918 917
920 918 919
167 164 166
163 166 164
167 166 168
167 168 169
170 169 168
170 171 169
170 172 171
173 171 172
174 173 172
1539 1531 1530
1529 1536 1530
1538 1530 1536
249 251 250
250 251 252
253 252 251
249 248 247
249 250 248
246 247 248
254 252 253
1991 1993 1989
1994 1989 1993
2931 2933 2934
2931 2932 2933
2934 2933 2938
2938 2933 2937
2936 2937 2933
2936 2933 2932
2939 2934 2938
2939 2938 2940
2938 2937 2940
2939 2940 2941
2941 2940 2942
2940 2937 2942
2943 2941 2942
2943 2942 2944
2942 2937 2944
2943 2944 2945
2945 2944 2946
2944 2937 2946
2945 2946 2947
2948 2947 2946
2948 2946 2937
2950 2947 2949
2948 2949 2947
2948 2937 2949
2950 2949 2951
2949 2937 2951
2950 2951 2952
2952 2951 2953
2951 2937 2953
2954 2952 2953
2954 2953 2955
2953 2937 2955
2936 2955 2937
2936 2935 2955
2954 2955 2935
2936 2932 2935
214 212 213
210 211 212
213 212 211
210 208 209
210 209 211
201 199 208
199 209 208
3004 3002 3003
3000 3001 3002
3002 3001 3003
3004 3005 2985
3004 3003 3005
3003 2987 3005
3001 2987 3003
3000 2999 3001
2999 2987 3001
3000 2997 2999
2998 2999 2997
2998 2987 2999
2998 2997 2996
2995 2996 2997
2998 2996 2987
2994 2987 2996
2995 2994 2996
2995 2993 2994
2993 2992 2994
2992 2987 2994
2991 2992 2993
2991 2990 2992
2990 2987 2992
2991 2989 2990
2988 2990 2989
2988 2987 2990
2988 2989 2984
2988 2984 2983
2988 2983 2987
2981 2983 2984
2986 2987 2983
2986 2983 2982
2981 2982 2983
2986 2982 2985
2986 2985 3005
2986 3005 2987
273 275 276
273 276 274
278 276 275
273 274 270
271 270 274
270 271 268
272 268 271
272 269 268
266 268 269
1995 1990 1994
1989 1994 1990
228 230 231
231 230 233
232 233 230
228 229 226
228 231 229
227 226 229
234 233 232
1496 1495 1503
1493 1494 1495
1501 1503 1495
198 200 197
203 202 200
197 200 202
203 205 204
203 204 202
207 206 205
206 204 205
281 283 284
281 284 282
286 284 283
281 282 279
280 279 282
280 277 279
280 278 277
275 277 278
285 286 283
254 253 256
253 255 256
259 256 255
1535 1526 1528
1524 1528 1526
1535 1534 1526
1530 1531 1526
1527 1526 1531
1532 1529 1526
1532 1526 1533
1534 1533 1526
1530 1526 1529
1489 1493 1490
1495 1490 1493
1487 1490 1491
1495 1496 1490
1497 1490 1496
1497 1498 1490
1499 1490 1498
1499 1500 1490
1491 1490 1500
1998 1996 1994
1996 1997 1994
2212 1997 1996
1998 1994 1999
1993 1999 1994
1995 1994 1997
2212 2051 1997
1995 1997 2053
2050 2053 1997
2051 2048 1997
2050 1997 2048
159 161 162
162 161 165
164 165 161
184 187 188
189 184 188
197 188 187
183 187 184
183 186 187
197 187 198
186 198 187
199 198 186
201 198 199
2357 2360 2361
2360 2365 2364
2361 2360 2364
2367 2365 2369
2368 2369 2365
2367 2364 2365
2372 2369 2368
223 222 225
224 225 222
227 225 226
224 226 225
2338 2342 2341
2345 2341 2342
2345 2344 2341
2345 2348 2344
2348 2347 2344
2346 2344 2347
2350 2347 2348
2307 2347 2351
2350 2351 2347
2350 2352 2351
2356 2351 2353
2352 2353 2351
2359 2357 2352
2353 2352 2357
2356 2353 2357
2356 2357 2358
2361 2358 2357
2360 2357 2359
2366 2360 2359
884 885 886
887 886 885
887 888 886
887 889 888
892 888 891
890 891 888
890 888 889
890 889 894
893 894 889
201 200 198
1537 1530 1538
3428 3431 3429
3434 3429 3431
3434 3431 3435
3434 3435 3436
3437 3436 3435
3437 3438 3436
3437 3439 3438
3440 3438 3439
3441 3440 3439
1984 1985 1983
1990 1988 1989
1988 1978 1989
1988 1980 1978
1991 1989 1978
1975 1978 1980
1977 1992 1978
1991 1978 1992
1975 1980 1979
1982 1981 1979
265 266 267
269 267 266
3458 3454 3459
3433 3459 3454
3185 3186 3187
3188 3192 3187
3184 3186 3185
3170 3171 3172
3173 3172 3171
3173 3174 3172
3173 3175 3174
3176 3174 3175
3177 3176 3175
1501 1495 1502
175 173 174
1025 1024 1023
1021 1023 1024
1021 1024 1022
1021 1022 1019
1020 1019 1022
1020 1018 1019
1017 1019 1018
1016 1017 1018
835 837 838
840 838 837
840 837 839
840 839 842
839 841 842
845 842 841
845 841 844
843 844 841
753 754 755
755 754 757
756 757 754
759 757 756
2527 2524 2528
2527 2528 2529
2529 2528 2531
2530 2531 2528
2522 2524 2523
2522 2525 2524
2527 2523 2524
2816 2525 2526
2530 2533 2531
2535 2531 2534
2533 2534 2531
2532 2529 2531
2803 2534 2533
2801 2534 2803
768 767 770
767 769 770
770 769 772
771 772 769
773 774 772
771 773 772
773 775 774
776 774 775
776 775 778
777 778 775
2145 2143 1695
2145 1695 1691
2144 1695 2143
1690 1689 1695
1691 1695 1689
1692 1691 1689
1694 1689 1688
1694 1693 1689
1692 1689 1693
1677 1689 1690
1677 1680 1689
1680 1688 1689
1678 1677 1690
1687 1688 1680
1697 1688 1699
1698 1699 1688
1698 1688 1696
1694 1688 1697
1687 1696 1688
1708 1697 1699
828 827 830
828 825 827
827 829 830
828 826 825
824 825 826
832 830 829
831 832 829
1650 2127 2128
2123 2128 2127
2123 2127 2124
2124 2127 2131
1679 2131 2127
1650 1679 2127
1637 1650 2128
2129 1637 2128
2123 2122 2128
2122 2129 2128
1640 1650 1637
1649 1679 1650
1676 1678 1679
1678 2131 1679
2134 2124 2131
2133 2134 2131
2132 2131 1678
2133 2131 2132
2204 2187 2124
2204 2124 2134
2125 2124 2187
1677 1678 1676
2120 2130 2122
2130 2129 2122
1638 1637 2129
1625 1638 2129
1638 1627 1637
1625 1627 1638
1625 1624 1627
1626 1627 1624
1623 1626 1624
857 856 859
854 856 855
857 855 856
858 859 856
860 861 858
861 859 858
852 854 853
2513 2511 2512
2510 2512 2511
2447 2510 2511
2514 2513 2512
1012 1013 1014
1015 1014 1013
1016 1014 1015
1012 1010 1011
1012 1011 1013
1009 1011 1010
1008 1009 1010
1007 1009 1008
2706 2711 2710
2712 2710 2711
2706 2697 2707
2708 2707 2697
2709 2708 2697
663 665 666
629 630 631
1670 1676 1651
1679 1649 1676
1676 1649 1651
1665 1651 1653
1651 1647 1653
1648 1651 1649
1648 1647 1651
1650 1640 1649
1648 1649 1640
1648 1640 1639
1648 1639 1647
1652 1653 1647
1652 1647 1646
1639 1641 1647
1641 1646 1647
1665 1653 1664
1652 1662 1653
1664 1653 1662
1652 1646 1655
1652 1655 1662
1642 1646 1641
1645 1646 1642
1645 1654 1646
1654 1655 1646
1634 1642 1641
1634 1641 1635
1635 1641 1639
1640 1636 1639
1636 1635 1639
1637 1636 1640
1627 1626 1636
1637 1627 1636
1626 1635 1636
1629 1635 1626
1634 1635 1629
1623 1629 1626
1660 1655 1654
1661 1660 1654
1663 1662 1655
1663 1655 1660
1663 1668 1664
1663 1664 1662
1667 1664 1668
2716 2715 2704
2703 2704 2715
2703 2696 2704
2705 2704 2696
2710 2704 2705
2712 2704 2710
2713 2704 2712
2703 2702 2696
2690 2697 2696
2701 2696 2702
2697 2705 2696
2706 2705 2697
2706 2710 2705
1059 1060 1061
1062 1061 1060
1062 1063 1061
1062 1064 1063
1063 1064 1065
1066 1065 1064
1067 1065 1066
853 854 855
844 843 847
846 847 843
846 849 847
846 848 849
851 849 848
851 848 850
851 850 853
852 853 850
2714 2718 2713
2718 2540 2713
2712 2714 2713
2717 2713 2540
2716 2713 2717
2704 2713 2716
2720 2540 2718
2720 2537 2540
2537 2536 2540
2539 2540 2536
2719 2717 2540
2719 2540 2539
2532 2536 2537
2542 2541 2536
2541 2539 2536
2531 2536 2532
1665 1666 1669
1667 1672 1666
1672 1671 1666
1671 1669 1666
1667 1666 1664
1664 1666 1665
1670 1669 1675
1674 1675 1669
1674 1669 1673
1671 1673 1669
1670 1665 1669
1651 1665 1670
1676 1670 1675
1676 1675 1677
1674 1681 1675
1680 1675 1681
1680 1677 1675
1674 1682 1681
1674 1673 1682
1684 1673 1671
1684 1683 1673
1683 1682 1673
1684 1671 1672
1683 1685 1682
1685 1686 1682
1686 1681 1682
1680 1681 1687
1687 1681 1686
1700 1687 1686
1830 1686 1685
1048 1050 1051
1053 1051 1050
1053 1050 1052
1053 1052 1055
1052 1054 1055
1055 1054 1057
1056 1057 1054
1059 1057 1058
1056 1058 1057
1060 1059 1058
70 71 64
70 64 66
70 72 71
63 66 64
74 73 72
71 72 73
75 73 74
2856 2859 2857
2856 2857 2858
2880 2862 2859
2859 2862 2857
2858 2857 2861
2862 2860 2857
2861 2857 2860
2863 2858 2861
2863 2861 2864
2864 2861 2860
2863 2864 2865
2865 2864 2866
2866 2864 2860
2867 2865 2866
2867 2866 2868
2868 2866 2860
2867 2868 2869
2870 2869 2868
2870 2868 2860
2870 2871 2869
2872 2869 2871
2870 2860 2871
2872 2871 2873
2873 2871 2860
2872 2873 2874
2874 2873 2875
2875 2873 2860
2876 2874 2875
2876 2875 2877
2877 2875 2860
2876 2877 2878
2878 2877 2879
2879 2877 2860
2880 2878 2879
2880 2879 2862
2862 2879 2860
110 112 113
115 113 112
115 112 114
115 114 117
116 117 114
116 119 117
116 118 119
119 118 121
120 121 118
122 121 120
1470 1469 1474
1473 1474 1469
1471 1472 1469
1710 1699 1705
0 1 2
3 2 1
3 4 2
3 5 4
4 5 6
7 6 5
8 6 7
137 139 140
137 140 138
140 139 142
137 138 135
136 135 138
143 142 141
141 142 139
2918 2916 2917
2914 2915 2916
2916 2915 2917
2918 2917 2919
2918 2919 2920
2917 2912 2919
2915 2912 2917
2913 2912 2915
2914 2913 2915
2914 2909 2913
2913 2908 2912
2909 2908 2913
2906 2908 2909
2906 2907 2908
2907 2911 2908
2911 2912 2908
2910 2911 2907
2930 2912 2911
2910 2930 2911
2910 2929 2930
2928 2912 2930
2929 2928 2930
2927 2928 2929
2926 2912 2928
2927 2926 2928
2927 2925 2926
2924 2912 2926
2925 2924 2926
2923 2924 2925
2922 2912 2924
2923 2922 2924
2923 2920 2922
2921 2922 2920
2921 2912 2922
2921 2919 2912
2921 2920 2919
53 54 55
56 55 54
56 57 55
56 58 57
57 58 59
60 59 58
61 59 60
1505 1507 1506
1510 1506 1507
1508 1509 1506
2794 2793 2796
28 29 26
31 29 28
24 26 27
30 26 29
30 27 26
24 25 22
24 27 25
20 22 23
23 22 25
1712 1711 1705
3329 3333 3330
3328 3329 3330
3332 3333 3329
3333 3334 3330
3354 3334 3333
3332 3354 3333
3335 3330 3334
3331 3330 3335
3328 3330 3331
3336 3331 3335
3335 3334 3337
3336 3335 3337
3336 3337 3338
3337 3334 3339
3338 3337 3339
3340 3338 3339
3339 3334 3341
3340 3339 3341
3340 3341 3342
3341 3334 3343
3342 3341 3343
3344 3342 3343
3343 3334 3345
3344 3343 3345
3344 3345 3346
3345 3334 3347
3346 3345 3347
3348 3346 3347
3347 3334 3349
3348 3347 3349
3348 3349 3350
3349 3334 3351
3350 3349 3351
3351 3334 3353
3355 3334 3354
3356 3334 3355
3357 3334 3356
3357 3353 3334
3352 3350 3351
3352 3351 3353
3352 3353 3358
3357 3358 3353
3357 3356 3358
3359 3358 3356
3359 3356 3355
3359 3355 3360
3360 3355 3354
3332 3360 3354
2806 2797 2800
2796 2800 2797
2806 2800 2805
2806 2805 2809
2809 2805 2808
2807 2808 2805
2811 2809 2808
2810 2808 2807
863 865 864
2205 2156 2153
2148 2153 2156
2205 2206 2207
2205 2153 2206
1711 2207 1710
1710 2207 2206
867 871 872
3266 3267 3263
3266 3294 3288
3266 3288 3267
3262 3263 3264
3263 3267 3264
3288 3268 3267
3267 3268 3264
3289 3268 3288
3294 3289 3288
3293 3289 3294
3290 3268 3289
3293 3290 3289
3293 3292 3290
3291 3268 3290
3292 3291 3290
3292 3286 3291
3287 3268 3291
3287 3291 3286
3284 3285 3286
3287 3286 3285
3287 3285 3268
3283 3268 3285
3284 3283 3285
3284 3282 3283
3281 3268 3283
3282 3281 3283
3280 3281 3282
3279 3268 3281
3280 3279 3281
3280 3278 3279
3277 3268 3279
3278 3277 3279
3276 3277 3278
3275 3268 3277
3276 3275 3277
3269 3264 3268
3269 3268 3271
3271 3268 3273
3273 3268 3275
3274 3273 3275
3276 3274 3275
3272 3271 3273
3272 3273 3274
3269 3271 3270
3272 3270 3271
3269 3265 3264
3269 3270 3265
3262 3264 3265
2807 2805 2799
2800 2799 2805
2800 2796 2799
2798 2799 2796
2206 2153 2208
2152 2208 2153
2206 2208 1710
1709 1710 2208
867 868 866
869 866 868
872 868 867
865 866 864
865 867 866
870 866 869
862 863 864
122 120 123
2171 2139 2140
2139 2135 2140
2136 2135 2139
2174 2140 2141
2141 2140 2135
2171 2140 2169
2170 2169 2140
2141 2135 2138
2138 2135 1690
2136 2132 2135
1690 2135 2132
2136 2137 2132
1678 1690 2132
2133 2132 2137
2138 1690 1695
2142 2138 1695
2144 2146 1695
2142 1695 2146
2149 2146 2144
2170 2164 2169
2165 2169 2164
2493 2492 2489
2491 2489 2492
2493 2518 2492
2518 2517 2492
2516 2492 2517
2516 2517 2513
2516 2513 2515
2519 2517 2518
2519 2518 2520
2519 2520 2521
2522 2521 2520
2523 2521 2522
2525 2522 2526
2815 2816 2526
2514 2515 2513
2491 2490 2489
2490 2488 2489
2487 2489 2488
2486 2487 2488
1015 1017 1016
1463 1462 1465
1464 1465 1462
1467 1465 1466
1464 1466 1465
833 835 836
833 836 834
838 836 835
833 834 831
832 831 834
1444 1446 1447
1444 1447 1445
1449 1447 1446
1444 1445 1442
1443 1442 1445
1443 1440 1442
1441 1442 1440
1438 1439 1440
1441 1440 1439
1448 1449 1446
1167 1169 1170
19 20 21
1711 1710 1705
1504 1505 1506
1450 1451 1448
1449 1448 1451
1450 1453 1451
1450 1452 1453
1455 1453 1452
1455 1452 1454
1455 1454 1457
1456 1457 1454
1456 1459 1457
1456 1458 1459
1461 1459 1458
1461 1458 1460
1461 1460 1463
1462 1463 1460
2484 2480 2483
2484 2485 2480
2484 2483 2820
2482 2483 2480
2481 2482 2480
2820 2483 2818
2821 2818 2483
2821 2483 2482
2817 2820 2818
2821 2819 2818
2817 2818 2812
2819 2812 2818
2817 2812 2814
2811 2812 2819
2814 2812 2808
2811 2808 2812
2813 2814 2808
2813 2808 2810
2813 2810 2815
2816 2815 2810
2479 2485 2486
2487 2486 2485
2150 2144 2151
2149 2144 2150
2151 2144 2148
2151 2148 2154
2157 2151 2154
2143 2147 2144
2147 2148 2144
2153 2148 2147
2155 2154 2148
2156 2155 2148
2157 2154 2158
2158 2154 2159
2160 2159 2154
2160 2154 2155
2161 2158 2159
2161 2159 2162
2163 2162 2159
2160 2163 2159
2161 2162 2164
2165 2164 2162
2168 2162 2163
2152 2153 2147
763 765 766
763 766 764
768 766 765
763 764 760
761 760 764
767 768 765
3546 3547 3545
3546 3531 3547
3546 3545 3544
3546 3544 3531
3543 3544 3545
3548 3545 3547
3548 3547 3549
3549 3547 3531
3548 3549 3550
3550 3549 3551
3551 3549 3531
3555 3550 3551
3555 3551 3552
3552 3551 3531
3555 3552 3556
3556 3552 3553
3553 3552 3531
3557 3556 3553
3557 3553 3554
3554 3553 3531
3557 3554 3558
3532 3558 3554
3532 3554 3531
3532 3529 3558
3532 3527 3529
3532 3531 3527
3526 3529 3527
3528 3527 3530
3530 3527 3531
3526 3527 3528
3544 3542 3531
3540 3531 3542
3540 3538 3531
3538 3536 3531
3536 3534 3531
3534 3530 3531
3533 3530 3534
3533 3528 3530
3535 3534 3536
3533 3534 3535
3537 3536 3538
3537 3535 3536
3540 3539 3538
3537 3538 3539
3540 3542 3541
3540 3541 3539
3543 3542 3544
3543 3541 3542
2485 2479 2480
2478 2476 2479
2478 2472 2476
2470 2472 2468
2473 2468 2472
1173 1176 1177
1173 1177 1174
1179 1177 1176
1173 1174 1171
1175 1171 1174
1169 1171 1172
1175 1172 1171
1178 1179 1176
2197 2166 2167
2191 2197 2167
2165 2162 2166
3093 3089 3090
3093 3088 3089
3093 3090 3094
3088 3087 3089
3090 3089 3069
3089 3087 3069
3091 3090 3069
3094 3090 3091
3095 3094 3091
3092 3091 3069
3095 3091 3092
3095 3092 3096
3070 3096 3092
3070 3092 3069
3070 3067 3096
3070 3065 3067
3070 3069 3065
3064 3067 3065
3064 3065 3066
3068 3065 3069
3066 3065 3068
3071 3066 3068
3072 3068 3069
3071 3068 3072
3071 3072 3073
3073 3072 3074
3074 3072 3069
3075 3073 3074
3076 3074 3069
3075 3074 3076
3075 3076 3077
3078 3076 3069
3077 3076 3078
3082 3080 3069
3084 3082 3069
3084 3069 3085
3087 3085 3069
3080 3078 3069
3079 3077 3078
3079 3078 3080
3079 3080 3081
3081 3080 3082
3081 3082 3083
3084 3083 3082
3084 3085 3083
3086 3083 3085
3086 3085 3087
3086 3087 3088
2199 2192 2167
2199 2198 2192
2193 2192 2198
2191 2167 2192
2185 2191 2192
2168 2199 2167
2166 2162 2167
2168 2167 2162
2201 2193 2198
2481 2480 2477
2479 2476 2480
2480 2476 2477
2477 2476 2471
2472 2470 2476
2470 2471 2476
2467 2471 2470
1191 1190 1193
1191 1188 1190
1192 1193 1190
1191 1189 1188
1188 1189 1186
1187 1186 1189
1184 1186 1185
1187 1185 1186
1184 1185 1182
1183 1182 1185
1166 1167 1168
1170 1168 1167
2495 2496 2494
2495 2494 2491
2498 2497 2496
2497 2494 2496
2490 2491 2494
2498 2499 2497
2498 2500 2499
2501 2499 2500
2501 2500 2503
2502 2503 2500
2505 2502 2507
2510 2509 2507
1143 1144 1141
1145 1141 1144
1143 1147 1144
1139 1141 1142
1145 1142 1141
1140 1139 1142
1138 1139 1140
1149 1147 1146
1143 1146 1147
1149 1146 1148
1149 1148 1151
1148 1150 1151
1151 1150 1153
1152 1153 1150
1154 1155 1153
1152 1154 1153
1154 1156 1155
1157 1155 1156
1157 1156 1159
1158 1159 1156
1161 1159 1160
1158 1160 1159
1161 1160 1162
1161 1162 1163
1164 1163 1162
1165 1163 1164
2178 2180 2181
2181 2180 2183
2182 2183 2180
2178 2179 2176
2178 2181 2179
2177 2175 2176
2177 2176 2179
2172 2176 2175
2172 2175 2173
2172 2173 2171
2139 2171 2173
2182 2186 2183
2187 2183 2125
2186 2125 2183
1212 1213 1210
1211 1210 1213
1212 1214 1213
1214 1215 1213
1208 1210 1209
1211 1209 1210
1208 1207 1206
1204 1206 1207
1217 1215 1216
1214 1216 1215
1218 1219 1216
1217 1216 1219
1218 1220 1219
1220 1221 1219
1222 1221 1220
1223 1221 1222
2100 2102 2200
2100 2098 2102
2201 2200 2193
2200 2102 2193
2098 2101 2102
2202 2102 2101
2202 2195 2102
2195 2193 2102
2103 2101 2098
2195 2185 2193
2194 2185 2195
2192 2193 2185
2194 2190 2185
2191 2185 2184
2190 2186 2185
2182 2185 2186
2182 2184 2185
2189 2186 2190
2196 2191 2184
2107 2104 2106
1181 1179 1180
1181 1180 1183
1178 1180 1179
1182 1183 1180
1170 1169 1172
2456 2463 2457
2463 2467 2464
2463 2464 2457
2458 2457 2466
2465 2466 2457
2465 2457 2464
2465 2464 2469
2469 2464 2468
2467 2468 2464
2470 2468 2467
2475 2469 2468
2475 2468 2474
2473 2474 2468
2473 2822 2474
2506 2474 2822
2506 2822 2504
2506 2504 2503
2501 2503 2504
21 20 23
2794 2796 2797
2417 2825 2462
2461 2462 2825
2090 2086 2085
1207 1208 1209
3516 3514 3498
3515 3514 3516
3515 3512 3514
3513 3514 3512
3513 3498 3514
3515 3516 3517
3518 3516 3498
3517 3516 3518
3522 3517 3518
3519 3518 3498
3522 3518 3519
3522 3519 3523
3520 3519 3498
3523 3519 3520
3524 3523 3520
3521 3520 3498
3524 3520 3521
3524 3521 3525
3499 3521 3498
3499 3525 3521
3499 3496 3525
3499 3498 3494
3499 3494 3496
3493 3496 3494
3493 3494 3495
3497 3494 3498
3495 3494 3497
3500 3495 3497
3501 3497 3498
3500 3497 3501
3503 3501 3498
3505 3503 3498
3507 3505 3498
3509 3507 3498
3511 3509 3498
3513 3511 3498
3500 3501 3502
3502 3501 3503
3504 3502 3503
3504 3503 3505
3504 3505 3506
3506 3505 3507
3508 3506 3507
3508 3507 3509
3508 3509 3510
3510 3509 3511
3510 3511 3512
3513 3512 3511
2449 2455 2453
2449 2453 2454
2459 2453 2455
2458 2454 2453
2089 2092 2093
2089 2094 2092
2094 2096 2092
2097 2092 2096
2098 2092 2097
2098 2093 2092
2099 2092 2093
2099 2093 2092
2103 2098 2097
2104 2097 2096
2105 2096 2094
1203 1204 1205
1207 1205 1204
1203 1200 1202
1203 1202 1204
1198 1199 1200
1201 1200 1199
1201 1202 1200
1198 1196 1197
1198 1197 1199
1194 1195 1196
1195 1197 1196
2116 2114 2109
2113 2116 2109
2119 2116 2113
2120 2114 2116
2123 2115 2114
2122 2123 2114
2120 2122 2114
2114 2115 2109
2124 2115 2123
2126 2118 2115
2124 2125 2115
2126 2115 2125
2118 2109 2115
2203 2126 2125
2203 2125 2188
2186 2188 2125
2189 2188 2186
2117 2109 2118
2117 2111 2109
2107 2106 2111
2111 2106 2109
2108 2109 2106
2108 2112 2109
2112 2113 2109
1223 1222 1225
1224 1225 1222
1227 1225 1226
1224 1226 1225
2452 2445 2448
2452 2449 2445
2451 2444 2445
2451 2445 2450
2449 2450 2445
2443 2448 2445
2443 2445 2442
2444 2442 2445
2454 2450 2449
2446 2447 2442
2446 2442 2444
2443 2442 2441
2440 2441 2442
2446 2509 2447
2510 2447 2509
2508 2507 2509
2508 2505 2507
2503 2502 2505
2439 2441 2440
502 504 505
505 504 507
504 506 507
510 507 506
510 506 509
508 509 506
2727 2721 2728
2725 2709 2721
2722 2721 2693
2709 2693 2721
2722 2728 2721
2697 2693 2709
2724 2693 2694
2722 2693 2723
2697 2690 2693
2724 2723 2693
2694 2693 2691
2690 2691 2693
2695 2694 2691
1873 1868 1871
1874 1868 1873
2046 1873 1871
1858 1869 1868
1868 1869 1871
2046 1871 1872
1871 1869 1872
2046 1872 2045
1870 1620 1872
2045 1872 2044
2044 1872 1620
1870 1872 1869
1858 1859 1869
1870 1869 1859
1870 1630 1620
1870 1859 1630
1618 2044 1620
1621 1615 1620
1618 1620 1615
1621 1620 1630
1618 1619 2044
2043 2045 2044
2043 2044 1619
1618 1615 1614
1618 1614 1619
1606 1614 1615
1606 1615 1611
1611 1615 1622
1622 1615 1621
1623 1622 1621
1623 1621 1628
1628 1621 1630
1631 1628 1630
1631 1630 1859
1612 1611 1622
1613 1616 1614
1616 1619 1614
2043 1619 1616
2043 1616 2042
2041 2042 1616
935 937 938
935 938 936
940 938 937
935 936 933
934 933 936
934 931 933
934 932 931
929 931 932
930 929 932
927 929 930
939 940 937
2727 2732 2729
2727 2729 2721
2734 2269 2732
2732 2269 2729
2731 2729 2733
2733 2729 2269
2731 2726 2729
2726 2721 2729
2734 2268 2269
2735 2733 2269
2735 2269 2264
2264 2269 2263
2268 2263 2269
2267 2263 2268
2259 2264 2263
2257 2259 2263
2029 2036 2035
2029 2035 2028
2028 2035 1602
2036 2037 2035
1603 1602 2035
1603 2035 2037
2038 2037 2036
2038 2039 2037
1603 2037 1604
2039 1604 2037
1603 1599 1602
1603 1604 1599
1601 1602 1594
1594 1602 1599
1601 2028 1602
1587 1599 1600
1587 1594 1599
1600 1599 1605
1605 1599 1604
1613 1604 1617
1613 1605 1604
2039 1617 1604
2040 1617 2039
2038 2040 2039
1616 1613 1617
1616 1617 2041
2041 1617 2040
1606 1605 1613
1606 1600 1605
996 995 998
641 643 642
642 643 644
645 644 643
641 640 639
641 642 640
637 639 638
638 639 640
634 637 638
646 644 645
926 924 925
926 925 928
922 923 924
923 925 924
927 928 925
930 928 927
922 921 923
922 920 921
919 921 920
1594 1587 1586
1592 1586 1585
1598 1595 1586
1578 1585 1586
1587 1578 1586
1597 1598 1586
1597 1586 1596
1592 1596 1586
1594 1586 1595
1601 1594 1595
2049 1595 2056
2056 1595 1598
1580 1585 1578
1582 1578 1587
1580 1588 1585
1593 1585 1588
1592 1585 1591
1590 1591 1585
947 948 949
948 950 949
951 949 950
2380 2261 2260
2378 2380 2260
2258 2257 2261
2260 2261 2257
2258 2255 2257
2259 2257 2256
2256 2257 2255
2254 2256 2255
2254 2255 2252
2254 2252 2250
2249 2250 2252
2249 2252 2251
2249 2248 2250
2249 2251 2253
2249 2247 2248
2393 2253 2251
2242 2248 2247
651 653 654
651 654 652
656 654 653
651 652 649
650 649 652
649 650 647
648 647 650
645 647 646
648 646 647
655 656 653
993 995 994
996 994 995
997 998 995
993 992 991
993 994 992
990 991 992
969 971 970
972 970 971
969 970 967
968 967 970
967 968 965
966 965 968
963 965 964
966 964 965
961 963 962
962 963 964
2960 2961 2957
2960 2979 2980
2960 2980 2961
2956 2957 2958
2957 2961 2958
2961 2962 2958
2980 2962 2961
2979 2978 2980
2978 2962 2980
2977 2978 2979
2977 2976 2978
2976 2962 2978
2977 2974 2976
2975 2976 2974
2975 2962 2976
2975 2974 2973
2972 2973 2974
2975 2973 2962
2972 2971 2973
2971 2962 2973
2972 2970 2971
2970 2969 2971
2969 2962 2971
2968 2969 2970
2968 2967 2969
2967 2962 2969
2968 2966 2967
2966 2965 2967
2965 2962 2967
2964 2965 2966
2964 2963 2965
2963 2962 2965
2964 2959 2963
2959 2958 2963
2963 2958 2962
2956 2958 2959
259 255 258
257 258 255
257 261 258
257 260 261
261 260 263
262 263 260
264 263 262
180 181 182
183 182 181
184 182 183
180 178 179
180 179 181
176 177 178
177 179 178
2052 2050 2049
151 153 154
151 154 152
156 154 153
151 152 149
150 149 152
150 147 149
150 148 147
145 147 148
146 145 148
155 156 153
1523 1525 1524
1528 1524 1525
1526 1527 1524
2059 2052 2058
2057 2058 2049
2049 2058 2052
2059 2060 2052
2059 2062 2060
2059 2063 2062
2061 2055 2052
2061 2052 2060
2050 2052 2055
2061 2060 2064
2067 2064 2062
2065 2062 2063
2368 2371 2372
2377 2372 2371
2377 2371 2375
2373 2376 2371
2374 2371 2376
2374 2375 2371
2374 2382 2383
2374 2376 2382
2386 2383 2382
2385 2384 2383
2384 2375 2383
1522 1523 1524
3144 3142 3143
3141 3143 3142
3140 3141 3142
3145 3144 3143
245 243 244
242 243 238
239 238 243
242 244 243
239 236 238
240 241 238
242 238 241
239 237 236
235 236 237
296 295 297
298 297 295
3492 3488 3466
3492 3491 3488
3492 3466 3463
3487 3488 3491
3487 3491 3490
3487 3490 3486
3489 3486 3490
3485 3486 3489
3483 3485 3489
3460 3463 3461
3463 3466 3461
3460 3461 3462
3464 3462 3461
3467 3462 3464
182 184 185
189 185 184
1486 1487 1488
144 145 146
956 955 957
956 957 958
959 958 957
956 953 955
954 955 953
951 952 953
954 953 952
2368 2373 2371
3022 3023 3024
3027 3024 3026
3025 3026 3024
3025 3024 3023
3022 3021 3023
3022 3020 3021
3021 3012 3023
3025 3023 3012
3025 3012 3026
3027 3026 3028
3026 3012 3028
3027 3028 3029
3029 3028 3030
3028 3012 3030
3010 3029 3030
3010 3030 3011
3030 3012 3011
3010 3011 3007
3011 3012 3008
3007 3011 3008
3006 3007 3008
3009 3008 3013
3013 3008 3012
3006 3008 3009
3014 3009 3013
3014 3013 3015
3013 3012 3015
3014 3015 3016
3016 3015 3017
3015 3012 3017
3018 3016 3017
3018 3017 3019
3017 3012 3019
3018 3019 3020
3020 3019 3021
3019 3012 3021
218 220 219
219 220 221
222 221 220
218 217 216
218 219 217
215 216 217
223 221 222
196 194 195
192 193 194
195 194 193
192 190 191
192 191 193
189 191 190
185 189 190
1488 1487 1492
1491 1492 1487
1489 1490 1487
291 293 294
291 294 292
296 294 293
291 292 289
290 289 292
287 289 288
290 288 289
285 287 288
295 296 293
2055 2054 2050
3488 3487 3465
3486 3465 3487
3488 3465 3466
3461 3466 3465
3461 3465 3464
3467 3464 3468
3464 3465 3468
3467 3468 3469
3469 3468 3470
3470 3468 3465
3471 3469 3470
3471 3470 3472
3472 3470 3465
3471 3472 3473
3473 3472 3474
3474 3472 3465
3475 3473 3474
3475 3474 3476
3476 3474 3465
3475 3476 3477
3478 3476 3465
3477 3476 3478
3479 3477 3478
3480 3478 3465
3479 3478 3480
3482 3480 3465
3484 3482 3465
3485 3484 3465
3486 3485 3465
3479 3480 3481
3481 3480 3482
3483 3482 3484
3483 3481 3482
3483 3484 3485
3134 3162 3157
3158 3162 3161
3158 3157 3162
3134 3157 3135
3134 3135 3131
3157 3136 3135
3158 3136 3157
3158 3159 3136
3158 3161 3159
3160 3159 3161
3156 3136 3159
3160 3156 3159
3154 3136 3156
3154 3152 3136
3150 3136 3152
3143 3136 3145
3137 3136 3139
3143 3141 3136
3137 3132 3136
3141 3139 3136
3135 3136 3132
3147 3145 3136
3131 3135 3132
3137 3133 3132
3130 3131 3132
3130 3132 3133
3137 3139 3138
3137 3138 3133
3140 3139 3141
3140 3138 3139
2374 2383 2375
3413 3412 3414
3413 3411 3412
3413 3414 3415
3414 3412 3399
3411 3410 3412
3412 3410 3399
3415 3414 3416
3416 3414 3399
3415 3416 3417
3418 3417 3416
3418 3416 3399
3423 3417 3419
3418 3419 3417
3418 3399 3419
3423 3419 3420
3420 3419 3399
3423 3420 3424
3424 3420 3421
3421 3420 3399
3425 3424 3421
3425 3421 3422
3422 3421 3399
3425 3422 3426
3400 3426 3422
3400 3422 3399
3400 3397 3426
3400 3395 3397
3400 3399 3395
3394 3397 3395
3396 3395 3398
3398 3395 3399
3394 3395 3396
3401 3396 3398
3401 3398 3402
3402 3398 3399
3410 3408 3399
3408 3406 3399
3406 3404 3399
3404 3402 3399
3403 3402 3404
3401 3402 3403
3405 3404 3406
3405 3403 3404
3407 3406 3408
3405 3406 3407
3409 3408 3410
3409 3407 3408
3409 3410 3411
2064 2060 2062
3151 3150 3152
3151 3152 3153
3151 3149 3150
3136 3150 3148
3149 3148 3150
3149 3146 3148
3147 3148 3146
3136 3148 3147
3144 3145 3146
3145 3147 3146
3154 3153 3152
3154 3155 3153
3154 3156 3155
3160 3155 3156
2233 2235 2236
2239 2236 2235
2239 2235 2240
2234 2237 2235
2440 2237 2238
2234 2238 2237
2242 2243 2240
1581 1579 1584
1584 1579 1583
1578 1582 1579
1578 1579 1576
1577 1576 1579
1581 1577 1579
1582 1583 1579
2209 1584 1583
2209 1583 2121
2121 1583 1610
1608 1583 1582
1608 1610 1583
1587 1600 1582
1608 1582 1600
1608 1609 1610
1608 1607 1609
1608 1600 1607
2130 1610 1609
2120 2121 1610
2120 1610 2130
1625 1609 1612
1612 1609 1607
2130 1609 1625
1606 1607 1600
1606 1611 1607
1611 1612 1607
1624 1625 1612
2129 2130 1625
2730 2725 2726
2730 2708 2725
2721 2726 2725
2709 2725 2708
1003 1005 1006
1003 1006 1004
1008 1006 1005
1003 1004 1001
1002 1001 1004
1002 999 1001
1002 1000 999
997 999 1000
998 997 1000
1007 1008 1005
631 630 633
630 632 633
636 633 632
634 635 632
636 632 635
638 635 634
661 663 664
661 664 662
666 664 663
661 662 659
660 659 662
660 657 659
660 658 657
655 657 658
656 655 658
1433 1434 1435
1435 1434 1437
1436 1437 1434
1574 1575 1569
1575 1576 1569
1580 1576 1575
1573 1569 1568
1570 1566 1569
1566 1568 1569
1570 1569 1576
1578 1576 1580
1564 1566 1567
1573 1568 1572
1571 1572 1568
2079 1572 1571
2440 2238 2439
495 497 498
496 495 498
499 498 497
500 499 497
1408 1409 1410
1413 1410 1409
1413 1409 1412
1411 1412 1409
1411 1414 1412
1415 1412 1414
1415 1414 1416
1415 1416 1417
1418 1417 1416
1418 1419 1417
1418 1420 1419
1421 1419 1420
2240 2243 2241
2242 2247 2243
2246 2241 2243
2246 2245 2241
2244 2241 2245
2409 2436 2245
2436 2435 2245
2435 2244 2245
2433 2244 2435
2409 2408 2436
2409 2404 2408
2405 2408 2404
486 485 488
2086 2084 1552
2083 1552 2084
1540 1541 1542
2413 2416 2412
2414 2412 2416
2825 2417 2416
2414 2416 2417
473 474 475
477 475 474
1555 2121 2116
2120 2116 2121
2211 1555 2119
2211 1557 1555
2116 2119 1555
1557 1551 1555
1556 1551 1557
1550 1544 1551
1543 1551 1544
1556 1550 1551
1549 1544 1550
1543 1544 1541
1542 1541 1544
1549 1548 1544
1552 1544 1548
2086 1552 2085
1552 1548 2085
2087 2085 1548
2087 2088 2085
2089 2085 2088
2419 2414 2418
2417 2418 2414
2824 2418 2417
2419 2420 2414
2415 2414 2420
2422 2421 2420
2415 2420 2421
2422 2424 2423
2422 2423 2421
2425 2423 2424
2426 2424 2427
2438 2437 2427
2439 2437 2438
532 530 531
532 531 534
529 530 527
528 527 530
529 531 530
533 534 531
527 528 525
526 525 528
523 525 524
526 524 525
523 524 521
522 521 524
521 522 519
520 519 522
517 519 518
520 518 519
517 518 515
516 515 518
515 516 513
514 513 516
511 513 512
514 512 513
511 512 508
509 508 512
501 502 503
505 503 502
2104 2096 2106
2105 2106 2096
2105 2110 2106
2108 2106 2110
483 485 484
486 484 485
2455 2449 2452
2244 2433 2434
2432 2434 2433
2432 2433 2431
2432 2431 2430
2431 2429 2430
2430 2429 2428
2425 2428 2429
2425 2424 2428
2424 2426 2428
2427 2437 2426
2238 2437 2439
1543 1553 1554
1559 1554 1553
1559 1553 1560
1543 1554 1551
1555 1551 1554
1555 1554 1558
1555 1558 2121
2210 2121 1558
2209 2121 2210
1560 1562 1561
1559 1560 1561
1563 1562 1565
1564 1565 1562
1563 1561 1562
1564 1567 1565
1566 1570 1567
1577 1570 1576
2233 2234 2235
455 456 453
454 453 456
456 455 458
452 453 451
454 451 453
452 451 450
449 450 451
449 448 450
449 447 448
446 448 447
445 446 447
460 458 459
457 459 458
457 458 455
460 459 461
460 461 462
463 462 461
463 464 462
463 465 464
464 465 466
465 467 466
468 466 467
468 467 470
469 470 467
471 470 469
472 471 469
2239 2240 2241
474 476 477
477 476 479
476 478 479
482 479 478
482 478 481
480 481 478
484 481 483
480 483 481
3226 3222 3223
3226 3225 3222
3226 3223 3227
3221 3201 3222
3223 3222 3201
3221 3222 3225
3224 3223 3201
3227 3223 3224
3228 3227 3224
3202 3224 3201
3228 3224 3202
3228 3202 3199
3199 3202 3197
3202 3201 3197
3196 3199 3197
3198 3197 3200
3200 3197 3201
3196 3197 3198
3203 3198 3200
3203 3200 3204
3204 3200 3201
3203 3204 3205
3205 3204 3206
3206 3204 3201
3207 3205 3206
3207 3206 3208
3208 3206 3201
3207 3208 3209
3210 3208 3201
3209 3208 3210
3211 3209 3210
3211 3210 3212
3212 3210 3201
3214 3212 3201
3219 3217 3201
3216 3201 3217
3216 3214 3201
3221 3219 3201
3211 3212 3213
3213 3212 3214
3216 3215 3214
3213 3214 3215
3216 3217 3215
3218 3215 3217
3218 3217 3219
3221 3220 3219
3218 3219 3220
3221 3225 3220
2459 2462 2453
2461 2453 2462
2461 2460 2453
2456 2453 2460
2458 2453 2457
2456 2457 2453
2459 2823 2462
2824 2462 2823
2417 2462 2824
2088 2091 2089
2094 2089 2091
2090 2089 2095
2093 2095 2089
2085 2089 2090
2093 2098 2095
2100 2095 2098
3037 3059 3036
3062 3058 3059
3037 3063 3059
3062 3059 3063
3059 3058 3036
3037 3034 3063
3037 3036 3032
3037 3032 3034
3031 3034 3032
3033 3032 3035
3031 3032 3033
3035 3032 3036
3038 3033 3035
3039 3035 3036
3038 3035 3039
3038 3039 3040
3041 3039 3036
3040 3039 3041
3042 3040 3041
3043 3041 3036
3042 3041 3043
3042 3043 3044
3045 3043 3036
3044 3043 3045
3046 3044 3045
3047 3045 3036
3046 3045 3047
3049 3047 3036
3051 3049 3036
3051 3036 3052
3054 3052 3036
3056 3054 3036
3057 3056 3036
3058 3057 3036
3046 3047 3048
3048 3047 3049
3048 3049 3050
3051 3050 3049
3051 3052 3050
3053 3050 3052
3053 3052 3054
3053 3054 3055
3055 3054 3056
3060 3056 3057
3060 3055 3056
3061 3057 3058
3060 3057 3061
3062 3061 3058
489 488 487
485 487 488
489 490 488
490 491 492
489 491 490
491 493 492
494 492 493
494 493 496
495 496 493
2410 2406 2411
2414 2415 2411
2410 2405 2406
2404 2402 2405
1542 1544 1545
1552 1545 1544
1571 2081 2079
2397 2399 2396
2397 2396 2394
2397 2400 2399
2398 2396 2399
2400 2402 2399
2401 2399 2402
2398 2399 2401
2398 2395 2396
2394 2396 2390
2395 2390 2396
2391 2394 2390
2389 2390 2395
2391 2390 2385
2389 2385 2390
2391 2385 2386
2389 2388 2385
2388 2387 2385
2383 2386 2385
2384 2385 2387
2388 2392 2387
2393 2387 2392
2253 2393 2392
2404 2401 2402
2403 2402 2400
958 959 960
959 961 960
962 960 961
2080 2077 2079
2077 2076 2079
2074 2076 2077
1572 2079 2078
2078 2079 2076
2074 2070 2076
2075 2076 2070
2078 2076 2075
2074 2069 2070
2073 2075 2070
2069 2066 2070
2068 2070 2066
2073 2070 2068
2067 2066 2069
2068 2066 1589
2065 1589 2066
2067 2062 2066
2062 2065 2066
2071 2068 1589
1593 1589 1585
1593 2072 1589
2071 1589 2072
1590 1589 2065
1590 1585 1589
1430 1432 1431
1433 1431 1432
1434 1433 1432
1430 1429 1428
1430 1431 1429
1426 1428 1427
1427 1428 1429
1426 1425 1424
1426 1427 1425
1423 1422 1424
1423 1424 1425
1420 1422 1421
1423 1421 1422
3097 3098 3099
3099 3098 3101
3104 3099 3101
3097 3100 3098
3101 3098 3102
3103 3102 3098
3103 3098 3100
3104 3101 3105
3105 3101 3102
3104 3105 3106
3106 3105 3107
3107 3105 3102
3108 3106 3107
3108 3107 3109
3109 3107 3102
3108 3109 3110
3110 3109 3111
3111 3109 3102
3112 3110 3111
3112 3111 3113
3113 3111 3102
3112 3113 3114
3115 3113 3102
3114 3113 3115
3114 3115 3116
3117 3116 3115
3117 3115 3102
3117 3118 3116
3119 3116 3118
3117 3102 3118
3119 3118 3120
3120 3118 3102
3119 3120 3121
3121 3120 3122
3122 3120 3102
3123 3122 3102
3103 3125 3102
3125 3124 3102
3124 3123 3102
3126 3121 3122
3126 3122 3123
3126 3123 3127
3127 3123 3124
3128 3127 3124
3128 3124 3125
3128 3125 3129
3103 3129 3125
3103 3100 3129
2081 1546 2079
2080 1546 2082
2082 1546 1545
1542 1546 1547
1542 1545 1546
2081 1547 1546
2080 2079 1546
2083 2082 1545
1552 2083 1545
2411 2406 2412
2413 2412 2406
2414 2411 2412
2413 2406 2407
2405 2402 2406
2407 2406 2402
2403 2407 2402
PorterMesh1
1
1
_images/material_2ce4247f4040ac29/image_743366c0adb2070.png
0
984
6.312081 -5.472239 -11.527565
0.211837 0.333211 0.918747
255 255 255 255
0.247192 0.890137
0 0 0 0
1.000000 0.000000 0.000000 0.000000
6.232729 -5.427212 -11.527981
0.211837 0.333211 0.918747
255 255 255 255
0.246094 0.894531
0 0 0 0
1.000000 0.000000 0.000000 0.000000
6.739410 -3.626198 -12.303850
0.211837 0.333211 0.918747
255 255 255 255
0.152100 0.888672
0 0 0 0
1.000000 0.000000 0.000000 0.000000
6.661797 -3.580999 -12.299993
0.211837 0.333211 0.918747
255 255 255 255
0.151001 0.893066
0 0 0 0
1.000000 0.000000 0.000000 0.000000
-6.094871 -5.824612 -11.779387
-0.495199 0.358571 0.791331
255 255 255 255
0.150269 0.889160
0 0 0 0
1.000000 0.000000 0.000000 0.000000
-6.338721 -3.932906 -12.787717
-0.493601 0.360633 0.791392
255 255 255 255
0.246216 0.889160
0 0 0 0
1.000000 0.000000 0.000000 0.000000
-6.019779 -5.788205 -11.748699
-0.495199 0.358571 0.791331
255 255 255 255
0.150269 0.892578
0 0 0 0
1.000000 0.000000 0.000000 0.000000
-6.264462 -3.897773 -12.758194
-0.493601 0.360633 0.791392
255 255 255 255
0.246338 0.892578
0 0 0 0
1.000000 0.000000 0.000000 0.000000
6.778695 -2.315065 -14.792087
-0.100323 0.982306 0.158145
255 255 255 255
0.147095 0.630371
0 0 0 0
1.000000 0.000000 0.000000 0.000000
6.852268 -2.321298 -14.849249
0.058614 0.993285 0.099742
255 255 255 255
0.151489 0.630371
0 0 0 0
1.000000 0.000000 0.000000 0.000000
7.015835 -2.329747 -14.861506
0.038871 0.994240 0.099880
255 255 255 255
0.147095 0.634277
0 0 0 0
1.000000 0.000000 0.000000 0.000000
7.095947 -2.321873 -14.909059
0.058695 0.993348 0.099069
255 255 255 255
0.151489 0.634277
0 0 0 0
1.000000 0.000000 0.000000 0.000000
6.852268 -2.321298 -14.849249
-0.449141 0.594973 -0.666543
255 255 255 255
0.151489 0.630371
0 0 0 0
1.000000 0.000000 0.000000 0.000000
6.778695 -2.315065 -14.792087
-0.449800 0.591041 -0.669590
255 255 255 255
0.147095 0.630371
0 0 0 0
1.000000 0.000000 0.000000 0.000000
6.739325 -2.377089 -14.820411
-0.448321 0.592356 -0.669420
255 255 255 255
0.151489 0.627441
0 0 0 0
1.000000 0.000000 0.000000 0.000000
6.661809 -2.363313 -14.758875
-0.447762 0.593039 -0.669189
255 255 255 255
0.147095 0.627441
0 0 0 0
1.000000 0.000000 0.000000 0.000000
-6.182477 -2.248852 2.813390
0.529863 0.378960 -0.758706
255 255 255 255
0.245728 0.645508
0 0 0 0
1.000000 0.000000 0.000000 0.000000
-6.107275 -2.504985 2.710036
0.512550 0.564884 -0.646683
255 255 255 255
0.245728 0.640137
0 0 0 0
1.000000 0.000000 0.000000 0.000000
-4.441284 -2.614303 3.828959
0.528865 0.378055 -0.759852
255 255 255 255
0.151367 0.644531
0 0 0 0
1.000000 0.000000 0.000000 0.000000
-5.893770 -2.840274 2.456939
0.454871 0.745227 -0.487576
255 255 255 255
0.245728 0.633301
0 0 0 0
1.000000 0.000000 0.000000 0.000000
-4.390708 -2.861998 3.768611
0.501077 0.605302 -0.618491
255 255 255 255
0.151367 0.639160
0 0 0 0
1.000000 0.000000 0.000000 0.000000
-5.652112 -3.084651 2.228176
0.391824 0.847224 -0.358727
255 255 255 255
0.245728 0.627930
0 0 0 0
1.000000 0.000000 0.000000 0.000000
-4.184355 -3.203558 3.531348
0.441734 0.768655 -0.462646
255 255 255 255
0.151367 0.632324
0 0 0 0
1.000000 0.000000 0.000000 0.000000
-5.372711 -3.323077 1.903834
0.372631 0.860925 -0.346345
255 255 255 255
0.245728 0.621582
0 0 0 0
1.000000 0.000000 0.000000 0.000000
-3.917371 -3.445975 3.269558
0.381208 0.856267 -0.348550
255 255 255 255
0.151367 0.626953
0 0 0 0
1.000000 0.000000 0.000000 0.000000
-5.303045 -3.480546 1.760791
0.501992 0.438895 -0.745235
255 255 255 255
0.245728 0.616211
0 0 0 0
1.000000 0.000000 0.000000 0.000000
-3.693873 -3.670859 2.886558
0.374084 0.859002 -0.349537
255 255 255 255
0.151367 0.620605
0 0 0 0
1.000000 0.000000 0.000000 0.000000
-5.250988 -4.071566 1.528341
0.545207 0.269616 -0.793761
255 255 255 255
0.245728 0.593750
0 0 0 0
1.000000 0.000000 0.000000 0.000000
-3.595540 -3.796966 2.621401
0.502183 0.425112 -0.753055
255 255 255 255
0.151367 0.615234
0 0 0 0
1.000000 0.000000 0.000000 0.000000
-5.184995 -4.586771 1.262755
0.558953 0.348128 -0.752581
255 255 255 255
0.249268 0.574219
0 0 0 0
1.000000 0.000000 0.000000 0.000000
-4.873915 -4.875930 1.361590
0.575763 0.188820 -0.795515
255 255 255 255
0.230225 0.574219
0 0 0 0
1.000000 0.000000 0.000000 0.000000
-3.652446 -4.422395 2.532851
0.545952 0.276206 -0.790978
255 255 255 255
0.151367 0.591797
0 0 0 0
1.000000 0.000000 0.000000 0.000000
-5.214912 -4.954034 1.248782
0.339263 -0.165609 -0.925999
255 255 255 255
0.247437 0.566406
0 0 0 0
1.000000 0.000000 0.000000 0.000000
-3.867849 -5.261942 2.092407
0.567737 0.166533 -0.806189
255 255 255 255
0.172241 0.571289
0 0 0 0
1.000000 0.000000 0.000000 0.000000
-4.030437 -5.348753 2.222494
0.232775 -0.733829 -0.638210
255 255 255 255
0.176514 0.566895
0 0 0 0
1.000000 0.000000 0.000000 0.000000
-5.013407 -5.092901 1.457169
0.262714 -0.710366 -0.652963
255 255 255 255
0.232910 0.569824
0 0 0 0
1.000000 0.000000 0.000000 0.000000
-3.561043 -5.123626 2.240324
0.288436 0.316227 -0.903773
255 255 255 255
0.157471 0.567383
0 0 0 0
1.000000 0.000000 0.000000 0.000000
-3.646996 -5.391846 2.268881
0.388173 -0.439047 -0.810283
255 255 255 255
0.162109 0.561035
0 0 0 0
1.000000 0.000000 0.000000 0.000000
6.739325 -2.377089 -14.820411
0.824183 -0.383957 -0.416292
255 255 255 255
0.151489 0.627441
0 0 0 0
1.000000 0.000000 0.000000 0.000000
6.712029 -2.502805 -14.811201
0.939745 -0.117791 -0.320943
255 255 255 255
0.151489 0.625000
0 0 0 0
1.000000 0.000000 0.000000 0.000000
7.543935 -2.610616 -13.054566
0.824089 -0.385647 -0.414914
255 255 255 255
0.246216 0.628418
0 0 0 0
1.000000 0.000000 0.000000 0.000000
6.876196 -3.221657 -14.837138
0.910652 -0.258786 -0.322091
255 255 255 255
0.151489 0.614746
0 0 0 0
1.000000 0.000000 0.000000 0.000000
7.475395 -2.712649 -13.042553
0.941970 -0.108387 -0.317717
255 255 255 255
0.246216 0.626465
0 0 0 0
1.000000 0.000000 0.000000 0.000000
6.712029 -2.502805 -14.811201
-0.420086 -0.013645 -0.907382
255 255 255 255
0.151489 0.625000
0 0 0 0
1.000000 0.000000 0.000000 0.000000
6.700212 -3.181381 -14.784872
-0.945851 0.284985 0.155400
255 255 255 255
0.147095 0.614746
0 0 0 0
1.000000 0.000000 0.000000 0.000000
6.385471 -4.486355 -14.827194
0.869842 -0.357312 -0.340153
255 255 255 255
0.151489 0.591309
0 0 0 0
1.000000 0.000000 0.000000 0.000000
7.237251 -3.540429 -12.917414
0.940735 -0.293985 -0.169085
255 255 255 255
0.246216 0.615234
0 0 0 0
1.000000 0.000000 0.000000 0.000000
6.739325 -2.377089 -14.820411
-0.580806 0.101480 -0.807692
255 255 255 255
0.151489 0.627441
0 0 0 0
1.000000 0.000000 0.000000 0.000000
6.661809 -2.363313 -14.758875
-0.580596 0.100483 -0.807968
255 255 255 255
0.147095 0.627441
0 0 0 0
1.000000 0.000000 0.000000 0.000000
6.622133 -2.487387 -14.749543
-0.425252 -0.011313 -0.905004
255 255 255 255
0.147095 0.625000
0 0 0 0
1.000000 0.000000 0.000000 0.000000
6.201416 -4.449704 -14.779080
-0.925651 0.369146 0.083073
255 255 255 255
0.147217 0.590820
0 0 0 0
1.000000 0.000000 0.000000 0.000000
6.738162 -4.571329 -12.784742
0.925987 -0.356004 -0.125733
255 255 255 255
0.246216 0.593262
0 0 0 0
1.000000 0.000000 0.000000 0.000000
6.421167 -5.571577 -13.071197
0.911185 -0.354441 -0.210031
255 255 255 255
0.230713 0.573242
0 0 0 0
1.000000 0.000000 0.000000 0.000000
6.041535 -5.653906 -14.340154
0.913761 -0.350764 -0.204952
255 255 255 255
0.172363 0.570312
0 0 0 0
1.000000 0.000000 0.000000 0.000000
6.013199 -5.565368 -14.723791
0.183220 -0.247579 -0.951386
255 255 255 255
0.157593 0.566406
0 0 0 0
1.000000 0.000000 0.000000 0.000000
7.325617 -2.686014 -12.968319
0.382747 0.000429 0.923853
255 255 255 255
0.250488 0.626465
0 0 0 0
1.000000 0.000000 0.000000 0.000000
7.475395 -2.712649 -13.042553
0.386649 -0.014689 0.922110
255 255 255 255
0.246216 0.626465
0 0 0 0
1.000000 0.000000 0.000000 0.000000
7.086873 -3.530081 -12.868589
-0.894312 0.307197 0.325326
255 255 255 255
0.250488 0.615234
0 0 0 0
1.000000 0.000000 0.000000 0.000000
6.606213 -5.405083 -12.679306
0.940049 -0.231507 0.250427
255 255 255 255
0.249756 0.573242
0 0 0 0
1.000000 0.000000 0.000000 0.000000
6.414297 -5.319901 -12.671482
-0.495775 0.175448 0.850544
255 255 255 255
0.260010 0.574707
0 0 0 0
1.000000 0.000000 0.000000 0.000000
6.590637 -4.557674 -12.748239
-0.888394 0.361199 0.283359
255 255 255 255
0.250732 0.593262
0 0 0 0
1.000000 0.000000 0.000000 0.000000
6.358603 -5.703011 -12.698299
0.103642 -0.837394 0.536684
255 255 255 255
0.248047 0.565430
0 0 0 0
1.000000 0.000000 0.000000 0.000000
6.275712 -5.740569 -12.984632
-0.335528 -0.930066 0.149659
255 255 255 255
0.233398 0.568848
0 0 0 0
1.000000 0.000000 0.000000 0.000000
5.911314 -5.827612 -14.197920
0.070965 -0.997401 0.012460
255 255 255 255
0.176758 0.565918
0 0 0 0
1.000000 0.000000 0.000000 0.000000
5.814646 -5.757199 -14.520009
-0.323353 -0.908603 -0.264354
255 255 255 255
0.162231 0.560547
0 0 0 0
1.000000 0.000000 0.000000 0.000000
5.814646 -5.757199 -14.520009
-0.328110 -0.906452 -0.265872
255 255 255 255
0.149048 0.562012
0 0 0 0
1.000000 0.000000 0.000000 0.000000
5.726280 -5.567181 -14.516396
-0.940246 0.279861 -0.193947
255 255 255 255
0.143921 0.567383
0 0 0 0
1.000000 0.000000 0.000000 0.000000
6.358603 -5.703011 -12.698299
0.108446 -0.837784 0.535124
255 255 255 255
0.258301 0.566895
0 0 0 0
1.000000 0.000000 0.000000 0.000000
7.399446 -2.581129 -12.981777
0.391599 -0.257297 0.883430
255 255 255 255
0.250488 0.628418
0 0 0 0
1.000000 0.000000 0.000000 0.000000
7.543935 -2.610616 -13.054566
0.333602 -0.440098 0.833681
255 255 255 255
0.246216 0.628418
0 0 0 0
1.000000 0.000000 0.000000 0.000000
7.526949 -2.538219 -12.989602
0.259303 -0.611524 0.747529
255 255 255 255
0.250488 0.631348
0 0 0 0
1.000000 0.000000 0.000000 0.000000
7.664544 -2.556968 -13.053549
0.257465 -0.612301 0.747530
255 255 255 255
0.246216 0.631836
0 0 0 0
1.000000 0.000000 0.000000 0.000000
6.661809 -2.363313 -14.758875
-0.301589 0.922977 0.239075
255 255 255 255
0.151367 0.627930
0 0 0 0
1.000000 0.000000 0.000000 0.000000
6.778695 -2.315065 -14.792087
-0.096042 0.983334 0.154368
255 255 255 255
0.151367 0.630859
0 0 0 0
1.000000 0.000000 0.000000 0.000000
7.399446 -2.581129 -12.981777
-0.302768 0.923216 0.236652
255 255 255 255
0.245728 0.628906
0 0 0 0
1.000000 0.000000 0.000000 0.000000
7.015835 -2.329747 -14.861506
0.037777 0.994363 0.099069
255 255 255 255
0.151367 0.634766
0 0 0 0
1.000000 0.000000 0.000000 0.000000
7.526949 -2.538219 -12.989602
-0.058336 0.988408 0.140165
255 255 255 255
0.245728 0.631836
0 0 0 0
1.000000 0.000000 0.000000 0.000000
7.732471 -2.532513 -12.995149
0.038583 0.994539 0.096967
255 255 255 255
0.245728 0.635742
0 0 0 0
1.000000 0.000000 0.000000 0.000000
-7.572020 -1.289247 -13.020645
0.838931 -0.412732 0.354749
255 255 255 255
0.245728 0.665527
0 0 0 0
1.000000 0.000000 0.000000 0.000000
-6.936781 -1.368147 -14.862793
0.860285 -0.415490 0.295429
255 255 255 255
0.151367 0.663574
0 0 0 0
1.000000 0.000000 0.000000 0.000000
-7.766434 -1.651722 -13.063690
0.890570 -0.191482 0.412578
255 255 255 255
0.245728 0.650879
0 0 0 0
1.000000 0.000000 0.000000 0.000000
-7.071043 -1.757709 -14.923800
0.935135 -0.160406 0.315900
255 255 255 255
0.151367 0.649414
0 0 0 0
1.000000 0.000000 0.000000 0.000000
-7.781508 -2.112789 -13.088305
0.847398 0.345047 0.403558
255 255 255 255
0.245728 0.640137
0 0 0 0
1.000000 0.000000 0.000000 0.000000
-6.994165 -2.148779 -14.969760
0.870173 0.398329 0.290055
255 255 255 255
0.151367 0.639160
0 0 0 0
1.000000 0.000000 0.000000 0.000000
-7.525191 -2.337682 -13.010812
0.743726 0.588936 0.316267
255 255 255 255
0.245728 0.635742
0 0 0 0
1.000000 0.000000 0.000000 0.000000
-6.805763 -2.354520 -14.892598
0.774160 0.582964 0.246635
255 255 255 255
0.151367 0.634766
0 0 0 0
1.000000 0.000000 0.000000 0.000000
-7.324471 -2.642321 -12.989455
0.870468 0.336861 0.358900
255 255 255 255
0.245728 0.628906
0 0 0 0
1.000000 0.000000 0.000000 0.000000
-6.735215 -2.662331 -14.860502
0.914120 0.341277 0.218894
255 255 255 255
0.151367 0.627930
0 0 0 0
1.000000 0.000000 0.000000 0.000000
-7.043148 -3.390184 -12.947722
0.875893 0.325003 0.356630
255 255 255 255
0.245728 0.616211
0 0 0 0
1.000000 0.000000 0.000000 0.000000
-6.565929 -3.274841 -14.894975
0.933147 0.326166 0.151173
255 255 255 255
0.151367 0.615234
0 0 0 0
1.000000 0.000000 0.000000 0.000000
-6.138429 -4.564630 -14.821169
0.940891 0.324723 0.096325
255 255 255 255
0.151367 0.591797
0 0 0 0
1.000000 0.000000 0.000000 0.000000
-6.624574 -4.594192 -12.783825
0.877526 0.328347 0.349482
255 255 255 255
0.245728 0.593750
0 0 0 0
1.000000 0.000000 0.000000 0.000000
-5.718325 -5.523696 -14.524576
0.932511 0.287505 -0.218548
255 255 255 255
0.157471 0.567383
0 0 0 0
1.000000 0.000000 0.000000 0.000000
-5.939912 -5.560091 -14.155487
0.917227 0.294993 0.267718
255 255 255 255
0.172241 0.571289
0 0 0 0
1.000000 0.000000 0.000000 0.000000
-6.306759 -5.494943 -12.942125
0.923017 0.286119 0.257246
255 255 255 255
0.230225 0.574219
0 0 0 0
1.000000 0.000000 0.000000 0.000000
-6.501970 -5.314415 -12.703480
0.291569 0.157975 0.943415
255 255 255 255
0.249268 0.574219
0 0 0 0
1.000000 0.000000 0.000000 0.000000
-6.299216 -5.715122 -12.977577
0.514357 -0.832030 0.207756
255 255 255 255
0.232910 0.569824
0 0 0 0
1.000000 0.000000 0.000000 0.000000
-5.883165 -5.780466 -14.191711
0.135686 -0.988066 0.072903
255 255 255 255
0.176514 0.566895
0 0 0 0
1.000000 0.000000 0.000000 0.000000
-5.773970 -5.722311 -14.526278
0.493214 -0.856443 -0.152467
255 255 255 255
0.162109 0.561035
0 0 0 0
1.000000 0.000000 0.000000 0.000000
-6.392064 -5.677038 -12.703883
0.028773 -0.795885 0.604764
255 255 255 255
0.247437 0.566406
0 0 0 0
1.000000 0.000000 0.000000 0.000000
7.732471 -2.532513 -12.995149
-0.851488 0.322190 0.413717
255 255 255 255
0.245728 0.635742
0 0 0 0
1.000000 0.000000 0.000000 0.000000
7.015835 -2.329747 -14.861506
-0.876202 0.327072 0.353969
255 255 255 255
0.151367 0.634766
0 0 0 0
1.000000 0.000000 0.000000 0.000000
7.857806 -2.288087 -13.007604
-0.867816 0.222741 0.444164
255 255 255 255
0.245728 0.640137
0 0 0 0
1.000000 0.000000 0.000000 0.000000
7.055046 -2.099134 -14.879949
-0.907027 0.215892 0.361514
255 255 255 255
0.151367 0.639160
0 0 0 0
1.000000 0.000000 0.000000 0.000000
7.903165 -2.008344 -13.032585
-0.871670 -0.282670 0.400363
255 255 255 255
0.245728 0.650879
0 0 0 0
1.000000 0.000000 0.000000 0.000000
7.056724 -1.846479 -14.917704
-0.894756 -0.346748 0.281386
255 255 255 255
0.151367 0.649414
0 0 0 0
1.000000 0.000000 0.000000 0.000000
7.603302 -1.660478 -12.934484
-0.792766 -0.535940 0.290330
255 255 255 255
0.245728 0.665527
0 0 0 0
1.000000 0.000000 0.000000 0.000000
6.884805 -1.428371 -14.875700
-0.810624 -0.536473 0.234703
255 255 255 255
0.151367 0.663574
0 0 0 0
1.000000 0.000000 0.000000 0.000000
-1.134159 -3.659078 5.080908
-0.006032 0.427543 -0.903975
255 255 255 255
0.245728 0.640137
0 0 0 0
1.000000 0.000000 0.000000 0.000000
-1.134159 -3.980139 4.918186
-0.004739 0.832338 -0.554247
255 255 255 255
0.245728 0.633301
0 0 0 0
1.000000 0.000000 0.000000 0.000000
0.917624 -3.668471 5.053440
-0.011432 0.427497 -0.903944
255 255 255 255
0.151367 0.639160
0 0 0 0
1.000000 0.000000 0.000000 0.000000
-1.093013 -4.039579 4.494800
-0.000689 0.980524 -0.196401
255 255 255 255
0.245728 0.627930
0 0 0 0
1.000000 0.000000 0.000000 0.000000
0.921273 -3.997491 4.906699
-0.002330 0.854367 -0.519664
255 255 255 255
0.151367 0.632324
0 0 0 0
1.000000 0.000000 0.000000 0.000000
-1.033181 -4.202767 3.886099
-0.010745 0.924615 -0.380752
255 255 255 255
0.245728 0.621582
0 0 0 0
1.000000 0.000000 0.000000 0.000000
0.964942 -4.048813 4.441323
-0.003960 0.979069 -0.203488
255 255 255 255
0.151367 0.626953
0 0 0 0
1.000000 0.000000 0.000000 0.000000
-1.069942 -4.394487 3.600182
-0.007083 0.460662 -0.887547
255 255 255 255
0.245728 0.616211
0 0 0 0
1.000000 0.000000 0.000000 0.000000
0.879894 -4.438095 3.555301
-0.004362 0.470718 -0.882273
255 255 255 255
0.151367 0.615234
0 0 0 0
1.000000 0.000000 0.000000 0.000000
0.944258 -4.209135 3.811399
-0.010746 0.925877 -0.377671
255 255 255 255
0.151367 0.620605
0 0 0 0
1.000000 0.000000 0.000000 0.000000
-1.050668 -5.032468 3.395444
0.017353 0.341295 -0.939796
255 255 255 255
0.245728 0.593750
0 0 0 0
1.000000 0.000000 0.000000 0.000000
0.889777 -5.059237 3.427480
0.018065 0.348274 -0.937219
255 255 255 255
0.151367 0.591797
0 0 0 0
1.000000 0.000000 0.000000 0.000000
-1.051610 -5.517733 3.156726
-0.152629 0.387812 -0.909014
255 255 255 255
0.249268 0.574219
0 0 0 0
1.000000 0.000000 0.000000 0.000000
-0.677599 -5.734691 3.001915
0.032073 0.305688 -0.951591
255 255 255 255
0.230225 0.574219
0 0 0 0
1.000000 0.000000 0.000000 0.000000
0.613916 -5.915158 3.053505
0.025952 0.295259 -0.955065
255 255 255 255
0.172241 0.571289
0 0 0 0
1.000000 0.000000 0.000000 0.000000
0.925192 -5.718870 3.045472
-0.275608 0.390517 -0.878371
255 255 255 255
0.157471 0.567383
0 0 0 0
1.000000 0.000000 0.000000 0.000000
0.507855 -6.082974 3.225583
-0.025766 -0.587525 -0.808796
255 255 255 255
0.176514 0.566895
0 0 0 0
1.000000 0.000000 0.000000 0.000000
-0.704625 -5.978419 3.126907
-0.017543 -0.569785 -0.821607
255 255 255 255
0.232910 0.569824
0 0 0 0
1.000000 0.000000 0.000000 0.000000
-1.007207 -5.880747 3.071996
-0.215320 0.006298 -0.976523
255 255 255 255
0.247437 0.566406
0 0 0 0
1.000000 0.000000 0.000000 0.000000
0.914624 -5.999752 3.078451
-0.008053 -0.303278 -0.952868
255 255 255 255
0.162109 0.561035
0 0 0 0
1.000000 0.000000 0.000000 0.000000
-1.140870 -3.061874 5.154444
-0.046343 -0.281434 -0.958461
255 255 255 255
0.245728 0.651855
0 0 0 0
1.000000 0.000000 0.000000 0.000000
-1.137331 -3.385947 5.231005
-0.035675 -0.305199 -0.951620
255 255 255 255
0.245728 0.645508
0 0 0 0
1.000000 0.000000 0.000000 0.000000
0.907313 -3.078197 5.047967
-0.047522 -0.281237 -0.958461
255 255 255 255
0.151367 0.650391
0 0 0 0
1.000000 0.000000 0.000000 0.000000
-1.134159 -3.665838 5.298479
-0.003720 0.106266 -0.994331
255 255 255 255
0.245728 0.640137
0 0 0 0
1.000000 0.000000 0.000000 0.000000
0.912762 -3.398915 5.159917
-0.036910 -0.307710 -0.950764
255 255 255 255
0.151367 0.644531
0 0 0 0
1.000000 0.000000 0.000000 0.000000
-1.133914 -3.972301 5.103158
0.015428 0.689479 -0.724142
255 255 255 255
0.245728 0.633301
0 0 0 0
1.000000 0.000000 0.000000 0.000000
0.917624 -3.679419 5.289613
-0.003635 0.114527 -0.993413
255 255 255 255
0.151367 0.639160
0 0 0 0
1.000000 0.000000 0.000000 0.000000
-1.133486 -4.167389 4.788957
0.018479 0.854562 -0.519021
255 255 255 255
0.245728 0.627930
0 0 0 0
1.000000 0.000000 0.000000 0.000000
0.923894 -4.193632 4.831730
0.018479 0.854562 -0.519021
255 255 255 255
0.151367 0.626953
0 0 0 0
1.000000 0.000000 0.000000 0.000000
0.921273 -4.000858 5.155889
0.014402 0.689501 -0.724142
255 255 255 255
0.151367 0.632324
0 0 0 0
1.000000 0.000000 0.000000 0.000000
-1.135421 -4.269065 4.625609
0.016873 0.794581 -0.606923
255 255 255 255
0.245728 0.625000
0 0 0 0
1.000000 0.000000 0.000000 0.000000
0.923257 -4.292700 4.663462
0.016820 0.796451 -0.604470
255 255 255 255
0.151367 0.624023
0 0 0 0
1.000000 0.000000 0.000000 0.000000
-1.137613 -4.403218 4.486657
0.019497 0.493403 -0.869583
255 255 255 255
0.245728 0.621582
0 0 0 0
1.000000 0.000000 0.000000 0.000000
0.922510 -4.424085 4.519548
0.020203 0.493374 -0.869583
255 255 255 255
0.151367 0.620605
0 0 0 0
1.000000 0.000000 0.000000 0.000000
-1.134845 -4.670311 4.394666
0.005353 0.362814 -0.931846
255 255 255 255
0.245728 0.616211
0 0 0 0
1.000000 0.000000 0.000000 0.000000
0.928914 -4.699628 4.434171
0.001434 0.365393 -0.930852
255 255 255 255
0.151367 0.615234
0 0 0 0
1.000000 0.000000 0.000000 0.000000
-1.058456 -5.592150 4.062217
-0.000197 0.402051 -0.915617
255 255 255 255
0.245728 0.593750
0 0 0 0
1.000000 0.000000 0.000000 0.000000
1.038184 -5.677246 3.987983
0.001161 0.407215 -0.913331
255 255 255 255
0.151367 0.591797
0 0 0 0
1.000000 0.000000 0.000000 0.000000
-1.053190 -6.222172 3.723595
-0.078413 0.406368 -0.910339
255 255 255 255
0.249268 0.574219
0 0 0 0
1.000000 0.000000 0.000000 0.000000
-0.700217 -6.456214 3.589491
-0.010753 0.327934 -0.944639
255 255 255 255
0.230225 0.574219
0 0 0 0
1.000000 0.000000 0.000000 0.000000
0.595266 -6.640268 3.552436
-0.016392 0.328990 -0.944191
255 255 255 255
0.172241 0.571289
0 0 0 0
1.000000 0.000000 0.000000 0.000000
0.931094 -6.451769 3.567890
-0.206766 0.434967 -0.876386
255 255 255 255
0.157471 0.567383
0 0 0 0
1.000000 0.000000 0.000000 0.000000
0.499332 -6.808476 3.728824
-0.079621 -0.580875 -0.810089
255 255 255 255
0.176514 0.566895
0 0 0 0
1.000000 0.000000 0.000000 0.000000
-0.717128 -6.702929 3.715538
-0.074183 -0.564362 -0.822188
255 255 255 255
0.232910 0.569824
0 0 0 0
1.000000 0.000000 0.000000 0.000000
-1.023727 -6.602563 3.688805
-0.255889 -0.091526 -0.962364
255 255 255 255
0.247437 0.566406
0 0 0 0
1.000000 0.000000 0.000000 0.000000
0.897088 -6.726123 3.570658
-0.008750 -0.231176 -0.972873
255 255 255 255
0.162109 0.561035
0 0 0 0
1.000000 0.000000 0.000000 0.000000
0.806689 -6.824849 -20.076881
-0.180238 0.439835 0.879806
255 255 255 255
0.853516 0.565918
0 0 0 0
1.000000 0.000000 0.000000 0.000000
0.958819 -8.702092 -19.362511
-0.178424 0.438138 0.881022
255 255 255 255
0.759277 0.566406
0 0 0 0
1.000000 0.000000 0.000000 0.000000
0.000512 -6.880053 -20.182747
0.007482 0.476559 0.879111
255 255 255 255
0.853516 0.587402
0 0 0 0
1.000000 0.000000 0.000000 0.000000
0.091253 -8.905532 -19.486673
0.013247 0.476941 0.878836
255 255 255 255
0.759277 0.590820
0 0 0 0
1.000000 0.000000 0.000000 0.000000
-0.933414 -6.878130 -20.054533
0.198349 0.490454 0.848595
255 255 255 255
0.853516 0.612305
0 0 0 0
1.000000 0.000000 0.000000 0.000000
-0.871781 -8.970373 -19.306082
0.221608 0.490434 0.842831
255 255 255 255
0.759277 0.617188
0 0 0 0
1.000000 0.000000 0.000000 0.000000
-1.824993 -8.608902 -18.711023
0.378434 0.476008 0.793854
255 255 255 255
0.759277 0.639648
0 0 0 0
1.000000 0.000000 0.000000 0.000000
-1.712847 -6.658796 -19.745523
0.375580 0.476138 0.795130
255 255 255 255
0.853516 0.639160
0 0 0 0
1.000000 0.000000 0.000000 0.000000
-2.317017 -8.210829 -18.096909
0.487711 0.465617 0.738471
255 255 255 255
0.759277 0.662598
0 0 0 0
1.000000 0.000000 0.000000 0.000000
-2.476985 -6.383424 -19.046215
0.485863 0.464159 0.740603
255 255 255 255
0.853516 0.663574
0 0 0 0
1.000000 0.000000 0.000000 0.000000
-2.912567 -7.857746 -17.277493
0.619103 0.452195 0.642053
255 255 255 255
0.759277 0.687012
0 0 0 0
1.000000 0.000000 0.000000 0.000000
-3.122387 -6.094816 -18.306545
0.619169 0.454461 0.640386
255 255 255 255
0.853516 0.687988
0 0 0 0
1.000000 0.000000 0.000000 0.000000
-3.451100 -7.512144 -16.595158
0.747497 0.445758 0.492492
255 255 255 255
0.759277 0.709961
0 0 0 0
1.000000 0.000000 0.000000 0.000000
-3.682362 -5.880244 -17.675934
0.749649 0.445679 0.489281
255 255 255 255
0.853516 0.711426
0 0 0 0
1.000000 0.000000 0.000000 0.000000
-3.854905 -7.322175 -16.060616
0.821664 0.444665 0.356568
255 255 255 255
0.759277 0.731934
0 0 0 0
1.000000 0.000000 0.000000 0.000000
-4.213720 -5.630737 -17.018188
0.822093 0.446311 0.353511
255 255 255 255
0.853516 0.735840
0 0 0 0
1.000000 0.000000 0.000000 0.000000
-4.226039 -7.087178 -15.444421
0.828960 0.472273 0.299641
255 255 255 255
0.759277 0.754395
0 0 0 0
1.000000 0.000000 0.000000 0.000000
-4.724406 -5.353381 -16.362352
0.829204 0.474653 0.295169
255 255 255 255
0.853516 0.757324
0 0 0 0
1.000000 0.000000 0.000000 0.000000
-4.644135 -6.710253 -14.656928
0.805078 0.525369 0.275386
255 255 255 255
0.759277 0.776855
0 0 0 0
1.000000 0.000000 0.000000 0.000000
-5.192490 -5.040195 -15.559004
0.805008 0.527087 0.272290
255 255 255 255
0.853516 0.779297
0 0 0 0
1.000000 0.000000 0.000000 0.000000
-5.084653 -6.393258 -13.670432
0.802983 0.547699 0.235044
255 255 255 255
0.759277 0.801270
0 0 0 0
1.000000 0.000000 0.000000 0.000000
-5.595230 -4.713135 -14.643019
0.804304 0.547022 0.232082
255 255 255 255
0.853516 0.802734
0 0 0 0
1.000000 0.000000 0.000000 0.000000
-5.528906 -6.056915 -12.654387
0.819610 0.535063 0.204810
255 255 255 255
0.759277 0.825684
0 0 0 0
1.000000 0.000000 0.000000 0.000000
-5.868299 -4.265514 -13.645475
0.818413 0.536892 0.204810
255 255 255 255
0.853516 0.827148
0 0 0 0
1.000000 0.000000 0.000000 0.000000
-6.019779 -5.788205 -11.748699
0.825374 0.522361 0.214237
255 255 255 255
0.759277 0.848145
0 0 0 0
1.000000 0.000000 0.000000 0.000000
-6.264462 -3.897773 -12.758194
0.824348 0.522749 0.217218
255 255 255 255
0.853516 0.848633
0 0 0 0
1.000000 0.000000 0.000000 0.000000
6.739325 -2.377089 -14.820411
0.377078 -0.880274 -0.287974
255 255 255 255
0.151489 0.627441
0 0 0 0
1.000000 0.000000 0.000000 0.000000
7.543935 -2.610616 -13.054566
0.378215 -0.879128 -0.289978
255 255 255 255
0.246216 0.628418
0 0 0 0
1.000000 0.000000 0.000000 0.000000
6.852268 -2.321298 -14.849249
0.193274 -0.957816 -0.212680
255 255 255 255
0.151489 0.630371
0 0 0 0
1.000000 0.000000 0.000000 0.000000
7.664544 -2.556968 -13.053549
0.140138 -0.975446 -0.169901
255 255 255 255
0.246216 0.631836
0 0 0 0
1.000000 0.000000 0.000000 0.000000
7.095947 -2.321873 -14.909059
0.041523 -0.989261 -0.140139
255 255 255 255
0.151489 0.634277
0 0 0 0
1.000000 0.000000 0.000000 0.000000
7.732471 -2.532513 -12.995149
0.078032 -0.949369 0.304319
255 255 255 255
0.250488 0.635254
0 0 0 0
1.000000 0.000000 0.000000 0.000000
7.526949 -2.538219 -12.989602
0.079676 -0.948876 0.305428
255 255 255 255
0.250488 0.631348
0 0 0 0
1.000000 0.000000 0.000000 0.000000
7.816110 -2.532060 -13.044783
0.047645 -0.990448 -0.129396
255 255 255 255
0.246216 0.635254
0 0 0 0
1.000000 0.000000 0.000000 0.000000
6.661809 -2.363313 -14.758875
-0.812002 0.443908 0.378943
255 255 255 255
0.151367 0.627930
0 0 0 0
1.000000 0.000000 0.000000 0.000000
7.399446 -2.581129 -12.981777
-0.812196 0.442433 0.380250
255 255 255 255
0.245728 0.628906
0 0 0 0
1.000000 0.000000 0.000000 0.000000
6.622133 -2.487387 -14.749543
-0.935965 0.165729 0.310649
255 255 255 255
0.151367 0.625488
0 0 0 0
1.000000 0.000000 0.000000 0.000000
7.325617 -2.686014 -12.968319
-0.938190 0.159692 0.307079
255 255 255 255
0.245728 0.626953
0 0 0 0
1.000000 0.000000 0.000000 0.000000
6.700212 -3.181381 -14.784872
-0.945064 0.288424 0.153833
255 255 255 255
0.151367 0.615234
0 0 0 0
1.000000 0.000000 0.000000 0.000000
7.086873 -3.530081 -12.868589
-0.893528 0.314127 0.320831
255 255 255 255
0.245728 0.616211
0 0 0 0
1.000000 0.000000 0.000000 0.000000
6.201416 -4.449704 -14.779080
-0.925658 0.370624 0.076121
255 255 255 255
0.151367 0.591797
0 0 0 0
1.000000 0.000000 0.000000 0.000000
6.590637 -4.557674 -12.748239
-0.886945 0.367370 0.279942
255 255 255 255
0.245728 0.593750
0 0 0 0
1.000000 0.000000 0.000000 0.000000
5.924490 -5.598114 -14.161317
-0.931727 0.278210 0.233418
255 255 255 255
0.172241 0.571289
0 0 0 0
1.000000 0.000000 0.000000 0.000000
5.726280 -5.567181 -14.516396
-0.941498 0.275387 -0.194277
255 255 255 255
0.157471 0.567383
0 0 0 0
1.000000 0.000000 0.000000 0.000000
6.414297 -5.319901 -12.671482
-0.494922 0.178970 0.850307
255 255 255 255
0.249268 0.574219
0 0 0 0
1.000000 0.000000 0.000000 0.000000
6.241485 -5.523181 -12.949461
-0.936674 0.271286 0.221462
255 255 255 255
0.230225 0.574219
0 0 0 0
1.000000 0.000000 0.000000 0.000000
6.275712 -5.740569 -12.984632
-0.337577 -0.929147 0.150760
255 255 255 255
0.232910 0.569824
0 0 0 0
1.000000 0.000000 0.000000 0.000000
5.911314 -5.827612 -14.197920
0.070742 -0.997455 0.008929
255 255 255 255
0.176514 0.566895
0 0 0 0
1.000000 0.000000 0.000000 0.000000
5.814646 -5.757199 -14.520009
-0.325055 -0.907593 -0.265732
255 255 255 255
0.162109 0.561035
0 0 0 0
1.000000 0.000000 0.000000 0.000000
6.358603 -5.703011 -12.698299
0.106963 -0.837745 0.535483
255 255 255 255
0.247437 0.566406
0 0 0 0
1.000000 0.000000 0.000000 0.000000
-8.856788 -1.251958 -2.519237
0.808532 -0.578524 -0.107636
255 255 255 255
0.245728 0.651855
0 0 0 0
1.000000 0.000000 0.000000 0.000000
-9.030005 -1.196375 -4.559474
0.808145 -0.578819 -0.108954
255 255 255 255
0.151367 0.650391
0 0 0 0
1.000000 0.000000 0.000000 0.000000
-9.047259 -1.590604 -2.532512
0.896568 -0.426355 -0.119946
255 255 255 255
0.245728 0.645508
0 0 0 0
1.000000 0.000000 0.000000 0.000000
-9.298420 -1.489808 -4.582667
0.900148 -0.417701 -0.123531
255 255 255 255
0.151367 0.644531
0 0 0 0
1.000000 0.000000 0.000000 0.000000
-9.369629 -1.812375 -4.563882
0.969315 0.207339 -0.132054
255 255 255 255
0.151367 0.639160
0 0 0 0
1.000000 0.000000 0.000000 0.000000
-9.100038 -1.869820 -2.534802
0.968615 0.211935 -0.129879
255 255 255 255
0.245728 0.640137
0 0 0 0
1.000000 0.000000 0.000000 0.000000
-9.208414 -2.129186 -4.598096
0.634957 0.768250 -0.081372
255 255 255 255
0.151367 0.632324
0 0 0 0
1.000000 0.000000 0.000000 0.000000
-8.876614 -2.171385 -2.574111
0.632380 0.770709 -0.078123
255 255 255 255
0.245728 0.633301
0 0 0 0
1.000000 0.000000 0.000000 0.000000
-8.813707 -2.305146 -4.658701
0.505526 0.860819 -0.058594
255 255 255 255
0.151367 0.626953
0 0 0 0
1.000000 0.000000 0.000000 0.000000
-8.499125 -2.351410 -2.630761
0.485543 0.872297 -0.057850
255 255 255 255
0.245728 0.627930
0 0 0 0
1.000000 0.000000 0.000000 0.000000
-8.726713 -2.402169 -4.693381
0.926157 0.357191 -0.121028
255 255 255 255
0.151367 0.624023
0 0 0 0
1.000000 0.000000 0.000000 0.000000
-8.421168 -2.459712 -2.700146
0.912783 0.390645 -0.119260
255 255 255 255
0.245728 0.625000
0 0 0 0
1.000000 0.000000 0.000000 0.000000
-8.661871 -2.568883 -4.724914
0.961683 0.253468 -0.104501
255 255 255 255
0.151367 0.620605
0 0 0 0
1.000000 0.000000 0.000000 0.000000
-8.440161 -2.641182 -2.674417
0.960730 0.257056 -0.104501
255 255 255 255
0.245728 0.621582
0 0 0 0
1.000000 0.000000 0.000000 0.000000
-8.580413 -2.823081 -4.761713
0.932806 0.341271 -0.115789
255 255 255 255
0.151367 0.615234
0 0 0 0
1.000000 0.000000 0.000000 0.000000
-8.336525 -2.949213 -2.662257
0.933595 0.339183 -0.115566
255 255 255 255
0.245728 0.616211
0 0 0 0
1.000000 0.000000 0.000000 0.000000
-8.231284 -3.965933 -4.751597
0.910876 0.395317 -0.118449
255 255 255 255
0.151367 0.591797
0 0 0 0
1.000000 0.000000 0.000000 0.000000
-7.830149 -4.125349 -2.675666
0.908623 0.399723 -0.120938
255 255 255 255
0.245728 0.593750
0 0 0 0
1.000000 0.000000 0.000000 0.000000
-7.728080 -4.705640 -4.828158
0.866819 0.483383 0.122338
255 255 255 255
0.157471 0.567383
0 0 0 0
1.000000 0.000000 0.000000 0.000000
-7.641502 -4.924644 -4.576348
0.920187 0.369450 -0.129466
255 255 255 255
0.172241 0.571289
0 0 0 0
1.000000 0.000000 0.000000 0.000000
-7.460864 -4.966121 -3.226678
0.924367 0.359233 -0.128446
255 255 255 255
0.230225 0.574219
0 0 0 0
1.000000 0.000000 0.000000 0.000000
-7.496254 -4.770678 -2.836515
0.911091 0.395285 -0.116892
255 255 255 255
0.249268 0.574219
0 0 0 0
1.000000 0.000000 0.000000 0.000000
-7.811058 -5.100396 -4.476728
0.769103 -0.620938 -0.151386
255 255 255 255
0.176514 0.566895
0 0 0 0
1.000000 0.000000 0.000000 0.000000
-7.609039 -5.213596 -3.220898
0.779713 -0.607879 -0.150100
255 255 255 255
0.232910 0.569824
0 0 0 0
1.000000 0.000000 0.000000 0.000000
-7.524248 -5.153800 -2.914582
0.970128 -0.236638 0.053421
255 255 255 255
0.247437 0.566406
0 0 0 0
1.000000 0.000000 0.000000 0.000000
-7.766985 -4.988432 -4.826395
0.865190 -0.367880 -0.340749
255 255 255 255
0.162109 0.561035
0 0 0 0
1.000000 0.000000 0.000000 0.000000
-9.266054 -1.788630 -4.624572
0.082542 0.996291 0.024310
255 255 255 255
0.151367 0.644531
0 0 0 0
1.000000 0.000000 0.000000 0.000000
-9.152144 -1.800288 -4.599407
0.721161 0.689128 -0.070916
255 255 255 255
0.151367 0.639160
0 0 0 0
1.000000 0.000000 0.000000 0.000000
-9.064783 -1.848904 -2.586785
0.085780 0.996091 0.021093
255 255 255 255
0.245728 0.645508
0 0 0 0
1.000000 0.000000 0.000000 0.000000
-9.006199 -2.127459 -4.636389
0.556898 0.828743 -0.055228
255 255 255 255
0.151367 0.632324
0 0 0 0
1.000000 0.000000 0.000000 0.000000
-8.738482 -2.181279 -2.603231
0.578101 0.813983 -0.056842
255 255 255 255
0.245728 0.633301
0 0 0 0
1.000000 0.000000 0.000000 0.000000
-8.901008 -1.862142 -2.567730
0.767863 0.635824 -0.078194
255 255 255 255
0.245728 0.640137
0 0 0 0
1.000000 0.000000 0.000000 0.000000
-8.469699 -2.309125 -4.761223
0.362069 0.932012 -0.016079
255 255 255 255
0.151367 0.626953
0 0 0 0
1.000000 0.000000 0.000000 0.000000
-8.235693 -2.312223 -2.719286
0.349903 0.936639 -0.016562
255 255 255 255
0.245728 0.627930
0 0 0 0
1.000000 0.000000 0.000000 0.000000
-8.103671 -2.421383 -4.803520
0.727451 0.685505 -0.029952
255 255 255 255
0.151367 0.620605
0 0 0 0
1.000000 0.000000 0.000000 0.000000
-7.950917 -2.553453 -2.823608
0.720459 0.692850 -0.029952
255 255 255 255
0.245728 0.621582
0 0 0 0
1.000000 0.000000 0.000000 0.000000
-7.981446 -2.720694 -4.802993
0.888744 0.455057 -0.055291
255 255 255 255
0.151367 0.615234
0 0 0 0
1.000000 0.000000 0.000000 0.000000
-7.850893 -2.865060 -2.854700
0.887863 0.456775 -0.055291
255 255 255 255
0.245728 0.616211
0 0 0 0
1.000000 0.000000 0.000000 0.000000
-7.707360 -3.338690 -4.827007
0.882990 0.458686 -0.099680
255 255 255 255
0.151367 0.591797
0 0 0 0
1.000000 0.000000 0.000000 0.000000
-7.456945 -3.378367 -2.923546
0.879903 0.464245 -0.101228
255 255 255 255
0.245728 0.593750
0 0 0 0
1.000000 0.000000 0.000000 0.000000
-7.384707 -4.024101 -4.935370
0.932163 0.315964 0.176743
255 255 255 255
0.157471 0.567383
0 0 0 0
1.000000 0.000000 0.000000 0.000000
-7.372106 -4.230001 -4.631111
0.962307 0.230931 -0.143654
255 255 255 255
0.172241 0.571289
0 0 0 0
1.000000 0.000000 0.000000 0.000000
-7.128954 -4.099547 -3.358675
0.955137 0.251688 -0.156098
255 255 255 255
0.230225 0.574219
0 0 0 0
1.000000 0.000000 0.000000 0.000000
-7.174178 -3.885319 -2.981554
0.905366 0.406474 -0.122844
255 255 255 255
0.249268 0.574219
0 0 0 0
1.000000 0.000000 0.000000 0.000000
-7.555109 -4.339418 -4.557440
0.700583 -0.705936 -0.104104
255 255 255 255
0.176514 0.566895
0 0 0 0
1.000000 0.000000 0.000000 0.000000
-7.267613 -4.333748 -3.318583
0.724285 -0.678975 -0.120021
255 255 255 255
0.232910 0.569824
0 0 0 0
1.000000 0.000000 0.000000 0.000000
-7.164014 -4.251273 -3.025676
0.988299 -0.149456 0.030449
255 255 255 255
0.247437 0.566406
0 0 0 0
1.000000 0.000000 0.000000 0.000000
-7.438944 -4.301811 -4.926394
0.911361 -0.397422 -0.107136
255 255 255 255
0.162109 0.561035
0 0 0 0
1.000000 0.000000 0.000000 0.000000
9.077231 -1.297770 -2.576499
-0.937479 0.331075 -0.107339
255 255 255 255
0.245728 0.645508
0 0 0 0
1.000000 0.000000 0.000000 0.000000
8.922567 -1.834099 -2.720939
-0.964905 0.237638 -0.111743
255 255 255 255
0.245728 0.640137
0 0 0 0
1.000000 0.000000 0.000000 0.000000
9.285998 -1.450193 -4.608334
-0.937333 0.331883 -0.106114
255 255 255 255
0.151367 0.644531
0 0 0 0
1.000000 0.000000 0.000000 0.000000
8.899766 -2.197676 -2.726192
-0.808421 0.586802 -0.046025
255 255 255 255
0.245728 0.633301
0 0 0 0
1.000000 0.000000 0.000000 0.000000
9.127390 -2.090881 -4.764578
-0.809005 0.585762 -0.048936
255 255 255 255
0.151367 0.632324
0 0 0 0
1.000000 0.000000 0.000000 0.000000
9.152494 -1.822588 -4.757022
-0.970033 0.217098 -0.109105
255 255 255 255
0.151367 0.639160
0 0 0 0
1.000000 0.000000 0.000000 0.000000
8.567268 -2.434351 -2.788536
-0.290159 0.955706 0.049335
255 255 255 255
0.245728 0.627930
0 0 0 0
1.000000 0.000000 0.000000 0.000000
8.746620 -2.285601 -4.833779
-0.264622 0.963132 0.048505
255 255 255 255
0.151367 0.626953
0 0 0 0
1.000000 0.000000 0.000000 0.000000
8.090832 -2.477701 -2.940274
-0.389497 0.919734 0.048807
255 255 255 255
0.245728 0.621582
0 0 0 0
1.000000 0.000000 0.000000 0.000000
8.184525 -2.274519 -4.903654
-0.409145 0.911182 0.048452
255 255 255 255
0.151367 0.620605
0 0 0 0
1.000000 0.000000 0.000000 0.000000
7.791544 -2.719469 -2.968120
-0.898529 0.435957 -0.050858
255 255 255 255
0.245728 0.616211
0 0 0 0
1.000000 0.000000 0.000000 0.000000
7.863293 -2.748394 -4.901523
-0.898104 0.436588 -0.052915
255 255 255 255
0.151367 0.615234
0 0 0 0
1.000000 0.000000 0.000000 0.000000
7.532791 -3.271436 -2.964398
-0.938225 0.313784 -0.145855
255 255 255 255
0.245728 0.593750
0 0 0 0
1.000000 0.000000 0.000000 0.000000
7.793087 -3.445706 -4.854022
-0.938209 0.316826 -0.139232
255 255 255 255
0.151367 0.591797
0 0 0 0
1.000000 0.000000 0.000000 0.000000
7.239051 -3.781696 -2.956585
-0.900294 0.401175 -0.168906
255 255 255 255
0.249268 0.574219
0 0 0 0
1.000000 0.000000 0.000000 0.000000
7.190876 -4.040559 -3.302467
-0.951936 0.243649 -0.185615
255 255 255 255
0.230225 0.574219
0 0 0 0
1.000000 0.000000 0.000000 0.000000
7.437151 -4.328887 -4.544681
-0.959615 0.221806 -0.173035
255 255 255 255
0.172241 0.571289
0 0 0 0
1.000000 0.000000 0.000000 0.000000
7.455802 -4.158425 -4.873333
-0.931005 0.341250 0.129533
255 255 255 255
0.157471 0.567383
0 0 0 0
1.000000 0.000000 0.000000 0.000000
7.617299 -4.434421 -4.455776
-0.718571 -0.695116 -0.021673
255 255 255 255
0.176514 0.566895
0 0 0 0
1.000000 0.000000 0.000000 0.000000
7.324062 -4.272532 -3.230781
-0.739343 -0.672492 -0.033558
255 255 255 255
0.232910 0.569824
0 0 0 0
1.000000 0.000000 0.000000 0.000000
7.220927 -4.152828 -2.952164
-0.990626 -0.128119 0.047392
255 255 255 255
0.247437 0.566406
0 0 0 0
1.000000 0.000000 0.000000 0.000000
7.503780 -4.442062 -4.827362
-0.921766 -0.382444 -0.063907
255 255 255 255
0.162109 0.561035
0 0 0 0
1.000000 0.000000 0.000000 0.000000
8.964362 -1.279915 -2.541488
-0.761323 -0.643651 -0.078112
255 255 255 255
0.245728 0.651855
0 0 0 0
1.000000 0.000000 0.000000 0.000000
9.179508 -1.605837 -2.520841
-0.857763 -0.504480 -0.098703
255 255 255 255
0.245728 0.645508
0 0 0 0
1.000000 0.000000 0.000000 0.000000
9.149238 -1.305411 -4.581553
-0.762606 -0.642448 -0.075444
255 255 255 255
0.151367 0.650391
0 0 0 0
1.000000 0.000000 0.000000 0.000000
9.262744 -1.881147 -2.490717
-0.986869 0.080017 -0.140307
255 255 255 255
0.245728 0.640137
0 0 0 0
1.000000 0.000000 0.000000 0.000000
9.542744 -1.898009 -4.518989
-0.988677 0.048044 -0.142157
255 255 255 255
0.151367 0.639160
0 0 0 0
1.000000 0.000000 0.000000 0.000000
9.437870 -1.581615 -4.575405
-0.853080 -0.511967 -0.100720
255 255 255 255
0.151367 0.644531
0 0 0 0
1.000000 0.000000 0.000000 0.000000
9.088498 -2.198828 -2.495615
-0.745504 0.655133 -0.122573
255 255 255 255
0.245728 0.633301
0 0 0 0
1.000000 0.000000 0.000000 0.000000
9.430792 -2.226932 -4.518389
-0.755346 0.644188 -0.120313
255 255 255 255
0.151367 0.632324
0 0 0 0
1.000000 0.000000 0.000000 0.000000
8.784814 -2.410667 -2.529879
-0.623869 0.773971 -0.108424
255 255 255 255
0.245728 0.627930
0 0 0 0
1.000000 0.000000 0.000000 0.000000
9.107895 -2.432453 -4.554269
-0.645732 0.755610 -0.109928
255 255 255 255
0.151367 0.626953
0 0 0 0
1.000000 0.000000 0.000000 0.000000
8.742627 -2.527247 -2.588866
-0.873785 0.470773 -0.121952
255 255 255 255
0.245728 0.625000
0 0 0 0
1.000000 0.000000 0.000000 0.000000
9.046813 -2.535905 -4.579679
-0.872884 0.472172 -0.122991
255 255 255 255
0.151367 0.624023
0 0 0 0
1.000000 0.000000 0.000000 0.000000
8.706514 -2.674540 -2.566910
-0.647028 0.759200 -0.070498
255 255 255 255
0.245728 0.621582
0 0 0 0
1.000000 0.000000 0.000000 0.000000
8.924209 -2.678850 -4.612828
-0.650088 0.756415 -0.072264
255 255 255 255
0.151367 0.620605
0 0 0 0
1.000000 0.000000 0.000000 0.000000
8.434670 -2.840911 -2.573266
-0.874658 0.468878 -0.122991
255 255 255 255
0.245728 0.616211
0 0 0 0
1.000000 0.000000 0.000000 0.000000
8.698812 -2.810493 -4.661175
-0.874642 0.469303 -0.121476
255 255 255 255
0.151367 0.615234
0 0 0 0
1.000000 0.000000 0.000000 0.000000
7.913243 -4.020856 -2.662833
-0.904144 0.405294 -0.135132
255 255 255 255
0.245728 0.593750
0 0 0 0
1.000000 0.000000 0.000000 0.000000
8.320589 -3.940450 -4.731172
-0.903928 0.405613 -0.135621
255 255 255 255
0.151367 0.591797
0 0 0 0
1.000000 0.000000 0.000000 0.000000
7.586415 -4.652297 -2.811595
-0.929134 0.348390 -0.123828
255 255 255 255
0.249268 0.574219
0 0 0 0
1.000000 0.000000 0.000000 0.000000
7.558483 -4.860880 -3.187406
-0.942428 0.302044 -0.143524
255 255 255 255
0.230225 0.574219
0 0 0 0
1.000000 0.000000 0.000000 0.000000
7.746345 -4.869183 -4.536635
-0.939348 0.307968 -0.150934
255 255 255 255
0.172241 0.571289
0 0 0 0
1.000000 0.000000 0.000000 0.000000
7.833094 -4.660196 -4.799013
-0.891532 0.448005 0.066795
255 255 255 255
0.157471 0.567383
0 0 0 0
1.000000 0.000000 0.000000 0.000000
7.982248 -5.081843 -4.419455
-0.713763 -0.690210 -0.118969
255 255 255 255
0.176514 0.566895
0 0 0 0
1.000000 0.000000 0.000000 0.000000
7.771461 -5.147946 -3.159950
-0.727215 -0.676181 -0.118061
255 255 255 255
0.232910 0.569824
0 0 0 0
1.000000 0.000000 0.000000 0.000000
7.680231 -5.075598 -2.857786
-0.915867 -0.391428 0.089287
255 255 255 255
0.247437 0.566406
0 0 0 0
1.000000 0.000000 0.000000 0.000000
7.937478 -4.980534 -4.771889
-0.751308 -0.563402 -0.343677
255 255 255 255
0.162109 0.561035
0 0 0 0
1.000000 0.000000 0.000000 0.000000
0.958819 -8.702092 -19.362511
-0.180238 0.439835 0.879806
255 255 255 255
0.151367 0.923828
0 0 0 0
1.000000 0.000000 0.000000 0.000000
0.806689 -6.824849 -20.076881
-0.178744 0.439266 0.880395
255 255 255 255
0.245728 0.923340
0 0 0 0
1.000000 0.000000 0.000000 0.000000
1.803743 -8.380176 -18.923794
-0.344162 0.409771 0.844773
255 255 255 255
0.151367 0.897949
0 0 0 0
1.000000 0.000000 0.000000 0.000000
1.724782 -6.669241 -19.759411
-0.345287 0.409754 0.844322
255 255 255 255
0.245728 0.897949
0 0 0 0
1.000000 0.000000 0.000000 0.000000
2.474776 -6.373861 -19.161680
-0.549662 0.369286 0.749333
255 255 255 255
0.245728 0.875000
0 0 0 0
1.000000 0.000000 0.000000 0.000000
2.463007 -8.060340 -18.102310
-0.563110 0.366022 0.740902
255 255 255 255
0.151367 0.873047
0 0 0 0
1.000000 0.000000 0.000000 0.000000
3.087053 -5.991768 -18.324999
-0.715404 0.313878 0.624242
255 255 255 255
0.245728 0.852539
0 0 0 0
1.000000 0.000000 0.000000 0.000000
2.909820 -7.855749 -17.327763
-0.717840 0.309069 0.623844
255 255 255 255
0.151367 0.851562
0 0 0 0
1.000000 0.000000 0.000000 0.000000
3.655184 -5.652204 -17.672186
-0.775494 0.281831 0.564960
255 255 255 255
0.245728 0.832520
0 0 0 0
1.000000 0.000000 0.000000 0.000000
3.469624 -7.599776 -16.694740
-0.779657 0.279648 0.560297
255 255 255 255
0.151367 0.830566
0 0 0 0
1.000000 0.000000 0.000000 0.000000
4.275519 -5.205391 -16.940550
-0.847929 0.243622 0.470813
255 255 255 255
0.245728 0.809082
0 0 0 0
1.000000 0.000000 0.000000 0.000000
4.010594 -7.254174 -16.121773
-0.846885 0.247229 0.470813
255 255 255 255
0.151367 0.810547
0 0 0 0
1.000000 0.000000 0.000000 0.000000
4.813036 -4.875490 -16.251062
-0.911443 0.217204 0.349421
255 255 255 255
0.245728 0.787109
0 0 0 0
1.000000 0.000000 0.000000 0.000000
4.486159 -6.930322 -15.528560
-0.909427 0.221004 0.352280
255 255 255 255
0.151367 0.790527
0 0 0 0
1.000000 0.000000 0.000000 0.000000
5.289913 -4.539220 -15.357462
-0.940814 0.233996 0.245183
255 255 255 255
0.245728 0.763672
0 0 0 0
1.000000 0.000000 0.000000 0.000000
5.026813 -6.434600 -14.697671
-0.940246 0.232794 0.248485
255 255 255 255
0.151367 0.764648
0 0 0 0
1.000000 0.000000 0.000000 0.000000
5.678448 -4.197795 -14.372458
-0.929752 0.317472 0.186473
255 255 255 255
0.245728 0.740723
0 0 0 0
1.000000 0.000000 0.000000 0.000000
5.392043 -6.038926 -13.738728
-0.929827 0.317156 0.186637
255 255 255 255
0.151367 0.740723
0 0 0 0
1.000000 0.000000 0.000000 0.000000
6.154380 -3.834977 -13.308067
-0.896932 0.426640 0.116153
255 255 255 255
0.245728 0.715820
0 0 0 0
1.000000 0.000000 0.000000 0.000000
5.882205 -5.743838 -12.705733
-0.896406 0.425940 0.122606
255 255 255 255
0.151367 0.716797
0 0 0 0
1.000000 0.000000 0.000000 0.000000
6.661797 -3.580999 -12.299993
-0.878001 0.477166 0.037772
255 255 255 255
0.245728 0.690918
0 0 0 0
1.000000 0.000000 0.000000 0.000000
6.232729 -5.427212 -11.527981
-0.877958 0.477138 0.039094
255 255 255 255
0.151367 0.690430
0 0 0 0
1.000000 0.000000 0.000000 0.000000
6.115366 -2.755068 2.741642
0.251128 0.964148 0.085753
255 255 255 255
0.151367 0.644531
0 0 0 0
1.000000 0.000000 0.000000 0.000000
4.545759 -2.437633 4.019235
0.255161 0.963368 0.082558
255 255 255 255
0.245728 0.645508
0 0 0 0
1.000000 0.000000 0.000000 0.000000
6.032951 -2.715245 2.640908
-0.393525 0.626820 -0.672484
255 255 255 255
0.151367 0.639160
0 0 0 0
1.000000 0.000000 0.000000 0.000000
4.431910 -2.405083 3.879939
-0.374951 0.654018 -0.657018
255 255 255 255
0.245728 0.640137
0 0 0 0
1.000000 0.000000 0.000000 0.000000
4.363138 -2.736295 3.799423
-0.426754 0.577343 -0.696100
255 255 255 255
0.245728 0.633301
0 0 0 0
1.000000 0.000000 0.000000 0.000000
5.976437 -3.053069 2.572528
-0.398332 0.623776 -0.672484
255 255 255 255
0.151367 0.632324
0 0 0 0
1.000000 0.000000 0.000000 0.000000
4.178483 -2.986428 3.534434
-0.190814 0.868321 -0.457830
255 255 255 255
0.245728 0.627930
0 0 0 0
1.000000 0.000000 0.000000 0.000000
5.769924 -3.300165 2.272212
-0.173297 0.883907 -0.434370
255 255 255 255
0.151367 0.626953
0 0 0 0
1.000000 0.000000 0.000000 0.000000
3.986555 -3.264481 2.937293
-0.156230 0.900936 -0.404855
255 255 255 255
0.245728 0.621582
0 0 0 0
1.000000 0.000000 0.000000 0.000000
5.503235 -3.566010 1.706848
-0.169014 0.894845 -0.413144
255 255 255 255
0.151367 0.620605
0 0 0 0
1.000000 0.000000 0.000000 0.000000
3.878229 -3.418447 2.816170
-0.522139 0.459872 -0.718254
255 255 255 255
0.245728 0.616211
0 0 0 0
1.000000 0.000000 0.000000 0.000000
5.290844 -3.686705 1.516610
-0.527873 0.446250 -0.722641
255 255 255 255
0.151367 0.615234
0 0 0 0
1.000000 0.000000 0.000000 0.000000
3.681696 -4.005561 2.665400
-0.548368 0.293157 -0.783167
255 255 255 255
0.245728 0.593750
0 0 0 0
1.000000 0.000000 0.000000 0.000000
5.190208 -4.312893 1.517626
-0.545971 0.299132 -0.782582
255 255 255 255
0.151367 0.591797
0 0 0 0
1.000000 0.000000 0.000000 0.000000
3.458909 -4.516173 2.492342
-0.507611 0.372335 -0.776980
255 255 255 255
0.249268 0.574219
0 0 0 0
1.000000 0.000000 0.000000 0.000000
3.662972 -4.795953 2.227306
-0.537509 0.213154 -0.815873
255 255 255 255
0.230225 0.574219
0 0 0 0
1.000000 0.000000 0.000000 0.000000
4.705175 -5.155318 1.534550
-0.552311 0.190827 -0.811503
255 255 255 255
0.172241 0.571289
0 0 0 0
1.000000 0.000000 0.000000 0.000000
4.951966 -5.008406 1.305137
-0.744329 0.332242 -0.579300
255 255 255 255
0.157471 0.567383
0 0 0 0
1.000000 0.000000 0.000000 0.000000
4.769282 -5.248374 1.729785
-0.511711 -0.719701 -0.469236
255 255 255 255
0.176514 0.566895
0 0 0 0
1.000000 0.000000 0.000000 0.000000
3.703531 -5.018080 2.384432
-0.514300 -0.697317 -0.499244
255 255 255 255
0.232910 0.569824
0 0 0 0
1.000000 0.000000 0.000000 0.000000
3.436597 -4.884086 2.503180
-0.741377 -0.150309 -0.654039
255 255 255 255
0.247437 0.566406
0 0 0 0
1.000000 0.000000 0.000000 0.000000
4.949162 -5.279479 1.386706
-0.620128 -0.420679 -0.662171
255 255 255 255
0.162109 0.561035
0 0 0 0
1.000000 0.000000 0.000000 0.000000
4.438682 -1.945376 3.858925
-0.542168 -0.475406 -0.692851
255 255 255 255
0.245728 0.651855
0 0 0 0
1.000000 0.000000 0.000000 0.000000
4.571794 -2.263926 4.042649
-0.563674 -0.415964 -0.713614
255 255 255 255
0.245728 0.645508
0 0 0 0
1.000000 0.000000 0.000000 0.000000
6.129411 -2.030497 2.676789
-0.539450 -0.474737 -0.695427
255 255 255 255
0.151367 0.650391
0 0 0 0
1.000000 0.000000 0.000000 0.000000
4.605213 -2.534999 4.137688
-0.600309 0.043720 -0.798573
255 255 255 255
0.245728 0.640137
0 0 0 0
1.000000 0.000000 0.000000 0.000000
6.228125 -2.648652 2.894396
-0.605587 0.014976 -0.795638
255 255 255 255
0.151367 0.639160
0 0 0 0
1.000000 0.000000 0.000000 0.000000
6.198465 -2.338503 2.763157
-0.563551 -0.419975 -0.711359
255 255 255 255
0.151367 0.644531
0 0 0 0
1.000000 0.000000 0.000000 0.000000
4.479167 -2.857063 4.029533
-0.435240 0.618050 -0.654661
255 255 255 255
0.245728 0.633301
0 0 0 0
1.000000 0.000000 0.000000 0.000000
6.142379 -2.979986 2.834477
-0.444881 0.607282 -0.658247
255 255 255 255
0.151367 0.632324
0 0 0 0
1.000000 0.000000 0.000000 0.000000
4.286185 -3.079386 3.804799
-0.366954 0.729129 -0.577681
255 255 255 255
0.245728 0.627930
0 0 0 0
1.000000 0.000000 0.000000 0.000000
5.945773 -3.201354 2.603509
-0.381124 0.705935 -0.596993
255 255 255 255
0.151367 0.626953
0 0 0 0
1.000000 0.000000 0.000000 0.000000
4.302485 -3.203338 3.745527
-0.599890 0.050716 -0.798473
255 255 255 255
0.245728 0.625000
0 0 0 0
1.000000 0.000000 0.000000 0.000000
5.925825 -3.311309 2.554722
-0.605731 0.007118 -0.795638
255 255 255 255
0.151367 0.624023
0 0 0 0
1.000000 0.000000 0.000000 0.000000
4.323903 -3.378464 3.829731
-0.613361 0.064070 -0.787200
255 255 255 255
0.245728 0.621582
0 0 0 0
1.000000 0.000000 0.000000 0.000000
5.928531 -3.489044 2.541558
-0.613276 0.068394 -0.786902
255 255 255 255
0.151367 0.620605
0 0 0 0
1.000000 0.000000 0.000000 0.000000
4.250881 -3.666891 3.786881
-0.542731 0.382286 -0.747864
255 255 255 255
0.245728 0.616211
0 0 0 0
1.000000 0.000000 0.000000 0.000000
5.916579 -3.743207 2.500082
-0.542954 0.383300 -0.747183
255 255 255 255
0.151367 0.615234
0 0 0 0
1.000000 0.000000 0.000000 0.000000
3.877494 -4.798035 3.348617
-0.524253 0.419688 -0.740959
255 255 255 255
0.245728 0.593750
0 0 0 0
1.000000 0.000000 0.000000 0.000000
5.622950 -4.813514 2.160114
-0.527677 0.419437 -0.738667
255 255 255 255
0.151367 0.591797
0 0 0 0
1.000000 0.000000 0.000000 0.000000
3.792239 -5.458646 3.045337
-0.562226 0.329643 -0.758445
255 255 255 255
0.249268 0.574219
0 0 0 0
1.000000 0.000000 0.000000 0.000000
4.047001 -5.687214 2.759839
-0.558743 0.293640 -0.775617
255 255 255 255
0.230225 0.574219
0 0 0 0
1.000000 0.000000 0.000000 0.000000
5.128391 -5.759881 1.933310
-0.555271 0.293768 -0.778058
255 255 255 255
0.172241 0.571289
0 0 0 0
1.000000 0.000000 0.000000 0.000000
5.367980 -5.562283 1.803455
-0.679125 0.424360 -0.598923
255 255 255 255
0.157471 0.567383
0 0 0 0
1.000000 0.000000 0.000000 0.000000
5.169855 -5.925800 2.132843
-0.475576 -0.637854 -0.605780
255 255 255 255
0.176514 0.566895
0 0 0 0
1.000000 0.000000 0.000000 0.000000
4.135844 -5.932719 2.882236
-0.480510 -0.621727 -0.618519
255 255 255 255
0.232910 0.569824
0 0 0 0
1.000000 0.000000 0.000000 0.000000
3.855942 -5.847353 3.031806
-0.725069 -0.241362 -0.644996
255 255 255 255
0.247437 0.566406
0 0 0 0
1.000000 0.000000 0.000000 0.000000
5.384341 -5.844009 1.847528
-0.407725 -0.406183 -0.817787
255 255 255 255
0.162109 0.561035
0 0 0 0
1.000000 0.000000 0.000000 0.000000
-6.030360 -1.975991 2.643174
0.323237 -0.682407 -0.655621
255 255 255 255
0.245728 0.651855
0 0 0 0
1.000000 0.000000 0.000000 0.000000
-6.164916 -2.288797 2.835519
0.390131 -0.551376 -0.737416
255 255 255 255
0.245728 0.645508
0 0 0 0
1.000000 0.000000 0.000000 0.000000
-4.247555 -2.150824 3.636969
0.320641 -0.681763 -0.657562
255 255 255 255
0.151367 0.650391
0 0 0 0
1.000000 0.000000 0.000000 0.000000
-6.250576 -2.556711 2.902748
0.534745 0.020149 -0.844773
255 255 255 255
0.245728 0.640137
0 0 0 0
1.000000 0.000000 0.000000 0.000000
-4.515873 -2.717547 3.978677
0.529423 -0.008204 -0.848318
255 255 255 255
0.151367 0.639160
0 0 0 0
1.000000 0.000000 0.000000 0.000000
-4.393868 -2.411782 3.901774
0.390339 -0.556745 -0.733260
255 255 255 255
0.151367 0.644531
0 0 0 0
1.000000 0.000000 0.000000 0.000000
-6.204740 -2.881689 2.749137
0.472650 0.598950 -0.646421
255 255 255 255
0.245728 0.633301
0 0 0 0
1.000000 0.000000 0.000000 0.000000
-4.501092 -3.050351 3.879963
0.479409 0.587696 -0.651751
255 255 255 255
0.151367 0.632324
0 0 0 0
1.000000 0.000000 0.000000 0.000000
-6.070575 -3.110576 2.490726
0.431098 0.712864 -0.553153
255 255 255 255
0.245728 0.627930
0 0 0 0
1.000000 0.000000 0.000000 0.000000
-4.362348 -3.278478 3.615894
0.442791 0.687400 -0.575689
255 255 255 255
0.151367 0.626953
0 0 0 0
1.000000 0.000000 0.000000 0.000000
-6.013436 -3.236487 2.485926
0.535020 0.028453 -0.844360
255 255 255 255
0.245728 0.625000
0 0 0 0
1.000000 0.000000 0.000000 0.000000
-4.327435 -3.389914 3.580834
0.529179 -0.016936 -0.848341
255 255 255 255
0.151367 0.624023
0 0 0 0
1.000000 0.000000 0.000000 0.000000
-6.090082 -3.408810 2.537272
0.520417 0.041065 -0.852925
255 255 255 255
0.245728 0.621582
0 0 0 0
1.000000 0.000000 0.000000 0.000000
-4.319891 -3.567994 3.580099
0.520257 0.045966 -0.852772
255 255 255 255
0.151367 0.620605
0 0 0 0
1.000000 0.000000 0.000000 0.000000
-6.085319 -3.698204 2.456131
0.519186 0.360131 -0.775081
255 255 255 255
0.245728 0.616211
0 0 0 0
1.000000 0.000000 0.000000 0.000000
-4.293587 -3.823331 3.556305
0.518312 0.361647 -0.774961
255 255 255 255
0.151367 0.615234
0 0 0 0
1.000000 0.000000 0.000000 0.000000
-5.845130 -4.841789 1.960654
0.519209 0.398788 -0.755904
255 255 255 255
0.245728 0.593750
0 0 0 0
1.000000 0.000000 0.000000 0.000000
-4.114909 -4.903152 3.169768
0.518047 0.398444 -0.756881
255 255 255 255
0.151367 0.591797
0 0 0 0
1.000000 0.000000 0.000000 0.000000
-5.613440 -5.511732 1.778584
0.521998 0.306239 -0.796075
255 255 255 255
0.249268 0.574219
0 0 0 0
1.000000 0.000000 0.000000 0.000000
-5.263527 -5.750574 1.917084
0.538764 0.270929 -0.797704
255 255 255 255
0.230225 0.574219
0 0 0 0
1.000000 0.000000 0.000000 0.000000
-4.109337 -5.854614 2.634663
0.536306 0.270732 -0.799425
255 255 255 255
0.172241 0.571289
0 0 0 0
1.000000 0.000000 0.000000 0.000000
-3.896529 -5.662331 2.810818
0.332670 0.404979 -0.851659
255 255 255 255
0.157471 0.567383
0 0 0 0
1.000000 0.000000 0.000000 0.000000
-4.286375 -6.014006 2.745683
0.379488 -0.654137 -0.654289
255 255 255 255
0.176514 0.566895
0 0 0 0
1.000000 0.000000 0.000000 0.000000
-5.354195 -5.992233 2.045640
0.384409 -0.638739 -0.666515
255 255 255 255
0.232910 0.569824
0 0 0 0
1.000000 0.000000 0.000000 0.000000
-5.590687 -5.900903 1.836495
0.341129 -0.261942 -0.902783
255 255 255 255
0.247437 0.566406
0 0 0 0
1.000000 0.000000 0.000000 0.000000
-3.940909 -5.942515 2.844102
0.604490 -0.430487 -0.670278
255 255 255 255
0.162109 0.561035
0 0 0 0
1.000000 0.000000 0.000000 0.000000
-7.572020 -1.289247 -13.020645
0.836800 -0.415165 0.356935
255 255 255 255
0.250732 0.665527
0 0 0 0
1.000000 0.000000 0.000000 0.000000
-7.766434 -1.651722 -13.063690
0.891056 -0.192047 0.411263
255 255 255 255
0.250732 0.650391
0 0 0 0
1.000000 0.000000 0.000000 0.000000
-7.658610 -1.292100 -13.070021
-0.869771 0.411714 -0.272010
255 255 255 255
0.246216 0.665527
0 0 0 0
1.000000 0.000000 0.000000 0.000000
-7.781508 -2.112789 -13.088305
0.849065 0.343104 0.401708
255 255 255 255
0.250488 0.639648
0 0 0 0
1.000000 0.000000 0.000000 0.000000
-7.855449 -1.657674 -13.115440
-0.930754 0.186804 -0.314327
255 255 255 255
0.246216 0.650391
0 0 0 0
1.000000 0.000000 0.000000 0.000000
-7.022869 -1.367350 -14.911788
-0.830941 0.408627 -0.377573
255 255 255 255
0.151489 0.663086
0 0 0 0
1.000000 0.000000 0.000000 0.000000
-7.866543 -2.123675 -13.137703
-0.884359 -0.351151 -0.307574
255 255 255 255
0.246216 0.639648
0 0 0 0
1.000000 0.000000 0.000000 0.000000
-7.145229 -1.756717 -14.977707
-0.904753 0.161914 -0.393962
255 255 255 255
0.151489 0.648926
0 0 0 0
1.000000 0.000000 0.000000 0.000000
-7.610925 -2.347749 -13.058779
-0.765337 -0.601348 -0.229434
255 255 255 255
0.246216 0.635254
0 0 0 0
1.000000 0.000000 0.000000 0.000000
-7.525191 -2.337682 -13.010812
0.743063 0.590729 0.314479
255 255 255 255
0.250488 0.635254
0 0 0 0
1.000000 0.000000 0.000000 0.000000
-7.073309 -2.150934 -15.017799
-0.844515 -0.384443 -0.372826
255 255 255 255
0.151489 0.638672
0 0 0 0
1.000000 0.000000 0.000000 0.000000
-7.071043 -1.757709 -14.923800
0.934765 -0.163246 0.315541
255 255 255 255
0.147217 0.648926
0 0 0 0
1.000000 0.000000 0.000000 0.000000
-6.936781 -1.368147 -14.862793
0.860405 -0.414374 0.296645
255 255 255 255
0.147339 0.663086
0 0 0 0
1.000000 0.000000 0.000000 0.000000
-6.994165 -2.148779 -14.969760
0.870849 0.395442 0.291974
255 255 255 255
0.147095 0.638672
0 0 0 0
1.000000 0.000000 0.000000 0.000000
-6.888668 -2.358439 -14.938950
-0.746401 -0.585994 -0.315433
255 255 255 255
0.151489 0.634277
0 0 0 0
1.000000 0.000000 0.000000 0.000000
-7.405011 -2.652313 -13.043152
-0.952090 -0.222004 -0.210330
255 255 255 255
0.246216 0.628418
0 0 0 0
1.000000 0.000000 0.000000 0.000000
-7.324471 -2.642321 -12.989455
0.870560 0.337138 0.358418
255 255 255 255
0.250488 0.628418
0 0 0 0
1.000000 0.000000 0.000000 0.000000
-6.812192 -2.667156 -14.911948
-0.916086 -0.201993 -0.346389
255 255 255 255
0.151489 0.627441
0 0 0 0
1.000000 0.000000 0.000000 0.000000
-7.297113 -3.417161 -13.009673
-0.950770 -0.259951 -0.168706
255 255 255 255
0.246216 0.615234
0 0 0 0
1.000000 0.000000 0.000000 0.000000
-6.805763 -2.354520 -14.892598
0.774125 0.586510 0.238194
255 255 255 255
0.147095 0.634277
0 0 0 0
1.000000 0.000000 0.000000 0.000000
-6.755691 -3.334282 -14.948917
-0.903325 -0.254672 -0.345175
255 255 255 255
0.151489 0.614746
0 0 0 0
1.000000 0.000000 0.000000 0.000000
-6.565929 -3.274841 -14.894975
0.933262 0.326223 0.150332
255 255 255 255
0.147095 0.614746
0 0 0 0
1.000000 0.000000 0.000000 0.000000
-6.735215 -2.662331 -14.860502
0.915255 0.336575 0.221417
255 255 255 255
0.147095 0.627441
0 0 0 0
1.000000 0.000000 0.000000 0.000000
-7.043148 -3.390184 -12.947722
0.876668 0.325645 0.354130
255 255 255 255
0.250488 0.615234
0 0 0 0
1.000000 0.000000 0.000000 0.000000
-6.323377 -4.654233 -14.869957
-0.857993 -0.341260 -0.383914
255 255 255 255
0.151489 0.591309
0 0 0 0
1.000000 0.000000 0.000000 0.000000
-6.876164 -4.653584 -12.831130
-0.933927 -0.333239 -0.129354
255 255 255 255
0.246216 0.593262
0 0 0 0
1.000000 0.000000 0.000000 0.000000
-6.138429 -4.564630 -14.821169
0.942899 0.319590 0.093833
255 255 255 255
0.147217 0.590820
0 0 0 0
1.000000 0.000000 0.000000 0.000000
-6.472065 -5.587840 -13.064804
-0.867291 -0.432852 -0.245858
255 255 255 255
0.230713 0.573242
0 0 0 0
1.000000 0.000000 0.000000 0.000000
-6.035613 -5.654065 -14.343167
-0.870863 -0.425510 -0.246046
255 255 255 255
0.172363 0.570312
0 0 0 0
1.000000 0.000000 0.000000 0.000000
-5.987756 -5.600698 -14.748208
-0.166956 -0.315020 -0.934285
255 255 255 255
0.157593 0.566406
0 0 0 0
1.000000 0.000000 0.000000 0.000000
-6.624574 -4.594192 -12.783825
0.876881 0.330088 0.349459
255 255 255 255
0.250732 0.593262
0 0 0 0
1.000000 0.000000 0.000000 0.000000
-6.501970 -5.314415 -12.703480
0.292386 0.156872 0.943346
255 255 255 255
0.260010 0.574707
0 0 0 0
1.000000 0.000000 0.000000 0.000000
-6.680697 -5.437168 -12.713717
-0.895945 -0.293364 0.333498
255 255 255 255
0.249756 0.573242
0 0 0 0
1.000000 0.000000 0.000000 0.000000
-6.392064 -5.677038 -12.703883
0.025743 -0.795512 0.605391
255 255 255 255
0.248047 0.565430
0 0 0 0
1.000000 0.000000 0.000000 0.000000
-6.299216 -5.715122 -12.977577
0.513762 -0.832599 0.206946
255 255 255 255
0.233398 0.568848
0 0 0 0
1.000000 0.000000 0.000000 0.000000
-5.883165 -5.780466 -14.191711
0.133539 -0.988457 0.071550
255 255 255 255
0.176758 0.565918
0 0 0 0
1.000000 0.000000 0.000000 0.000000
-5.773970 -5.722311 -14.526278
0.490414 -0.857245 -0.156926
255 255 255 255
0.162231 0.560547
0 0 0 0
1.000000 0.000000 0.000000 0.000000
-5.718325 -5.523696 -14.524576
0.931971 0.285128 -0.223903
255 255 255 255
0.143921 0.567383
0 0 0 0
1.000000 0.000000 0.000000 0.000000
-5.773970 -5.722311 -14.526278
0.489242 -0.858386 -0.154326
255 255 255 255
0.149048 0.562012
0 0 0 0
1.000000 0.000000 0.000000 0.000000
-6.392064 -5.677038 -12.703883
0.026468 -0.794468 0.606728
255 255 255 255
0.258301 0.566895
0 0 0 0
1.000000 0.000000 0.000000 0.000000
-8.856788 -1.251958 -2.519237
0.011997 -0.045052 0.998913
255 255 255 255
0.250732 0.651367
0 0 0 0
1.000000 0.000000 0.000000 0.000000
-9.047259 -1.590604 -2.532512
0.011723 -0.031095 0.999448
255 255 255 255
0.250732 0.645020
0 0 0 0
1.000000 0.000000 0.000000 0.000000
-8.952244 -1.262098 -2.518759
-0.792949 0.587971 0.159758
255 255 255 255
0.246216 0.651367
0 0 0 0
1.000000 0.000000 0.000000 0.000000
-9.100038 -1.869820 -2.534802
0.024895 -0.060626 0.997850
255 255 255 255
0.250488 0.639648
0 0 0 0
1.000000 0.000000 0.000000 0.000000
-9.153724 -1.604870 -2.531520
-0.887294 0.434911 0.153497
255 255 255 255
0.246216 0.645020
0 0 0 0
1.000000 0.000000 0.000000 0.000000
-9.125154 -1.204126 -4.557832
-0.801515 0.594926 0.060311
255 255 255 255
0.151489 0.649902
0 0 0 0
1.000000 0.000000 0.000000 0.000000
-9.208830 -1.884404 -2.533638
-0.969968 -0.178665 0.165047
255 255 255 255
0.246216 0.639648
0 0 0 0
1.000000 0.000000 0.000000 0.000000
-9.473461 -1.823494 -4.562363
-0.980281 -0.177525 0.086796
255 255 255 255
0.151489 0.638672
0 0 0 0
1.000000 0.000000 0.000000 0.000000
-9.403979 -1.500560 -4.580573
-0.898266 0.431754 0.081896
255 255 255 255
0.151489 0.644043
0 0 0 0
1.000000 0.000000 0.000000 0.000000
-8.876614 -2.171385 -2.574111
0.052841 -0.146967 0.987729
255 255 255 255
0.250488 0.632324
0 0 0 0
1.000000 0.000000 0.000000 0.000000
-9.009137 -2.190231 -2.569323
-0.655020 -0.745635 0.122377
255 255 255 255
0.246216 0.632324
0 0 0 0
1.000000 0.000000 0.000000 0.000000
-9.326720 -2.144125 -4.594374
-0.665684 -0.744613 0.049147
255 255 255 255
0.151489 0.631836
0 0 0 0
1.000000 0.000000 0.000000 0.000000
-9.369629 -1.812375 -4.563882
-0.025919 0.019450 -0.999475
255 255 255 255
0.147095 0.638672
0 0 0 0
1.000000 0.000000 0.000000 0.000000
-9.298420 -1.489808 -4.582667
-0.026973 0.041568 -0.998771
255 255 255 255
0.147217 0.644043
0 0 0 0
1.000000 0.000000 0.000000 0.000000
-9.030005 -1.196375 -4.559474
-0.029222 0.102391 -0.994315
255 255 255 255
0.147217 0.649902
0 0 0 0
1.000000 0.000000 0.000000 0.000000
-9.208414 -2.129186 -4.598096
-0.055877 0.147111 -0.987540
255 255 255 255
0.147095 0.631836
0 0 0 0
1.000000 0.000000 0.000000 0.000000
-8.961771 -2.323502 -4.650937
-0.515842 -0.856529 0.016277
255 255 255 255
0.151489 0.626465
0 0 0 0
1.000000 0.000000 0.000000 0.000000
-8.631649 -2.369595 -2.625189
-0.486482 -0.866243 0.113838
255 255 255 255
0.246216 0.627441
0 0 0 0
1.000000 0.000000 0.000000 0.000000
-8.499125 -2.351410 -2.630761
0.089692 -0.381295 0.920092
255 255 255 255
0.250488 0.627441
0 0 0 0
1.000000 0.000000 0.000000 0.000000
-8.535495 -2.482501 -2.699032
-0.889816 -0.421200 0.175551
255 255 255 255
0.246216 0.624512
0 0 0 0
1.000000 0.000000 0.000000 0.000000
-8.813707 -2.305146 -4.658701
-0.074980 0.248957 -0.965608
255 255 255 255
0.147095 0.626465
0 0 0 0
1.000000 0.000000 0.000000 0.000000
-8.854375 -2.424371 -4.690331
-0.928530 -0.365507 0.065095
255 255 255 255
0.151489 0.623535
0 0 0 0
1.000000 0.000000 0.000000 0.000000
-8.780044 -2.616360 -4.726175
-0.960522 -0.274622 0.044489
255 255 255 255
0.151489 0.620117
0 0 0 0
1.000000 0.000000 0.000000 0.000000
-8.561076 -2.692394 -2.676205
-0.947128 -0.282181 0.152717
255 255 255 255
0.246216 0.621094
0 0 0 0
1.000000 0.000000 0.000000 0.000000
-8.440161 -2.641182 -2.674417
-0.029775 0.080264 0.996329
255 255 255 255
0.250488 0.621094
0 0 0 0
1.000000 0.000000 0.000000 0.000000
-8.421168 -2.459712 -2.700146
0.019041 -0.138147 0.990229
255 255 255 255
0.250488 0.624512
0 0 0 0
1.000000 0.000000 0.000000 0.000000
-8.726713 -2.402169 -4.693381
-0.063072 0.193615 -0.979048
255 255 255 255
0.147095 0.623535
0 0 0 0
1.000000 0.000000 0.000000 0.000000
-8.661871 -2.568883 -4.724914
-0.045435 0.147358 -0.988039
255 255 255 255
0.147095 0.620117
0 0 0 0
1.000000 0.000000 0.000000 0.000000
-8.690563 -2.831433 -4.759631
-0.932552 -0.353804 0.071900
255 255 255 255
0.151489 0.614746
0 0 0 0
1.000000 0.000000 0.000000 0.000000
-8.446737 -2.957883 -2.661951
-0.923527 -0.348949 0.159161
255 255 255 255
0.246216 0.615234
0 0 0 0
1.000000 0.000000 0.000000 0.000000
-8.336525 -2.949213 -2.662257
0.030924 0.016898 0.999379
255 255 255 255
0.250488 0.615234
0 0 0 0
1.000000 0.000000 0.000000 0.000000
-8.334798 -3.981277 -4.749026
-0.931633 -0.357397 0.065790
255 255 255 255
0.151489 0.591309
0 0 0 0
1.000000 0.000000 0.000000 0.000000
-7.929560 -4.147636 -2.667180
-0.915243 -0.356515 0.187690
255 255 255 255
0.246216 0.593262
0 0 0 0
1.000000 0.000000 0.000000 0.000000
-8.580413 -2.823081 -4.761713
-0.025191 0.005785 -0.999666
255 255 255 255
0.147095 0.614746
0 0 0 0
1.000000 0.000000 0.000000 0.000000
-8.231284 -3.965933 -4.751597
0.075505 0.132815 -0.988261
255 255 255 255
0.147217 0.590820
0 0 0 0
1.000000 0.000000 0.000000 0.000000
-7.674823 -5.026468 -3.223776
-0.916486 -0.375410 0.138277
255 255 255 255
0.230713 0.573242
0 0 0 0
1.000000 0.000000 0.000000 0.000000
-7.884985 -4.910745 -4.544105
-0.916459 -0.381449 0.120833
255 255 255 255
0.172363 0.570312
0 0 0 0
1.000000 0.000000 0.000000 0.000000
-7.942969 -4.795623 -4.899649
-0.660823 -0.281695 -0.695673
255 255 255 255
0.157593 0.566406
0 0 0 0
1.000000 0.000000 0.000000 0.000000
-7.633371 -4.845891 -2.761595
-0.640002 -0.408886 0.650546
255 255 255 255
0.249756 0.573242
0 0 0 0
1.000000 0.000000 0.000000 0.000000
-7.830149 -4.125349 -2.675666
0.193008 -0.002817 0.981193
255 255 255 255
0.250732 0.593262
0 0 0 0
1.000000 0.000000 0.000000 0.000000
-7.811058 -5.100396 -4.476728
-0.939716 -0.327862 0.097166
255 255 255 255
0.176758 0.565918
0 0 0 0
1.000000 0.000000 0.000000 0.000000
-7.609039 -5.213596 -3.220898
-0.936691 -0.320911 0.140096
255 255 255 255
0.233398 0.568848
0 0 0 0
1.000000 0.000000 0.000000 0.000000
-7.524248 -5.153800 -2.914582
-0.876698 -0.408635 0.253806
255 255 255 255
0.248047 0.565430
0 0 0 0
1.000000 0.000000 0.000000 0.000000
-7.766985 -4.988432 -4.826395
-0.765498 -0.626122 -0.148270
255 255 255 255
0.162231 0.560547
0 0 0 0
1.000000 0.000000 0.000000 0.000000
-7.728080 -4.705640 -4.828158
0.160769 0.183794 -0.969728
255 255 255 255
0.143921 0.567383
0 0 0 0
1.000000 0.000000 0.000000 0.000000
-7.766985 -4.988432 -4.826395
0.331422 -0.053302 -0.941976
255 255 255 255
0.149048 0.562012
0 0 0 0
1.000000 0.000000 0.000000 0.000000
-7.496254 -4.770678 -2.836515
0.381986 -0.055245 0.922515
255 255 255 255
0.260010 0.574707
0 0 0 0
1.000000 0.000000 0.000000 0.000000
-7.524248 -5.153800 -2.914582
0.552842 -0.203371 0.808088
255 255 255 255
0.258301 0.566895
0 0 0 0
1.000000 0.000000 0.000000 0.000000
7.732471 -2.532513 -12.995149
-0.850115 0.324948 0.414382
255 255 255 255
0.250488 0.635254
0 0 0 0
1.000000 0.000000 0.000000 0.000000
7.857806 -2.288087 -13.007604
-0.866364 0.222642 0.447039
255 255 255 255
0.250488 0.639648
0 0 0 0
1.000000 0.000000 0.000000 0.000000
7.816110 -2.532060 -13.044783
0.885076 -0.321552 -0.336518
255 255 255 255
0.246216 0.635254
0 0 0 0
1.000000 0.000000 0.000000 0.000000
7.903165 -2.008344 -13.032585
-0.872884 -0.280612 0.399162
255 255 255 255
0.250732 0.650391
0 0 0 0
1.000000 0.000000 0.000000 0.000000
7.938825 -2.285258 -13.056379
0.909153 -0.205330 -0.362327
255 255 255 255
0.246216 0.639648
0 0 0 0
1.000000 0.000000 0.000000 0.000000
7.095947 -2.321873 -14.909059
0.844769 -0.316430 -0.431552
255 255 255 255
0.151489 0.634277
0 0 0 0
1.000000 0.000000 0.000000 0.000000
7.135672 -2.089252 -14.927524
0.877897 -0.194319 -0.437651
255 255 255 255
0.151489 0.638672
0 0 0 0
1.000000 0.000000 0.000000 0.000000
7.978807 -1.979664 -13.071467
0.903987 0.284666 -0.319018
255 255 255 255
0.246216 0.650391
0 0 0 0
1.000000 0.000000 0.000000 0.000000
7.603302 -1.660478 -12.934484
-0.788953 -0.537588 0.297579
255 255 255 255
0.250732 0.665527
0 0 0 0
1.000000 0.000000 0.000000 0.000000
7.689880 -1.657025 -12.986760
0.810194 0.543260 -0.220121
255 255 255 255
0.246216 0.665527
0 0 0 0
1.000000 0.000000 0.000000 0.000000
7.135697 -1.826127 -14.960857
0.866728 0.335882 -0.368736
255 255 255 255
0.151489 0.648926
0 0 0 0
1.000000 0.000000 0.000000 0.000000
7.056724 -1.846479 -14.917704
-0.892785 -0.350852 0.282556
255 255 255 255
0.147217 0.648926
0 0 0 0
1.000000 0.000000 0.000000 0.000000
7.055046 -2.099134 -14.879949
-0.909273 0.208609 0.360146
255 255 255 255
0.147095 0.638672
0 0 0 0
1.000000 0.000000 0.000000 0.000000
7.015835 -2.329747 -14.861506
-0.877803 0.323176 0.353579
255 255 255 255
0.147095 0.634277
0 0 0 0
1.000000 0.000000 0.000000 0.000000
6.971076 -1.421624 -14.925724
0.775402 0.542132 -0.323796
255 255 255 255
0.151489 0.663086
0 0 0 0
1.000000 0.000000 0.000000 0.000000
6.884805 -1.428371 -14.875700
-0.810019 -0.538259 0.232694
255 255 255 255
0.147339 0.663086
0 0 0 0
1.000000 0.000000 0.000000 0.000000
-1.140870 -3.061874 5.154444
-0.989189 0.023557 0.144744
255 255 255 255
0.250732 0.651367
0 0 0 0
1.000000 0.000000 0.000000 0.000000
-1.125906 -3.074291 5.251932
-0.016222 0.299701 0.953895
255 255 255 255
0.246216 0.651367
0 0 0 0
1.000000 0.000000 0.000000 0.000000
-1.137331 -3.385947 5.231005
-0.989769 0.023260 0.140769
255 255 255 255
0.250732 0.645020
0 0 0 0
1.000000 0.000000 0.000000 0.000000
0.921212 -3.088202 5.145591
0.102625 0.300326 0.948299
255 255 255 255
0.151489 0.649902
0 0 0 0
1.000000 0.000000 0.000000 0.000000
-1.122746 -3.399613 5.336992
-0.014544 0.311409 0.950165
255 255 255 255
0.246216 0.645020
0 0 0 0
1.000000 0.000000 0.000000 0.000000
-1.134159 -3.665838 5.298479
-0.992472 -0.030532 0.118601
255 255 255 255
0.250488 0.639648
0 0 0 0
1.000000 0.000000 0.000000 0.000000
0.926318 -3.409067 5.265465
0.078332 0.310466 0.947352
255 255 255 255
0.151489 0.644043
0 0 0 0
1.000000 0.000000 0.000000 0.000000
-1.119942 -3.679553 5.403817
-0.037293 -0.087601 0.995457
255 255 255 255
0.246216 0.639648
0 0 0 0
1.000000 0.000000 0.000000 0.000000
0.907313 -3.078197 5.047967
0.989797 -0.033127 -0.138578
255 255 255 255
0.147217 0.649902
0 0 0 0
1.000000 0.000000 0.000000 0.000000
0.912762 -3.398915 5.159917
0.989749 -0.033659 -0.138793
255 255 255 255
0.147217 0.644043
0 0 0 0
1.000000 0.000000 0.000000 0.000000
0.930825 -3.689681 5.389820
0.044665 -0.093829 0.994586
255 255 255 255
0.151489 0.638672
0 0 0 0
1.000000 0.000000 0.000000 0.000000
0.917624 -3.679419 5.289613
0.991973 0.008979 -0.126131
255 255 255 255
0.147095 0.638672
0 0 0 0
1.000000 0.000000 0.000000 0.000000
-1.120273 -3.989629 5.229401
-0.058711 -0.667346 0.742431
255 255 255 255
0.246216 0.632324
0 0 0 0
1.000000 0.000000 0.000000 0.000000
-1.133914 -3.972301 5.103158
-0.989036 -0.113261 0.094766
255 255 255 255
0.250488 0.632324
0 0 0 0
1.000000 0.000000 0.000000 0.000000
0.933837 -4.013949 5.266102
0.022998 -0.667616 0.744150
255 255 255 255
0.151489 0.631836
0 0 0 0
1.000000 0.000000 0.000000 0.000000
0.936029 -4.208817 4.965565
0.022243 -0.851417 0.524017
255 255 255 255
0.151489 0.626465
0 0 0 0
1.000000 0.000000 0.000000 0.000000
-1.120175 -4.183823 4.916239
-0.064913 -0.850904 0.521296
255 255 255 255
0.246216 0.627441
0 0 0 0
1.000000 0.000000 0.000000 0.000000
0.921273 -4.000858 5.155889
0.988907 0.112618 -0.096846
255 255 255 255
0.147095 0.631836
0 0 0 0
1.000000 0.000000 0.000000 0.000000
0.923894 -4.193632 4.831730
0.985547 0.147404 -0.083480
255 255 255 255
0.147095 0.626465
0 0 0 0
1.000000 0.000000 0.000000 0.000000
0.937144 -4.313224 4.781560
0.024186 -0.777026 0.629004
255 255 255 255
0.151489 0.623535
0 0 0 0
1.000000 0.000000 0.000000 0.000000
-1.120285 -4.291537 4.739593
-0.062959 -0.774923 0.628912
255 255 255 255
0.246216 0.624512
0 0 0 0
1.000000 0.000000 0.000000 0.000000
-1.133486 -4.167389 4.788957
-0.985959 -0.141573 0.088551
255 255 255 255
0.250488 0.627441
0 0 0 0
1.000000 0.000000 0.000000 0.000000
0.923257 -4.292700 4.663462
0.989080 0.110779 -0.097201
255 255 255 255
0.147095 0.623535
0 0 0 0
1.000000 0.000000 0.000000 0.000000
0.938319 -4.471035 4.630911
0.038254 -0.527585 0.848641
255 255 255 255
0.151489 0.620117
0 0 0 0
1.000000 0.000000 0.000000 0.000000
-1.120444 -4.452949 4.596881
-0.078251 -0.527845 0.845728
255 255 255 255
0.246216 0.621094
0 0 0 0
1.000000 0.000000 0.000000 0.000000
-1.135421 -4.269065 4.625609
-0.988590 -0.108753 0.104221
255 255 255 255
0.250488 0.624512
0 0 0 0
1.000000 0.000000 0.000000 0.000000
0.922510 -4.424085 4.519548
0.991215 0.073373 -0.110042
255 255 255 255
0.147095 0.620117
0 0 0 0
1.000000 0.000000 0.000000 0.000000
-1.122060 -4.685263 4.496037
-0.070480 -0.351420 0.933561
255 255 255 255
0.246216 0.615234
0 0 0 0
1.000000 0.000000 0.000000 0.000000
0.940058 -4.709755 4.532897
0.034107 -0.343821 0.938415
255 255 255 255
0.151489 0.614746
0 0 0 0
1.000000 0.000000 0.000000 0.000000
-1.137613 -4.403218 4.486657
-0.990332 -0.071588 0.118815
255 255 255 255
0.250488 0.621094
0 0 0 0
1.000000 0.000000 0.000000 0.000000
-1.055688 -5.616972 4.153828
-0.081252 -0.352623 0.932231
255 255 255 255
0.246216 0.593262
0 0 0 0
1.000000 0.000000 0.000000 0.000000
-1.134845 -4.670311 4.394666
-0.993330 -0.091647 0.069975
255 255 255 255
0.250488 0.615234
0 0 0 0
1.000000 0.000000 0.000000 0.000000
0.928914 -4.699628 4.434171
0.994406 0.102528 -0.025387
255 255 255 255
0.147095 0.614746
0 0 0 0
1.000000 0.000000 0.000000 0.000000
1.035110 -5.712857 4.184295
0.074615 -0.349055 0.934127
255 255 255 255
0.151489 0.591309
0 0 0 0
1.000000 0.000000 0.000000 0.000000
-0.678995 -6.524900 3.797340
-0.041118 -0.378839 0.924549
255 255 255 255
0.230713 0.573242
0 0 0 0
1.000000 0.000000 0.000000 0.000000
-1.116930 -6.291581 3.860542
-0.519269 -0.361919 0.774193
255 255 255 255
0.249756 0.573242
0 0 0 0
1.000000 0.000000 0.000000 0.000000
-1.058456 -5.592150 4.062217
-0.996267 0.032225 -0.080079
255 255 255 255
0.250732 0.593262
0 0 0 0
1.000000 0.000000 0.000000 0.000000
1.038184 -5.677246 3.987983
0.988438 0.062431 -0.138175
255 255 255 255
0.147217 0.590820
0 0 0 0
1.000000 0.000000 0.000000 0.000000
1.021248 -6.559066 3.763234
0.771034 -0.380876 0.510333
255 255 255 255
0.157593 0.566406
0 0 0 0
1.000000 0.000000 0.000000 0.000000
0.602331 -6.635639 3.805350
-0.014036 -0.387638 0.921705
255 255 255 255
0.172363 0.570312
0 0 0 0
1.000000 0.000000 0.000000 0.000000
0.499332 -6.808476 3.728824
-0.004383 -0.416473 0.909138
255 255 255 255
0.176758 0.565918
0 0 0 0
1.000000 0.000000 0.000000 0.000000
-0.717128 -6.702929 3.715538
-0.062748 -0.394339 0.916820
255 255 255 255
0.233398 0.568848
0 0 0 0
1.000000 0.000000 0.000000 0.000000
-1.023727 -6.602563 3.688805
-0.161044 -0.492419 0.855330
255 255 255 255
0.248047 0.565430
0 0 0 0
1.000000 0.000000 0.000000 0.000000
-1.053190 -6.222172 3.723595
-0.962626 0.107976 -0.248380
255 255 255 255
0.260010 0.574707
0 0 0 0
1.000000 0.000000 0.000000 0.000000
-1.023727 -6.602563 3.688805
-0.901450 -0.027865 -0.431984
255 255 255 255
0.258301 0.566895
0 0 0 0
1.000000 0.000000 0.000000 0.000000
0.897088 -6.726123 3.570658
0.250962 -0.755205 0.605543
255 255 255 255
0.162231 0.560547
0 0 0 0
1.000000 0.000000 0.000000 0.000000
0.931094 -6.451769 3.567890
0.971369 0.019146 -0.236806
255 255 255 255
0.143921 0.567383
0 0 0 0
1.000000 0.000000 0.000000 0.000000
0.897088 -6.726123 3.570658
0.876145 -0.114429 -0.468269
255 255 255 255
0.149048 0.562012
0 0 0 0
1.000000 0.000000 0.000000 0.000000
8.964362 -1.279915 -2.541488
-0.028195 0.046118 0.998538
255 255 255 255
0.250732 0.651367
0 0 0 0
1.000000 0.000000 0.000000 0.000000
9.060259 -1.283810 -2.539149
0.743580 0.653931 0.139508
255 255 255 255
0.246216 0.651367
0 0 0 0
1.000000 0.000000 0.000000 0.000000
9.179508 -1.605837 -2.520841
-0.018735 0.062804 0.997850
255 255 255 255
0.250732 0.645020
0 0 0 0
1.000000 0.000000 0.000000 0.000000
9.244669 -1.306893 -4.578001
0.754431 0.655544 0.033116
255 255 255 255
0.151489 0.649902
0 0 0 0
1.000000 0.000000 0.000000 0.000000
9.286684 -1.613099 -2.517388
0.848182 0.510348 0.141885
255 255 255 255
0.246216 0.645020
0 0 0 0
1.000000 0.000000 0.000000 0.000000
9.262744 -1.881147 -2.490717
-0.002949 0.034678 0.999394
255 255 255 255
0.250488 0.639648
0 0 0 0
1.000000 0.000000 0.000000 0.000000
9.543882 -1.585387 -4.570948
0.854021 0.516242 0.064364
255 255 255 255
0.151489 0.644043
0 0 0 0
1.000000 0.000000 0.000000 0.000000
9.643501 -1.902222 -4.519209
0.994300 -0.032486 0.101554
255 255 255 255
0.151489 0.638672
0 0 0 0
1.000000 0.000000 0.000000 0.000000
9.369208 -1.888507 -2.492113
0.981721 -0.055214 0.182140
255 255 255 255
0.246216 0.639648
0 0 0 0
1.000000 0.000000 0.000000 0.000000
9.437870 -1.581615 -4.575405
0.028202 -0.047525 -0.998472
255 255 255 255
0.147217 0.644043
0 0 0 0
1.000000 0.000000 0.000000 0.000000
9.149238 -1.305411 -4.581553
0.037490 0.019032 -0.999116
255 255 255 255
0.147217 0.649902
0 0 0 0
1.000000 0.000000 0.000000 0.000000
9.542744 -1.898009 -4.518989
0.005519 -0.080301 -0.996755
255 255 255 255
0.147095 0.638672
0 0 0 0
1.000000 0.000000 0.000000 0.000000
9.541433 -2.233361 -4.517764
0.782797 -0.616558 0.084175
255 255 255 255
0.151489 0.631836
0 0 0 0
1.000000 0.000000 0.000000 0.000000
9.215658 -2.208526 -2.494060
0.761837 -0.625608 0.167983
255 255 255 255
0.246216 0.632324
0 0 0 0
1.000000 0.000000 0.000000 0.000000
9.088498 -2.198828 -2.495615
-0.025898 -0.064011 0.997613
255 255 255 255
0.250488 0.632324
0 0 0 0
1.000000 0.000000 0.000000 0.000000
9.248550 -2.442311 -4.546664
0.664198 -0.745115 0.060373
255 255 255 255
0.151489 0.626465
0 0 0 0
1.000000 0.000000 0.000000 0.000000
8.915502 -2.420403 -2.523266
0.626886 -0.759553 0.173472
255 255 255 255
0.246216 0.627441
0 0 0 0
1.000000 0.000000 0.000000 0.000000
9.430792 -2.226932 -4.518389
0.022520 0.063005 -0.997759
255 255 255 255
0.147095 0.631836
0 0 0 0
1.000000 0.000000 0.000000 0.000000
9.107895 -2.432453 -4.554269
0.053221 0.171419 -0.983760
255 255 255 255
0.147095 0.626465
0 0 0 0
1.000000 0.000000 0.000000 0.000000
8.862930 -2.544747 -2.585230
0.859073 -0.480370 0.176743
255 255 255 255
0.246216 0.624512
0 0 0 0
1.000000 0.000000 0.000000 0.000000
9.172822 -2.552192 -4.575209
0.881933 -0.465844 0.071999
255 255 255 255
0.151489 0.623535
0 0 0 0
1.000000 0.000000 0.000000 0.000000
8.784814 -2.410667 -2.529879
-0.067505 -0.297269 0.952404
255 255 255 255
0.250488 0.627441
0 0 0 0
1.000000 0.000000 0.000000 0.000000
9.043115 -2.721074 -4.610306
0.712555 -0.700724 0.035368
255 255 255 255
0.151489 0.620117
0 0 0 0
1.000000 0.000000 0.000000 0.000000
8.823339 -2.718992 -2.565710
0.698678 -0.704282 0.125840
255 255 255 255
0.246216 0.621094
0 0 0 0
1.000000 0.000000 0.000000 0.000000
8.706514 -2.674540 -2.566910
-0.024716 0.080935 0.996413
255 255 255 255
0.250488 0.621094
0 0 0 0
1.000000 0.000000 0.000000 0.000000
8.742627 -2.527247 -2.588866
-0.029921 -0.107448 0.993761
255 255 255 255
0.250488 0.624512
0 0 0 0
1.000000 0.000000 0.000000 0.000000
9.046813 -2.535905 -4.579679
0.066276 0.174007 -0.982511
255 255 255 255
0.147095 0.623535
0 0 0 0
1.000000 0.000000 0.000000 0.000000
8.924209 -2.678850 -4.612828
0.093322 0.155261 -0.983456
255 255 255 255
0.147095 0.620117
0 0 0 0
1.000000 0.000000 0.000000 0.000000
8.849619 -2.840862 -4.645231
0.885504 -0.461110 0.057097
255 255 255 255
0.151489 0.614746
0 0 0 0
1.000000 0.000000 0.000000 0.000000
8.591821 -2.877342 -2.558558
0.868988 -0.453882 0.197108
255 255 255 255
0.246216 0.615234
0 0 0 0
1.000000 0.000000 0.000000 0.000000
8.434670 -2.840911 -2.573266
-0.114424 -0.015610 0.993309
255 255 255 255
0.250488 0.615234
0 0 0 0
1.000000 0.000000 0.000000 0.000000
8.459382 -3.980273 -4.718595
0.931763 -0.358966 0.054411
255 255 255 255
0.151489 0.591309
0 0 0 0
1.000000 0.000000 0.000000 0.000000
8.048572 -4.067035 -2.644783
0.901036 -0.365775 0.233112
255 255 255 255
0.246216 0.593262
0 0 0 0
1.000000 0.000000 0.000000 0.000000
8.698812 -2.810493 -4.661175
0.102431 0.036334 -0.994076
255 255 255 255
0.147095 0.614746
0 0 0 0
1.000000 0.000000 0.000000 0.000000
8.320589 -3.940450 -4.731172
0.019936 0.105926 -0.994174
255 255 255 255
0.147217 0.590820
0 0 0 0
1.000000 0.000000 0.000000 0.000000
7.839315 -4.962373 -3.170103
0.926629 -0.338603 0.163419
255 255 255 255
0.230713 0.573242
0 0 0 0
1.000000 0.000000 0.000000 0.000000
8.058221 -4.896099 -4.493554
0.926543 -0.347833 0.143284
255 255 255 255
0.172363 0.570312
0 0 0 0
1.000000 0.000000 0.000000 0.000000
8.109776 -4.793736 -4.854928
0.602829 -0.236432 -0.762035
255 255 255 255
0.157593 0.566406
0 0 0 0
1.000000 0.000000 0.000000 0.000000
7.786916 -4.764445 -2.722225
0.527792 -0.349052 0.774338
255 255 255 255
0.249756 0.573242
0 0 0 0
1.000000 0.000000 0.000000 0.000000
7.913243 -4.020856 -2.662833
-0.211822 -0.023769 0.977019
255 255 255 255
0.250732 0.593262
0 0 0 0
1.000000 0.000000 0.000000 0.000000
7.982248 -5.081843 -4.419455
0.933599 -0.339291 0.115214
255 255 255 255
0.176758 0.565918
0 0 0 0
1.000000 0.000000 0.000000 0.000000
7.771461 -5.147946 -3.159950
0.930609 -0.327520 0.163396
255 255 255 255
0.233398 0.568848
0 0 0 0
1.000000 0.000000 0.000000 0.000000
7.680231 -5.075598 -2.857786
0.866713 -0.400166 0.297783
255 255 255 255
0.248047 0.565430
0 0 0 0
1.000000 0.000000 0.000000 0.000000
7.937478 -4.980534 -4.771889
0.758448 -0.637797 -0.134059
255 255 255 255
0.162231 0.560547
0 0 0 0
1.000000 0.000000 0.000000 0.000000
7.833094 -4.660196 -4.799013
-0.064291 0.120580 -0.990620
255 255 255 255
0.143921 0.567383
0 0 0 0
1.000000 0.000000 0.000000 0.000000
7.937478 -4.980534 -4.771889
-0.273505 -0.167614 -0.947154
255 255 255 255
0.149048 0.562012
0 0 0 0
1.000000 0.000000 0.000000 0.000000
7.586415 -4.652297 -2.811595
-0.344709 -0.054017 0.937154
255 255 255 255
0.260010 0.574707
0 0 0 0
1.000000 0.000000 0.000000 0.000000
7.680231 -5.075598 -2.857786
-0.491227 -0.203555 0.846913
255 255 255 255
0.258301 0.566895
0 0 0 0
1.000000 0.000000 0.000000 0.000000
-6.019779 -5.788205 -11.748699
0.394449 -0.802738 0.447238
255 255 255 255
0.755371 0.848633
0 0 0 0
1.000000 0.000000 0.000000 0.000000
-5.528906 -6.056915 -12.654387
0.407242 -0.796543 0.446848
255 255 255 255
0.755371 0.826172
0 0 0 0
1.000000 0.000000 0.000000 0.000000
-6.094871 -5.824612 -11.779387
-0.804384 -0.559664 -0.199357
255 255 255 255
0.759277 0.848633
0 0 0 0
1.000000 0.000000 0.000000 0.000000
-5.084653 -6.393258 -13.670432
0.400626 -0.805715 0.436260
255 255 255 255
0.755371 0.801270
0 0 0 0
1.000000 0.000000 0.000000 0.000000
-5.602076 -6.095134 -12.684536
-0.797852 -0.571794 -0.191009
255 255 255 255
0.759277 0.826172
0 0 0 0
1.000000 0.000000 0.000000 0.000000
-6.338721 -3.932906 -12.787717
-0.840752 -0.486282 -0.238046
255 255 255 255
0.854004 0.849609
0 0 0 0
1.000000 0.000000 0.000000 0.000000
-5.155483 -6.431293 -13.702553
-0.781795 -0.583476 -0.219890
255 255 255 255
0.759277 0.801270
0 0 0 0
1.000000 0.000000 0.000000 0.000000
-5.941884 -4.301897 -13.673727
-0.837315 -0.498765 -0.223915
255 255 255 255
0.854004 0.827637
0 0 0 0
1.000000 0.000000 0.000000 0.000000
-4.644135 -6.710253 -14.656928
0.373119 -0.828819 0.416943
255 255 255 255
0.755371 0.776855
0 0 0 0
1.000000 0.000000 0.000000 0.000000
-5.664235 -4.753521 -14.676252
-0.821319 -0.511474 -0.252645
255 255 255 255
0.854004 0.803223
0 0 0 0
1.000000 0.000000 0.000000 0.000000
-4.716361 -6.744297 -14.690701
-0.784458 -0.561061 -0.264265
255 255 255 255
0.759277 0.776855
0 0 0 0
1.000000 0.000000 0.000000 0.000000
-5.595230 -4.713135 -14.643019
-0.417266 0.803735 -0.424144
255 255 255 255
0.858398 0.803223
0 0 0 0
1.000000 0.000000 0.000000 0.000000
-5.868299 -4.265514 -13.645475
-0.398684 0.801270 -0.446114
255 255 255 255
0.858398 0.827637
0 0 0 0
1.000000 0.000000 0.000000 0.000000
-6.264462 -3.897773 -12.758194
-0.388737 0.808845 -0.441195
255 255 255 255
0.858398 0.849609
0 0 0 0
1.000000 0.000000 0.000000 0.000000
-5.192490 -5.040195 -15.559004
-0.405643 0.817833 -0.408171
255 255 255 255
0.858398 0.779785
0 0 0 0
1.000000 0.000000 0.000000 0.000000
-5.262621 -5.079970 -15.597909
-0.823166 -0.486171 -0.293317
255 255 255 255
0.854004 0.779785
0 0 0 0
1.000000 0.000000 0.000000 0.000000
-4.794906 -5.388123 -16.402433
-0.842662 -0.439215 -0.311466
255 255 255 255
0.854004 0.757324
0 0 0 0
1.000000 0.000000 0.000000 0.000000
-4.226039 -7.087178 -15.444421
0.330761 -0.855188 0.399063
255 255 255 255
0.754883 0.754395
0 0 0 0
1.000000 0.000000 0.000000 0.000000
-4.302147 -7.115490 -15.479308
-0.809845 -0.515317 -0.280356
255 255 255 255
0.759277 0.754395
0 0 0 0
1.000000 0.000000 0.000000 0.000000
-4.724406 -5.353381 -16.362352
-0.354915 0.838228 -0.414015
255 255 255 255
0.858887 0.757324
0 0 0 0
1.000000 0.000000 0.000000 0.000000
-4.283215 -5.662649 -17.062653
-0.835996 -0.407172 -0.367861
255 255 255 255
0.854004 0.735840
0 0 0 0
1.000000 0.000000 0.000000 0.000000
-4.213720 -5.630737 -17.018188
-0.304823 0.860048 -0.409146
255 255 255 255
0.858398 0.735840
0 0 0 0
1.000000 0.000000 0.000000 0.000000
-3.854905 -7.322175 -16.060616
0.299804 -0.874141 0.382093
255 255 255 255
0.755371 0.731934
0 0 0 0
1.000000 0.000000 0.000000 0.000000
-3.926862 -7.343005 -16.097244
-0.808419 -0.480880 -0.339431
255 255 255 255
0.759277 0.731934
0 0 0 0
1.000000 0.000000 0.000000 0.000000
-3.513603 -7.532105 -16.640638
-0.739397 -0.480703 -0.471399
255 255 255 255
0.759277 0.709473
0 0 0 0
1.000000 0.000000 0.000000 0.000000
-3.746298 -5.913750 -17.732584
-0.763480 -0.409376 -0.499509
255 255 255 255
0.854004 0.711426
0 0 0 0
1.000000 0.000000 0.000000 0.000000
-3.682362 -5.880244 -17.675934
-0.285783 0.877985 -0.384018
255 255 255 255
0.858398 0.711426
0 0 0 0
1.000000 0.000000 0.000000 0.000000
-3.451100 -7.512144 -16.595158
0.269312 -0.882496 0.385578
255 255 255 255
0.755371 0.709473
0 0 0 0
1.000000 0.000000 0.000000 0.000000
-2.912567 -7.857746 -17.277493
0.268373 -0.886180 0.377705
255 255 255 255
0.754883 0.686523
0 0 0 0
1.000000 0.000000 0.000000 0.000000
-2.960375 -7.878159 -17.333040
-0.611460 -0.489573 -0.621639
255 255 255 255
0.759277 0.686523
0 0 0 0
1.000000 0.000000 0.000000 0.000000
-3.179011 -6.129790 -18.378916
-0.631739 -0.417194 -0.653341
255 255 255 255
0.854004 0.687500
0 0 0 0
1.000000 0.000000 0.000000 0.000000
-3.122387 -6.094816 -18.306545
-0.276951 0.887474 -0.368359
255 255 255 255
0.858398 0.687500
0 0 0 0
1.000000 0.000000 0.000000 0.000000
-2.317017 -8.210829 -18.096909
0.291073 -0.880913 0.373187
255 255 255 255
0.754883 0.662109
0 0 0 0
1.000000 0.000000 0.000000 0.000000
-2.352935 -8.239079 -18.168449
-0.478875 -0.497895 -0.723034
255 255 255 255
0.759277 0.662109
0 0 0 0
1.000000 0.000000 0.000000 0.000000
-2.520200 -6.420333 -19.126902
-0.498988 -0.425176 -0.755140
255 255 255 255
0.854004 0.663086
0 0 0 0
1.000000 0.000000 0.000000 0.000000
-2.476985 -6.383424 -19.046215
-0.282806 0.885716 -0.368142
255 255 255 255
0.858398 0.663086
0 0 0 0
1.000000 0.000000 0.000000 0.000000
-1.824993 -8.608902 -18.711023
0.303593 -0.869100 0.390509
255 255 255 255
0.754883 0.639160
0 0 0 0
1.000000 0.000000 0.000000 0.000000
-1.743167 -6.700554 -19.832224
-0.388223 -0.435905 -0.811954
255 255 255 255
0.854004 0.638672
0 0 0 0
1.000000 0.000000 0.000000 0.000000
-1.856367 -8.648334 -18.792862
-0.370899 -0.508964 -0.776781
255 255 255 255
0.759277 0.639160
0 0 0 0
1.000000 0.000000 0.000000 0.000000
-1.712847 -6.658796 -19.745523
-0.274181 0.876126 -0.396520
255 255 255 255
0.858398 0.638672
0 0 0 0
1.000000 0.000000 0.000000 0.000000
-0.948538 -6.928387 -20.143316
-0.212456 -0.450991 -0.866873
255 255 255 255
0.854004 0.611328
0 0 0 0
1.000000 0.000000 0.000000 0.000000
-0.933414 -6.878130 -20.054533
-0.206933 0.870758 -0.446048
255 255 255 255
0.858887 0.611816
0 0 0 0
1.000000 0.000000 0.000000 0.000000
-0.871781 -8.970373 -19.306082
0.202933 -0.872987 0.443522
255 255 255 255
0.755859 0.616211
0 0 0 0
1.000000 0.000000 0.000000 0.000000
-0.887517 -9.016859 -19.388865
-0.220449 -0.517536 -0.826776
255 255 255 255
0.759277 0.616699
0 0 0 0
1.000000 0.000000 0.000000 0.000000
0.090617 -8.947168 -19.578306
-0.016431 -0.511299 -0.859246
255 255 255 255
0.759277 0.589844
0 0 0 0
1.000000 0.000000 0.000000 0.000000
0.004186 -6.930665 -20.277468
-0.020040 -0.438337 -0.898587
255 255 255 255
0.854004 0.586426
0 0 0 0
1.000000 0.000000 0.000000 0.000000
0.000512 -6.880053 -20.182747
-0.117740 0.871597 -0.475875
255 255 255 255
0.858398 0.586426
0 0 0 0
1.000000 0.000000 0.000000 0.000000
0.091253 -8.905532 -19.486673
0.103078 -0.878409 0.466662
255 255 255 255
0.754883 0.589844
0 0 0 0
1.000000 0.000000 0.000000 0.000000
0.967048 -8.750868 -19.458567
0.173666 -0.473771 -0.863354
255 255 255 255
0.759277 0.564941
0 0 0 0
1.000000 0.000000 0.000000 0.000000
0.822633 -6.876611 -20.179564
0.170222 -0.397390 -0.901724
255 255 255 255
0.854004 0.564941
0 0 0 0
1.000000 0.000000 0.000000 0.000000
0.806689 -6.824849 -20.076881
-0.058493 0.886361 -0.459285
255 255 255 255
0.858887 0.564941
0 0 0 0
1.000000 0.000000 0.000000 0.000000
0.958819 -8.702092 -19.362511
0.057722 -0.888620 0.454996
255 255 255 255
0.754883 0.564941
0 0 0 0
1.000000 0.000000 0.000000 0.000000
4.438682 -1.945376 3.858925
-0.720223 0.095929 0.687078
255 255 255 255
0.250732 0.651367
0 0 0 0
1.000000 0.000000 0.000000 0.000000
4.505238 -1.946589 3.928102
0.481001 0.496784 0.722387
255 255 255 255
0.246216 0.651367
0 0 0 0
1.000000 0.000000 0.000000 0.000000
4.571794 -2.263926 4.042649
-0.713894 0.113888 0.690930
255 255 255 255
0.250732 0.645020
0 0 0 0
1.000000 0.000000 0.000000 0.000000
6.194840 -2.029235 2.746356
0.569352 0.495021 0.656348
255 255 255 255
0.151489 0.649902
0 0 0 0
1.000000 0.000000 0.000000 0.000000
4.645563 -2.268139 4.120630
0.529551 0.424967 0.734151
255 255 255 255
0.246216 0.645020
0 0 0 0
1.000000 0.000000 0.000000 0.000000
4.605213 -2.534999 4.137688
-0.703123 0.085968 0.705853
255 255 255 255
0.250488 0.639648
0 0 0 0
1.000000 0.000000 0.000000 0.000000
6.270740 -2.339201 2.840943
0.597571 0.419433 0.683363
255 255 255 255
0.151489 0.644043
0 0 0 0
1.000000 0.000000 0.000000 0.000000
6.299958 -2.650171 2.965164
0.638160 -0.005937 0.769881
255 255 255 255
0.151489 0.638672
0 0 0 0
1.000000 0.000000 0.000000 0.000000
4.681859 -2.539567 4.211800
0.570698 -0.022703 0.820846
255 255 255 255
0.246216 0.639648
0 0 0 0
1.000000 0.000000 0.000000 0.000000
6.198465 -2.338503 2.763157
0.720006 -0.101781 -0.686463
255 255 255 255
0.147217 0.644043
0 0 0 0
1.000000 0.000000 0.000000 0.000000
6.129411 -2.030497 2.676789
0.729291 -0.024502 -0.683765
255 255 255 255
0.147217 0.649902
0 0 0 0
1.000000 0.000000 0.000000 0.000000
6.228125 -2.648652 2.894396
0.703362 -0.131362 -0.698589
255 255 255 255
0.147095 0.638672
0 0 0 0
1.000000 0.000000 0.000000 0.000000
6.220618 -2.983415 2.912936
0.484708 -0.584551 0.650660
255 255 255 255
0.151489 0.631836
0 0 0 0
1.000000 0.000000 0.000000 0.000000
4.568451 -2.863260 4.120410
0.416218 -0.589846 0.691985
255 255 255 255
0.246216 0.632324
0 0 0 0
1.000000 0.000000 0.000000 0.000000
4.479167 -2.857063 4.029533
-0.719399 -0.017754 0.694371
255 255 255 255
0.250488 0.632324
0 0 0 0
1.000000 0.000000 0.000000 0.000000
6.035951 -3.204574 2.703546
0.426216 -0.703841 0.568285
255 255 255 255
0.151489 0.626465
0 0 0 0
1.000000 0.000000 0.000000 0.000000
4.372935 -3.084492 3.900353
0.318758 -0.718681 0.617973
255 255 255 255
0.246216 0.627441
0 0 0 0
1.000000 0.000000 0.000000 0.000000
6.142379 -2.979986 2.834477
0.717098 0.014871 -0.696813
255 255 255 255
0.147095 0.631836
0 0 0 0
1.000000 0.000000 0.000000 0.000000
4.382425 -3.215706 3.830246
0.543479 -0.107853 0.832465
255 255 255 255
0.246216 0.624512
0 0 0 0
1.000000 0.000000 0.000000 0.000000
5.945773 -3.201354 2.603509
0.731219 0.121668 -0.671204
255 255 255 255
0.147095 0.626465
0 0 0 0
1.000000 0.000000 0.000000 0.000000
6.007443 -3.321313 2.642231
0.645012 -0.052839 0.762344
255 255 255 255
0.151489 0.623535
0 0 0 0
1.000000 0.000000 0.000000 0.000000
4.286185 -3.079386 3.804799
-0.719738 -0.252167 0.646831
255 255 255 255
0.250488 0.627441
0 0 0 0
1.000000 0.000000 0.000000 0.000000
4.403439 -3.418226 3.911986
0.569598 -0.099200 0.815915
255 255 255 255
0.246216 0.621094
0 0 0 0
1.000000 0.000000 0.000000 0.000000
4.323903 -3.378464 3.829731
-0.691377 0.158146 0.704973
255 255 255 255
0.250488 0.621094
0 0 0 0
1.000000 0.000000 0.000000 0.000000
4.302485 -3.203338 3.745527
-0.719531 -0.096411 0.687735
255 255 255 255
0.250488 0.624512
0 0 0 0
1.000000 0.000000 0.000000 0.000000
5.925825 -3.311309 2.554722
0.734185 0.097503 -0.671912
255 255 255 255
0.147095 0.623535
0 0 0 0
1.000000 0.000000 0.000000 0.000000
5.928531 -3.489044 2.541558
0.736361 0.067086 -0.673255
255 255 255 255
0.147095 0.620117
0 0 0 0
1.000000 0.000000 0.000000 0.000000
6.007419 -3.525881 2.625172
0.647936 -0.103387 0.754646
255 255 255 255
0.151489 0.620117
0 0 0 0
1.000000 0.000000 0.000000 0.000000
4.321686 -3.673063 3.863211
0.502286 -0.398481 0.767412
255 255 255 255
0.246216 0.615234
0 0 0 0
1.000000 0.000000 0.000000 0.000000
4.250881 -3.666891 3.786881
-0.751910 0.011735 0.659161
255 255 255 255
0.250488 0.615234
0 0 0 0
1.000000 0.000000 0.000000 0.000000
5.984347 -3.744799 2.574646
0.564272 -0.401963 0.721126
255 255 255 255
0.151489 0.614746
0 0 0 0
1.000000 0.000000 0.000000 0.000000
5.687608 -4.828050 2.231188
0.583806 -0.378921 0.718045
255 255 255 255
0.151489 0.591309
0 0 0 0
1.000000 0.000000 0.000000 0.000000
3.935882 -4.819036 3.422153
0.481767 -0.384185 0.787593
255 255 255 255
0.246216 0.593262
0 0 0 0
1.000000 0.000000 0.000000 0.000000
5.916579 -3.743207 2.500082
0.739834 0.024512 -0.672343
255 255 255 255
0.147095 0.614746
0 0 0 0
1.000000 0.000000 0.000000 0.000000
5.622950 -4.813514 2.160114
0.652817 0.130355 -0.746215
255 255 255 255
0.147217 0.590820
0 0 0 0
1.000000 0.000000 0.000000 0.000000
4.191672 -5.746092 2.914405
0.539839 -0.306850 0.783847
255 255 255 255
0.230713 0.573242
0 0 0 0
1.000000 0.000000 0.000000 0.000000
5.276198 -5.742088 2.125385
0.554425 -0.314081 0.770692
255 255 255 255
0.172363 0.570312
0 0 0 0
1.000000 0.000000 0.000000 0.000000
5.560705 -5.657040 1.904777
0.964857 -0.260945 0.030959
255 255 255 255
0.157593 0.566406
0 0 0 0
1.000000 0.000000 0.000000 0.000000
3.829197 -5.526623 3.195104
-0.004153 -0.350958 0.936382
255 255 255 255
0.249756 0.573242
0 0 0 0
1.000000 0.000000 0.000000 0.000000
3.877494 -4.798035 3.348617
-0.854370 -0.013136 0.519499
255 255 255 255
0.250732 0.593262
0 0 0 0
1.000000 0.000000 0.000000 0.000000
5.169855 -5.925800 2.132843
0.577919 -0.308344 0.755602
255 255 255 255
0.176758 0.565918
0 0 0 0
1.000000 0.000000 0.000000 0.000000
4.135844 -5.932719 2.882236
0.541312 -0.295269 0.787272
255 255 255 255
0.233398 0.568848
0 0 0 0
1.000000 0.000000 0.000000 0.000000
3.855942 -5.847353 3.031806
0.403241 -0.371596 0.836249
255 255 255 255
0.248047 0.565430
0 0 0 0
1.000000 0.000000 0.000000 0.000000
5.384341 -5.844009 1.847528
0.629862 -0.618647 0.469627
255 255 255 255
0.162231 0.560547
0 0 0 0
1.000000 0.000000 0.000000 0.000000
5.367980 -5.562283 1.803455
0.581557 0.157528 -0.798108
255 255 255 255
0.143921 0.567383
0 0 0 0
1.000000 0.000000 0.000000 0.000000
5.384341 -5.844009 1.847528
0.416266 -0.112229 -0.902290
255 255 255 255
0.149048 0.562012
0 0 0 0
1.000000 0.000000 0.000000 0.000000
3.792239 -5.458646 3.045337
-0.938215 -0.049864 0.342441
255 255 255 255
0.260010 0.574707
0 0 0 0
1.000000 0.000000 0.000000 0.000000
3.855942 -5.847353 3.031806
-0.972340 -0.166331 0.163977
255 255 255 255
0.258301 0.566895
0 0 0 0
1.000000 0.000000 0.000000 0.000000
-6.030360 -1.975991 2.643174
-0.895422 0.126920 -0.426745
255 255 255 255
0.250732 0.651367
0 0 0 0
1.000000 0.000000 0.000000 0.000000
-6.071371 -1.975158 2.730009
-0.366634 0.695226 0.618256
255 255 255 255
0.246216 0.651367
0 0 0 0
1.000000 0.000000 0.000000 0.000000
-6.164916 -2.288797 2.835519
-0.896183 0.141318 -0.420578
255 255 255 255
0.250732 0.645020
0 0 0 0
1.000000 0.000000 0.000000 0.000000
-4.289228 -2.147518 3.722836
-0.275524 0.689100 0.670245
255 255 255 255
0.151489 0.649902
0 0 0 0
1.000000 0.000000 0.000000 0.000000
-6.211720 -2.290708 2.932211
-0.422802 0.558108 0.713971
255 255 255 255
0.246216 0.645020
0 0 0 0
1.000000 0.000000 0.000000 0.000000
-6.250576 -2.556711 2.902748
-0.906941 0.116821 -0.404735
255 255 255 255
0.250488 0.639648
0 0 0 0
1.000000 0.000000 0.000000 0.000000
-4.440855 -2.410190 3.996997
-0.356312 0.554964 0.751703
255 255 255 255
0.151489 0.644043
0 0 0 0
1.000000 0.000000 0.000000 0.000000
-4.556517 -2.716996 4.070973
-0.494879 0.018340 0.868768
255 255 255 255
0.151489 0.638672
0 0 0 0
1.000000 0.000000 0.000000 0.000000
-6.292714 -2.559123 3.000800
-0.564612 0.000890 0.825356
255 255 255 255
0.246216 0.639648
0 0 0 0
1.000000 0.000000 0.000000 0.000000
-4.393868 -2.411782 3.901774
0.892585 -0.125540 0.433050
255 255 255 255
0.147217 0.644043
0 0 0 0
1.000000 0.000000 0.000000 0.000000
-4.247555 -2.150824 3.636969
0.896184 -0.054774 0.440289
255 255 255 255
0.147217 0.649902
0 0 0 0
1.000000 0.000000 0.000000 0.000000
-4.515873 -2.717547 3.978677
0.897331 -0.157691 0.412226
255 255 255 255
0.147095 0.638672
0 0 0 0
1.000000 0.000000 0.000000 0.000000
-4.546671 -3.051477 3.980991
-0.452654 -0.565376 0.689532
255 255 255 255
0.151489 0.631836
0 0 0 0
1.000000 0.000000 0.000000 0.000000
-6.258070 -2.885216 2.864945
-0.517730 -0.568060 0.639737
255 255 255 255
0.246216 0.632324
0 0 0 0
1.000000 0.000000 0.000000 0.000000
-6.204740 -2.881689 2.749137
-0.906131 0.012841 -0.422803
255 255 255 255
0.250488 0.632324
0 0 0 0
1.000000 0.000000 0.000000 0.000000
-4.423858 -3.278735 3.735768
-0.402899 -0.686725 0.605047
255 255 255 255
0.151489 0.626465
0 0 0 0
1.000000 0.000000 0.000000 0.000000
-6.129183 -3.112841 2.605812
-0.486882 -0.700291 0.522053
255 255 255 255
0.246216 0.627441
0 0 0 0
1.000000 0.000000 0.000000 0.000000
-4.501092 -3.050351 3.879963
0.904609 -0.016657 0.425917
255 255 255 255
0.147095 0.631836
0 0 0 0
1.000000 0.000000 0.000000 0.000000
-6.064538 -3.246345 2.590823
-0.587860 -0.084615 0.804525
255 255 255 255
0.246216 0.624512
0 0 0 0
1.000000 0.000000 0.000000 0.000000
-4.362348 -3.278478 3.615894
0.889165 0.096769 0.447237
255 255 255 255
0.147095 0.626465
0 0 0 0
1.000000 0.000000 0.000000 0.000000
-4.380484 -3.397323 3.688279
-0.482438 -0.031882 0.875350
255 255 255 255
0.151489 0.623535
0 0 0 0
1.000000 0.000000 0.000000 0.000000
-6.070575 -3.110576 2.490726
-0.870896 -0.220674 -0.439138
255 255 255 255
0.250488 0.627441
0 0 0 0
1.000000 0.000000 0.000000 0.000000
-6.139947 -3.446135 2.641165
-0.562863 -0.075351 0.823108
255 255 255 255
0.246216 0.621094
0 0 0 0
1.000000 0.000000 0.000000 0.000000
-6.090082 -3.408810 2.537272
-0.899170 0.187714 -0.395294
255 255 255 255
0.250488 0.621094
0 0 0 0
1.000000 0.000000 0.000000 0.000000
-6.013436 -3.236487 2.485926
-0.903685 -0.067755 -0.422803
255 255 255 255
0.250488 0.624512
0 0 0 0
1.000000 0.000000 0.000000 0.000000
-4.327435 -3.389914 3.580834
0.890564 0.069414 0.449531
255 255 255 255
0.147095 0.623535
0 0 0 0
1.000000 0.000000 0.000000 0.000000
-4.319891 -3.567994 3.580099
0.890414 0.043083 0.453108
255 255 255 255
0.147095 0.620117
0 0 0 0
1.000000 0.000000 0.000000 0.000000
-4.371128 -3.602344 3.683858
-0.480010 -0.083442 0.873286
255 255 255 255
0.151489 0.620117
0 0 0 0
1.000000 0.000000 0.000000 0.000000
-6.131645 -3.702135 2.549518
-0.549862 -0.375604 0.746039
255 255 255 255
0.246216 0.615234
0 0 0 0
1.000000 0.000000 0.000000 0.000000
-6.085319 -3.698204 2.456131
-0.884588 0.042777 -0.464407
255 255 255 255
0.250488 0.615234
0 0 0 0
1.000000 0.000000 0.000000 0.000000
-4.339227 -3.822719 3.646153
-0.486546 -0.379940 0.786714
255 255 255 255
0.151489 0.614746
0 0 0 0
1.000000 0.000000 0.000000 0.000000
-4.158761 -4.915595 3.255573
-0.476249 -0.359930 0.802270
255 255 255 255
0.151489 0.591309
0 0 0 0
1.000000 0.000000 0.000000 0.000000
-5.893734 -4.860562 2.041538
-0.576322 -0.363335 0.732011
255 255 255 255
0.246216 0.593262
0 0 0 0
1.000000 0.000000 0.000000 0.000000
-4.293587 -3.823331 3.556305
0.890344 -0.003922 0.455271
255 255 255 255
0.147095 0.614746
0 0 0 0
1.000000 0.000000 0.000000 0.000000
-4.114909 -4.903152 3.169768
0.932683 0.103806 0.345438
255 255 255 255
0.147217 0.590820
0 0 0 0
1.000000 0.000000 0.000000 0.000000
-5.358396 -5.804872 2.107726
-0.550980 -0.285274 0.784245
255 255 255 255
0.230713 0.573242
0 0 0 0
1.000000 0.000000 0.000000 0.000000
-4.235677 -5.831040 2.840943
-0.533000 -0.293772 0.793479
255 255 255 255
0.172363 0.570312
0 0 0 0
1.000000 0.000000 0.000000 0.000000
-3.925686 -5.754419 3.027777
0.307410 -0.264375 0.914114
255 255 255 255
0.157593 0.566406
0 0 0 0
1.000000 0.000000 0.000000 0.000000
-5.742412 -5.574859 1.866913
-0.887825 -0.320644 0.330081
255 255 255 255
0.249756 0.573242
0 0 0 0
1.000000 0.000000 0.000000 0.000000
-5.845130 -4.841789 1.960654
-0.793155 0.013138 -0.608878
255 255 255 255
0.250732 0.593262
0 0 0 0
1.000000 0.000000 0.000000 0.000000
-4.286375 -6.014006 2.745683
-0.509790 -0.285700 0.811474
255 255 255 255
0.176758 0.565918
0 0 0 0
1.000000 0.000000 0.000000 0.000000
-5.354195 -5.992233 2.045640
-0.552115 -0.271761 0.788235
255 255 255 255
0.233398 0.568848
0 0 0 0
1.000000 0.000000 0.000000 0.000000
-5.590687 -5.900903 1.836495
-0.650358 -0.345701 0.676407
255 255 255 255
0.248047 0.565430
0 0 0 0
1.000000 0.000000 0.000000 0.000000
-3.940909 -5.942515 2.844102
-0.236902 -0.605836 0.759500
255 255 255 255
0.162231 0.560547
0 0 0 0
1.000000 0.000000 0.000000 0.000000
-3.896529 -5.662331 2.810818
0.957594 0.124623 0.259776
255 255 255 255
0.143921 0.567383
0 0 0 0
1.000000 0.000000 0.000000 0.000000
-3.940909 -5.942515 2.844102
0.986803 -0.144858 0.072352
255 255 255 255
0.149048 0.562012
0 0 0 0
1.000000 0.000000 0.000000 0.000000
-5.613440 -5.511732 1.778584
-0.658035 -0.029654 -0.752403
255 255 255 255
0.260010 0.574707
0 0 0 0
1.000000 0.000000 0.000000 0.000000
-5.590687 -5.900903 1.836495
-0.505827 -0.152347 -0.849075
255 255 255 255
0.258301 0.566895
0 0 0 0
1.000000 0.000000 0.000000 0.000000
-7.164014 -4.251273 -3.025676
0.507713 -0.088161 0.857003
255 255 255 255
0.258301 0.566895
0 0 0 0
1.000000 0.000000 0.000000 0.000000
-7.370576 -3.986151 -2.875530
-0.621262 -0.299392 0.724153
255 255 255 255
0.249756 0.573242
0 0 0 0
1.000000 0.000000 0.000000 0.000000
-7.174178 -3.885319 -2.981554
0.396263 0.069568 0.915498
255 255 255 255
0.260010 0.574707
0 0 0 0
1.000000 0.000000 0.000000 0.000000
-7.164014 -4.251273 -3.025676
-0.623854 -0.684443 0.377284
255 255 255 255
0.248047 0.565430
0 0 0 0
1.000000 0.000000 0.000000 0.000000
-7.411146 -4.189774 -3.319832
-0.951240 -0.254467 0.174328
255 255 255 255
0.230713 0.573242
0 0 0 0
1.000000 0.000000 0.000000 0.000000
-7.550369 -3.396319 -2.902740
-0.905608 -0.375891 0.196420
255 255 255 255
0.246216 0.593262
0 0 0 0
1.000000 0.000000 0.000000 0.000000
-7.456945 -3.378367 -2.923546
0.271609 0.072076 0.959705
255 255 255 255
0.250732 0.593262
0 0 0 0
1.000000 0.000000 0.000000 0.000000
-7.267613 -4.333748 -3.318583
-0.659546 -0.725105 0.198048
255 255 255 255
0.233398 0.568848
0 0 0 0
1.000000 0.000000 0.000000 0.000000
-7.684191 -4.244121 -4.568584
-0.958768 -0.245255 0.143575
255 255 255 255
0.172363 0.570312
0 0 0 0
1.000000 0.000000 0.000000 0.000000
-7.806392 -3.350801 -4.817725
-0.931102 -0.364705 0.006304
255 255 255 255
0.151489 0.591309
0 0 0 0
1.000000 0.000000 0.000000 0.000000
-7.555109 -4.339418 -4.557440
-0.651100 -0.749572 0.119212
255 255 255 255
0.176758 0.565918
0 0 0 0
1.000000 0.000000 0.000000 0.000000
-7.929475 -2.980672 -2.877098
-0.868814 -0.483004 0.108947
255 255 255 255
0.246216 0.615234
0 0 0 0
1.000000 0.000000 0.000000 0.000000
-7.850893 -2.865060 -2.854700
0.050414 -0.093671 0.994326
255 255 255 255
0.250488 0.615234
0 0 0 0
1.000000 0.000000 0.000000 0.000000
-7.676538 -4.153172 -4.973724
-0.728348 -0.170634 -0.663621
255 255 255 255
0.157593 0.566406
0 0 0 0
1.000000 0.000000 0.000000 0.000000
-7.707360 -3.338690 -4.827007
-0.021018 0.135164 -0.990600
255 255 255 255
0.147217 0.590820
0 0 0 0
1.000000 0.000000 0.000000 0.000000
-7.981446 -2.720694 -4.802993
-0.082386 -0.024014 -0.996311
255 255 255 255
0.147095 0.614746
0 0 0 0
1.000000 0.000000 0.000000 0.000000
-8.092907 -2.778176 -4.787319
-0.884696 -0.466101 -0.007951
255 255 255 255
0.151489 0.614746
0 0 0 0
1.000000 0.000000 0.000000 0.000000
-7.438944 -4.301811 -4.926394
-0.505355 -0.837023 -0.209784
255 255 255 255
0.162231 0.560547
0 0 0 0
1.000000 0.000000 0.000000 0.000000
-7.384707 -4.024101 -4.935370
0.023575 0.147668 -0.988756
255 255 255 255
0.143921 0.567383
0 0 0 0
1.000000 0.000000 0.000000 0.000000
-7.438944 -4.301811 -4.926394
0.157092 -0.064889 -0.985450
255 255 255 255
0.149048 0.562012
0 0 0 0
1.000000 0.000000 0.000000 0.000000
-8.042001 -2.618625 -2.812783
-0.662876 -0.740986 0.107402
255 255 255 255
0.246216 0.621094
0 0 0 0
1.000000 0.000000 0.000000 0.000000
-8.204050 -2.491220 -4.808846
-0.693903 -0.717704 -0.058301
255 255 255 255
0.151489 0.620117
0 0 0 0
1.000000 0.000000 0.000000 0.000000
-7.950917 -2.553453 -2.823608
0.151303 -0.140092 0.978510
255 255 255 255
0.250488 0.621094
0 0 0 0
1.000000 0.000000 0.000000 0.000000
-8.575501 -2.431375 -4.755492
-0.400019 -0.916210 -0.023331
255 255 255 255
0.151489 0.626465
0 0 0 0
1.000000 0.000000 0.000000 0.000000
-8.334504 -2.430506 -2.715821
-0.383547 -0.919542 0.085638
255 255 255 255
0.246216 0.627441
0 0 0 0
1.000000 0.000000 0.000000 0.000000
-8.235693 -2.312223 -2.719286
0.188570 -0.169430 0.967334
255 255 255 255
0.250488 0.627441
0 0 0 0
1.000000 0.000000 0.000000 0.000000
-8.103671 -2.421383 -4.803520
-0.061199 0.020211 -0.997921
255 255 255 255
0.147095 0.620117
0 0 0 0
1.000000 0.000000 0.000000 0.000000
-8.469699 -2.309125 -4.761223
-0.128498 0.134387 -0.982562
255 255 255 255
0.147095 0.626465
0 0 0 0
1.000000 0.000000 0.000000 0.000000
-9.006199 -2.127459 -4.636389
-0.130314 0.144235 -0.980925
255 255 255 255
0.147095 0.631836
0 0 0 0
1.000000 0.000000 0.000000 0.000000
-9.123624 -2.150640 -4.631919
-0.636812 -0.770465 0.029224
255 255 255 255
0.151489 0.631836
0 0 0 0
1.000000 0.000000 0.000000 0.000000
-8.862482 -2.207130 -2.599055
-0.642678 -0.758845 0.105445
255 255 255 255
0.246216 0.632324
0 0 0 0
1.000000 0.000000 0.000000 0.000000
-8.738482 -2.181279 -2.603231
0.122805 -0.160269 0.979404
255 255 255 255
0.250488 0.632324
0 0 0 0
1.000000 0.000000 0.000000 0.000000
-9.152144 -1.800288 -4.599407
-0.049755 0.074182 -0.996003
255 255 255 255
0.147095 0.638672
0 0 0 0
1.000000 0.000000 0.000000 0.000000
-9.268761 -1.809411 -4.595231
-0.744596 -0.666424 0.038155
255 255 255 255
0.151489 0.638672
0 0 0 0
1.000000 0.000000 0.000000 0.000000
-9.016215 -1.874534 -2.564926
-0.792651 -0.596756 0.124846
255 255 255 255
0.246216 0.639648
0 0 0 0
1.000000 0.000000 0.000000 0.000000
-8.901008 -1.862142 -2.567730
0.039368 -0.076420 0.996298
255 255 255 255
0.250488 0.639648
0 0 0 0
1.000000 0.000000 0.000000 0.000000
-9.266054 -1.788630 -4.624572
0.041446 -0.818973 -0.572334
255 255 255 255
0.147217 0.644043
0 0 0 0
1.000000 0.000000 0.000000 0.000000
-9.381777 -1.797092 -4.620849
-0.091201 -0.995719 -0.015040
255 255 255 255
0.151489 0.644043
0 0 0 0
1.000000 0.000000 0.000000 0.000000
-9.173072 -1.859913 -2.585413
-0.096901 -0.995072 -0.021030
255 255 255 255
0.246216 0.645020
0 0 0 0
1.000000 0.000000 0.000000 0.000000
-9.064783 -1.848904 -2.586785
-0.047500 0.595408 0.802018
255 255 255 255
0.250732 0.645020
0 0 0 0
1.000000 0.000000 0.000000 0.000000
0.914624 -5.999752 3.078451
0.949060 -0.068251 -0.307615
255 255 255 255
0.149048 0.562012
0 0 0 0
1.000000 0.000000 0.000000 0.000000
1.003271 -5.872652 3.323794
0.749043 -0.238818 0.617981
255 255 255 255
0.157593 0.566406
0 0 0 0
1.000000 0.000000 0.000000 0.000000
0.925192 -5.718870 3.045472
0.977660 0.128984 -0.165963
255 255 255 255
0.143921 0.567383
0 0 0 0
1.000000 0.000000 0.000000 0.000000
0.914624 -5.999752 3.078451
0.255973 -0.874084 0.412861
255 255 255 255
0.162231 0.560547
0 0 0 0
1.000000 0.000000 0.000000 0.000000
0.598670 -5.953303 3.371063
-0.031361 -0.294411 0.955164
255 255 255 255
0.172363 0.570312
0 0 0 0
1.000000 0.000000 0.000000 0.000000
0.895128 -5.079211 3.526156
0.073458 -0.234342 0.969375
255 255 255 255
0.151489 0.591309
0 0 0 0
1.000000 0.000000 0.000000 0.000000
0.889777 -5.059237 3.427480
0.985530 0.121821 -0.117855
255 255 255 255
0.147217 0.590820
0 0 0 0
1.000000 0.000000 0.000000 0.000000
0.507855 -6.082974 3.225583
-0.066171 -0.741835 0.667310
255 255 255 255
0.176758 0.565918
0 0 0 0
1.000000 0.000000 0.000000 0.000000
-0.676692 -5.846740 3.280029
-0.061808 -0.302572 0.951120
255 255 255 255
0.230713 0.573242
0 0 0 0
1.000000 0.000000 0.000000 0.000000
0.885270 -4.509475 3.675678
0.062255 -0.510099 0.857860
255 255 255 255
0.151489 0.614746
0 0 0 0
1.000000 0.000000 0.000000 0.000000
-1.028356 -4.487286 3.654701
-0.077173 -0.485403 0.870878
255 255 255 255
0.246216 0.615234
0 0 0 0
1.000000 0.000000 0.000000 0.000000
-1.057819 -5.057498 3.489505
-0.099972 -0.238478 0.965989
255 255 255 255
0.246216 0.593262
0 0 0 0
1.000000 0.000000 0.000000 0.000000
0.879894 -4.438095 3.555301
0.995577 -0.024833 -0.090609
255 255 255 255
0.147095 0.614746
0 0 0 0
1.000000 0.000000 0.000000 0.000000
-1.033585 -4.279377 3.981126
-0.049345 -0.927589 0.370328
255 255 255 255
0.246216 0.621094
0 0 0 0
1.000000 0.000000 0.000000 0.000000
0.961672 -4.284189 3.914888
0.070372 -0.927591 0.366911
255 255 255 255
0.151489 0.620117
0 0 0 0
1.000000 0.000000 0.000000 0.000000
0.944258 -4.209135 3.811399
0.991736 -0.015485 -0.127355
255 255 255 255
0.147095 0.620117
0 0 0 0
1.000000 0.000000 0.000000 0.000000
-1.033181 -4.202767 3.886099
-0.988387 -0.142269 0.053387
255 255 255 255
0.250488 0.621094
0 0 0 0
1.000000 0.000000 0.000000 0.000000
-1.069942 -4.394487 3.600182
-0.983970 -0.091856 0.152855
255 255 255 255
0.250488 0.615234
0 0 0 0
1.000000 0.000000 0.000000 0.000000
-1.050668 -5.032468 3.395444
-0.993727 0.079691 -0.078464
255 255 255 255
0.250732 0.593262
0 0 0 0
1.000000 0.000000 0.000000 0.000000
-1.051610 -5.517733 3.156726
-0.961151 0.096745 -0.258516
255 255 255 255
0.260010 0.574707
0 0 0 0
1.000000 0.000000 0.000000 0.000000
-1.130486 -5.631729 3.358352
-0.515551 -0.309688 0.798937
255 255 255 255
0.249756 0.573242
0 0 0 0
1.000000 0.000000 0.000000 0.000000
-1.007207 -5.880747 3.071996
-0.927044 -0.021280 -0.374349
255 255 255 255
0.258301 0.566895
0 0 0 0
1.000000 0.000000 0.000000 0.000000
-1.007207 -5.880747 3.071996
-0.281518 -0.769595 0.573124
255 255 255 255
0.248047 0.565430
0 0 0 0
1.000000 0.000000 0.000000 0.000000
-0.704625 -5.978419 3.126907
-0.143236 -0.721965 0.676942
255 255 255 255
0.233398 0.568848
0 0 0 0
1.000000 0.000000 0.000000 0.000000
-1.093013 -4.039579 4.494800
-0.982950 -0.180823 -0.033353
255 255 255 255
0.250488 0.627441
0 0 0 0
1.000000 0.000000 0.000000 0.000000
0.977065 -4.104874 4.593697
0.033133 -0.969505 0.242821
255 255 255 255
0.151489 0.626465
0 0 0 0
1.000000 0.000000 0.000000 0.000000
-1.079764 -4.095616 4.638382
-0.027826 -0.972101 0.232906
255 255 255 255
0.246216 0.627441
0 0 0 0
1.000000 0.000000 0.000000 0.000000
-1.134159 -3.980139 4.918186
-0.967247 -0.251998 0.030500
255 255 255 255
0.250488 0.632324
0 0 0 0
1.000000 0.000000 0.000000 0.000000
0.933837 -4.019925 5.024540
0.039906 -0.810644 0.584178
255 255 255 255
0.151489 0.631836
0 0 0 0
1.000000 0.000000 0.000000 0.000000
-1.120420 -4.005181 5.042138
-0.035621 -0.788247 0.614327
255 255 255 255
0.246216 0.632324
0 0 0 0
1.000000 0.000000 0.000000 0.000000
0.921273 -3.997491 4.906699
0.965905 0.257377 -0.028002
255 255 255 255
0.147095 0.631836
0 0 0 0
1.000000 0.000000 0.000000 0.000000
0.964942 -4.048813 4.441323
0.989313 0.136186 -0.052094
255 255 255 255
0.147095 0.626465
0 0 0 0
1.000000 0.000000 0.000000 0.000000
0.930825 -3.676859 5.170241
0.048987 -0.404495 0.913227
255 255 255 255
0.151489 0.638672
0 0 0 0
1.000000 0.000000 0.000000 0.000000
0.917624 -3.668471 5.053440
0.993158 0.055389 -0.102805
255 255 255 255
0.147095 0.638672
0 0 0 0
1.000000 0.000000 0.000000 0.000000
-1.134159 -3.659078 5.080908
-0.992731 -0.056448 0.106293
255 255 255 255
0.250488 0.639648
0 0 0 0
1.000000 0.000000 0.000000 0.000000
-1.119942 -3.670773 5.195823
-0.037750 -0.406093 0.913051
255 255 255 255
0.246216 0.639648
0 0 0 0
1.000000 0.000000 0.000000 0.000000
7.503780 -4.442062 -4.827362
-0.152840 -0.178357 -0.972023
255 255 255 255
0.149048 0.562012
0 0 0 0
1.000000 0.000000 0.000000 0.000000
7.744864 -4.299582 -4.892081
0.731393 -0.258183 -0.631195
255 255 255 255
0.157593 0.566406
0 0 0 0
1.000000 0.000000 0.000000 0.000000
7.455802 -4.158425 -4.873333
-0.020767 0.017675 -0.999628
255 255 255 255
0.143921 0.567383
0 0 0 0
1.000000 0.000000 0.000000 0.000000
7.503780 -4.442062 -4.827362
0.503034 -0.858481 -0.099836
255 255 255 255
0.162231 0.560547
0 0 0 0
1.000000 0.000000 0.000000 0.000000
7.748538 -4.339283 -4.478467
0.953392 -0.241785 0.180512
255 255 255 255
0.172363 0.570312
0 0 0 0
1.000000 0.000000 0.000000 0.000000
7.891716 -3.458160 -4.842620
0.975647 -0.215535 0.040705
255 255 255 255
0.151489 0.591309
0 0 0 0
1.000000 0.000000 0.000000 0.000000
7.793087 -3.445706 -4.854022
0.024799 0.011342 -0.999628
255 255 255 255
0.147217 0.590820
0 0 0 0
1.000000 0.000000 0.000000 0.000000
7.617299 -4.434421 -4.455776
0.648788 -0.730081 0.214606
255 255 255 255
0.176758 0.565918
0 0 0 0
1.000000 0.000000 0.000000 0.000000
7.470778 -4.129219 -3.249908
0.945996 -0.243641 0.213849
255 255 255 255
0.230713 0.573242
0 0 0 0
1.000000 0.000000 0.000000 0.000000
7.981268 -2.792063 -4.888260
0.883825 -0.466746 -0.031656
255 255 255 255
0.151489 0.614746
0 0 0 0
1.000000 0.000000 0.000000 0.000000
7.865105 -2.830306 -2.989073
0.887362 -0.445851 0.117492
255 255 255 255
0.246216 0.615234
0 0 0 0
1.000000 0.000000 0.000000 0.000000
7.625712 -3.286401 -2.941351
0.952160 -0.209218 0.222754
255 255 255 255
0.246216 0.593262
0 0 0 0
1.000000 0.000000 0.000000 0.000000
7.863293 -2.748394 -4.901523
0.045580 -0.050470 -0.997685
255 255 255 255
0.147095 0.614746
0 0 0 0
1.000000 0.000000 0.000000 0.000000
8.193245 -2.545738 -2.936575
0.381580 -0.924286 -0.009587
255 255 255 255
0.246216 0.621094
0 0 0 0
1.000000 0.000000 0.000000 0.000000
8.290844 -2.319853 -4.915201
0.409665 -0.905288 -0.112377
255 255 255 255
0.151489 0.620117
0 0 0 0
1.000000 0.000000 0.000000 0.000000
8.184525 -2.274519 -4.903654
0.008010 0.018119 -0.999804
255 255 255 255
0.147095 0.620117
0 0 0 0
1.000000 0.000000 0.000000 0.000000
8.090832 -2.477701 -2.940274
-0.070883 -0.195708 0.978097
255 255 255 255
0.250488 0.621094
0 0 0 0
1.000000 0.000000 0.000000 0.000000
7.791544 -2.719469 -2.968120
-0.009482 -0.055187 0.998431
255 255 255 255
0.250488 0.615234
0 0 0 0
1.000000 0.000000 0.000000 0.000000
7.532791 -3.271436 -2.964398
-0.258746 0.194471 0.946167
255 255 255 255
0.250732 0.593262
0 0 0 0
1.000000 0.000000 0.000000 0.000000
7.432632 -3.871714 -2.836686
0.609933 -0.216473 0.762313
255 255 255 255
0.249756 0.573242
0 0 0 0
1.000000 0.000000 0.000000 0.000000
7.239051 -3.781696 -2.956585
-0.400941 0.195348 0.895034
255 255 255 255
0.260010 0.574707
0 0 0 0
1.000000 0.000000 0.000000 0.000000
7.220927 -4.152828 -2.952164
-0.516864 0.033646 0.855406
255 255 255 255
0.258301 0.566895
0 0 0 0
1.000000 0.000000 0.000000 0.000000
7.220927 -4.152828 -2.952164
0.615467 -0.636202 0.465240
255 255 255 255
0.248047 0.565430
0 0 0 0
1.000000 0.000000 0.000000 0.000000
7.324062 -4.272532 -3.230781
0.654517 -0.696513 0.294068
255 255 255 255
0.233398 0.568848
0 0 0 0
1.000000 0.000000 0.000000 0.000000
8.567268 -2.434351 -2.788536
-0.173519 -0.367422 0.913724
255 255 255 255
0.250488 0.627441
0 0 0 0
1.000000 0.000000 0.000000 0.000000
8.902007 -2.329882 -4.828379
0.297159 -0.950964 -0.085819
255 255 255 255
0.151489 0.626465
0 0 0 0
1.000000 0.000000 0.000000 0.000000
8.714610 -2.477897 -2.785426
0.314449 -0.949247 -0.007149
255 255 255 255
0.246216 0.627441
0 0 0 0
1.000000 0.000000 0.000000 0.000000
8.899766 -2.197676 -2.726192
-0.027014 -0.110988 0.993455
255 255 255 255
0.250488 0.632324
0 0 0 0
1.000000 0.000000 0.000000 0.000000
9.250106 -2.117074 -4.763304
0.851028 -0.524708 0.020771
255 255 255 255
0.151489 0.631836
0 0 0 0
1.000000 0.000000 0.000000 0.000000
9.025811 -2.205991 -2.725250
0.841886 -0.528333 0.109963
255 255 255 255
0.246216 0.632324
0 0 0 0
1.000000 0.000000 0.000000 0.000000
9.127390 -2.090881 -4.764578
0.048631 0.136527 -0.989442
255 255 255 255
0.147095 0.631836
0 0 0 0
1.000000 0.000000 0.000000 0.000000
8.746620 -2.285601 -4.833779
0.112472 0.370674 -0.921928
255 255 255 255
0.147095 0.626465
0 0 0 0
1.000000 0.000000 0.000000 0.000000
9.039074 -1.830498 -2.723376
0.957373 -0.229046 0.175994
255 255 255 255
0.246216 0.639648
0 0 0 0
1.000000 0.000000 0.000000 0.000000
9.273483 -1.835654 -4.757353
0.981092 -0.185846 0.054030
255 255 255 255
0.151489 0.638672
0 0 0 0
1.000000 0.000000 0.000000 0.000000
8.922567 -1.834099 -2.720939
-0.009049 -0.144808 0.989419
255 255 255 255
0.250488 0.639648
0 0 0 0
1.000000 0.000000 0.000000 0.000000
9.077231 -1.297770 -2.576499
-0.019914 -0.266786 0.963550
255 255 255 255
0.250732 0.645020
0 0 0 0
1.000000 0.000000 0.000000 0.000000
9.185423 -1.303146 -2.569959
0.926842 -0.329586 0.179824
255 255 255 255
0.246216 0.645020
0 0 0 0
1.000000 0.000000 0.000000 0.000000
9.399774 -1.443029 -4.600215
0.946694 -0.309942 0.087794
255 255 255 255
0.151489 0.644043
0 0 0 0
1.000000 0.000000 0.000000 0.000000
9.285998 -1.450193 -4.608334
0.037603 0.362854 -0.931087
255 255 255 255
0.147217 0.644043
0 0 0 0
1.000000 0.000000 0.000000 0.000000
9.152494 -1.822588 -4.757022
0.026127 0.216272 -0.975984
255 255 255 255
0.147095 0.638672
0 0 0 0
1.000000 0.000000 0.000000 0.000000
4.949162 -5.279479 1.386706
0.566701 -0.239098 -0.788468
255 255 255 255
0.149048 0.562012
0 0 0 0
1.000000 0.000000 0.000000 0.000000
5.168545 -5.140648 1.502380
0.956639 -0.281530 0.074714
255 255 255 255
0.157593 0.566406
0 0 0 0
1.000000 0.000000 0.000000 0.000000
4.951966 -5.008406 1.305137
0.688057 -0.033967 -0.724861
255 255 255 255
0.143921 0.567383
0 0 0 0
1.000000 0.000000 0.000000 0.000000
4.949162 -5.279479 1.386706
0.393655 -0.860490 0.323407
255 255 255 255
0.162231 0.560547
0 0 0 0
1.000000 0.000000 0.000000 0.000000
4.880167 -5.155992 1.800798
0.544540 -0.210544 0.811879
255 255 255 255
0.172363 0.570312
0 0 0 0
1.000000 0.000000 0.000000 0.000000
5.252147 -4.322543 1.595779
0.649552 -0.204353 0.732340
255 255 255 255
0.151489 0.591309
0 0 0 0
1.000000 0.000000 0.000000 0.000000
5.190208 -4.312893 1.517626
0.722865 -0.037221 -0.689986
255 255 255 255
0.147217 0.590820
0 0 0 0
1.000000 0.000000 0.000000 0.000000
4.769282 -5.248374 1.729785
0.281321 -0.712464 0.642848
255 255 255 255
0.176758 0.565918
0 0 0 0
1.000000 0.000000 0.000000 0.000000
3.823809 -4.875955 2.466087
0.515905 -0.215247 0.829163
255 255 255 255
0.230713 0.573242
0 0 0 0
1.000000 0.000000 0.000000 0.000000
5.363008 -3.744542 1.620772
0.558819 -0.500926 0.660904
255 255 255 255
0.151489 0.614746
0 0 0 0
1.000000 0.000000 0.000000 0.000000
3.937670 -3.533485 2.864394
0.445771 -0.483127 0.753576
255 255 255 255
0.246216 0.615234
0 0 0 0
1.000000 0.000000 0.000000 0.000000
3.730900 -4.018872 2.748390
0.501829 -0.189256 0.844008
255 255 255 255
0.246216 0.593262
0 0 0 0
1.000000 0.000000 0.000000 0.000000
5.290844 -3.686705 1.516610
0.758324 -0.146816 -0.635130
255 255 255 255
0.147095 0.614746
0 0 0 0
1.000000 0.000000 0.000000 0.000000
5.574665 -3.631072 1.791197
0.239352 -0.887861 0.392955
255 255 255 255
0.151489 0.620117
0 0 0 0
1.000000 0.000000 0.000000 0.000000
5.503235 -3.566010 1.706848
0.784233 0.035763 -0.619435
255 255 255 255
0.147095 0.620117
0 0 0 0
1.000000 0.000000 0.000000 0.000000
3.986555 -3.264481 2.937293
-0.831681 -0.189376 0.521961
255 255 255 255
0.250488 0.621094
0 0 0 0
1.000000 0.000000 0.000000 0.000000
4.039029 -3.329396 3.025977
0.110520 -0.894513 0.433164
255 255 255 255
0.246216 0.621094
0 0 0 0
1.000000 0.000000 0.000000 0.000000
3.878229 -3.418447 2.816170
-0.754934 0.038291 0.654681
255 255 255 255
0.250488 0.615234
0 0 0 0
1.000000 0.000000 0.000000 0.000000
3.681696 -4.005561 2.665400
-0.847576 0.234847 0.475881
255 255 255 255
0.250732 0.593262
0 0 0 0
1.000000 0.000000 0.000000 0.000000
3.511027 -4.594816 2.718326
-0.107690 -0.163119 0.980712
255 255 255 255
0.249756 0.573242
0 0 0 0
1.000000 0.000000 0.000000 0.000000
3.458909 -4.516173 2.492342
-0.911208 0.230974 0.341104
255 255 255 255
0.260010 0.574707
0 0 0 0
1.000000 0.000000 0.000000 0.000000
3.436597 -4.884086 2.503180
-0.967596 0.061834 0.244816
255 255 255 255
0.258301 0.566895
0 0 0 0
1.000000 0.000000 0.000000 0.000000
3.436597 -4.884086 2.503180
0.088405 -0.600477 0.794741
255 255 255 255
0.248047 0.565430
0 0 0 0
1.000000 0.000000 0.000000 0.000000
3.703531 -5.018080 2.384432
0.231739 -0.674676 0.700792
255 255 255 255
0.233398 0.568848
0 0 0 0
1.000000 0.000000 0.000000 0.000000
4.178483 -2.986428 3.534434
-0.836005 -0.269821 0.477800
255 255 255 255
0.250488 0.627441
0 0 0 0
1.000000 0.000000 0.000000 0.000000
5.867278 -3.340429 2.394964
0.223595 -0.871919 0.435618
255 255 255 255
0.151489 0.626465
0 0 0 0
1.000000 0.000000 0.000000 0.000000
4.271845 -3.027794 3.649913
0.174046 -0.846502 0.503133
255 255 255 255
0.246216 0.627441
0 0 0 0
1.000000 0.000000 0.000000 0.000000
4.363138 -2.736295 3.799423
-0.763391 -0.057373 0.643383
255 255 255 255
0.250488 0.632324
0 0 0 0
1.000000 0.000000 0.000000 0.000000
6.055348 -3.064103 2.661971
0.469308 -0.563524 0.679847
255 255 255 255
0.151489 0.631836
0 0 0 0
1.000000 0.000000 0.000000 0.000000
4.446764 -2.749398 3.893764
0.417698 -0.518719 0.745962
255 255 255 255
0.246216 0.632324
0 0 0 0
1.000000 0.000000 0.000000 0.000000
5.976437 -3.053069 2.572528
0.765142 0.061500 -0.640917
255 255 255 255
0.147095 0.631836
0 0 0 0
1.000000 0.000000 0.000000 0.000000
5.769924 -3.300165 2.272212
0.805026 0.245268 -0.540164
255 255 255 255
0.147095 0.626465
0 0 0 0
1.000000 0.000000 0.000000 0.000000
6.112500 -2.712685 2.726727
0.435676 -0.599627 0.671292
255 255 255 255
0.151489 0.638672
0 0 0 0
1.000000 0.000000 0.000000 0.000000
6.032951 -2.715245 2.640908
0.741548 0.014308 -0.670747
255 255 255 255
0.147095 0.638672
0 0 0 0
1.000000 0.000000 0.000000 0.000000
4.431910 -2.405083 3.879939
-0.739763 -0.011130 0.672775
255 255 255 255
0.250488 0.639648
0 0 0 0
1.000000 0.000000 0.000000 0.000000
4.511214 -2.406112 3.964496
0.365554 -0.619811 0.694409
255 255 255 255
0.246216 0.639648
0 0 0 0
1.000000 0.000000 0.000000 0.000000
4.621169 -2.438196 4.097743
-0.253797 -0.963576 -0.084315
255 255 255 255
0.246216 0.645020
0 0 0 0
1.000000 0.000000 0.000000 0.000000
6.194657 -2.752031 2.826407
-0.258198 -0.962937 -0.078013
255 255 255 255
0.151489 0.644043
0 0 0 0
1.000000 0.000000 0.000000 0.000000
6.115366 -2.755068 2.741642
-0.722832 0.186162 0.665475
255 255 255 255
0.147217 0.644043
0 0 0 0
1.000000 0.000000 0.000000 0.000000
4.545759 -2.437633 4.019235
0.669595 -0.377288 -0.639763
255 255 255 255
0.250732 0.645020
0 0 0 0
1.000000 0.000000 0.000000 0.000000
-3.646996 -5.391846 2.268881
0.928518 -0.268768 0.256160
255 255 255 255
0.149048 0.562012
0 0 0 0
1.000000 0.000000 0.000000 0.000000
-3.672565 -5.250113 2.513943
0.259471 -0.282099 0.923631
255 255 255 255
0.157593 0.566406
0 0 0 0
1.000000 0.000000 0.000000 0.000000
-3.561043 -5.123626 2.240324
0.919519 -0.061425 0.388216
255 255 255 255
0.143921 0.567383
0 0 0 0
1.000000 0.000000 0.000000 0.000000
-3.646996 -5.391846 2.268881
-0.187088 -0.852244 0.488547
255 255 255 255
0.162231 0.560547
0 0 0 0
1.000000 0.000000 0.000000 0.000000
-4.054341 -5.254497 2.350585
-0.572776 -0.187328 0.798020
255 255 255 255
0.172363 0.570312
0 0 0 0
1.000000 0.000000 0.000000 0.000000
-3.703743 -4.429694 2.618608
-0.459481 -0.183596 0.869005
255 255 255 255
0.151489 0.591309
0 0 0 0
1.000000 0.000000 0.000000 0.000000
-3.652446 -4.422395 2.532851
0.900054 -0.061425 0.431429
255 255 255 255
0.147217 0.590820
0 0 0 0
1.000000 0.000000 0.000000 0.000000
-4.030437 -5.348753 2.222494
-0.522682 -0.693071 0.496444
255 255 255 255
0.176758 0.565918
0 0 0 0
1.000000 0.000000 0.000000 0.000000
-5.042331 -4.948609 1.597432
-0.599226 -0.190866 0.777495
255 255 255 255
0.230713 0.573242
0 0 0 0
1.000000 0.000000 0.000000 0.000000
-3.669064 -3.851607 2.726348
-0.434025 -0.482138 0.761029
255 255 255 255
0.151489 0.614746
0 0 0 0
1.000000 0.000000 0.000000 0.000000
-5.330671 -3.594163 1.834413
-0.559165 -0.461288 0.688874
255 255 255 255
0.246216 0.615234
0 0 0 0
1.000000 0.000000 0.000000 0.000000
-5.311458 -4.082317 1.603947
-0.614999 -0.165595 0.770944
255 255 255 255
0.246216 0.593262
0 0 0 0
1.000000 0.000000 0.000000 0.000000
-3.595540 -3.796966 2.621401
0.856434 -0.170924 0.487141
255 255 255 255
0.147095 0.614746
0 0 0 0
1.000000 0.000000 0.000000 0.000000
-3.749371 -3.733374 2.983827
-0.328124 -0.859407 0.392114
255 255 255 255
0.151489 0.620117
0 0 0 0
1.000000 0.000000 0.000000 0.000000
-3.693873 -3.670859 2.886558
0.876659 -0.140069 0.460271
255 255 255 255
0.147095 0.620117
0 0 0 0
1.000000 0.000000 0.000000 0.000000
-5.372711 -3.323077 1.903834
-0.832810 -0.042443 -0.551930
255 255 255 255
0.250488 0.621094
0 0 0 0
1.000000 0.000000 0.000000 0.000000
-5.438985 -3.385224 1.984938
-0.422803 -0.849316 0.316069
255 255 255 255
0.246216 0.621094
0 0 0 0
1.000000 0.000000 0.000000 0.000000
-5.303045 -3.480546 1.760791
-0.881165 0.068046 -0.467887
255 255 255 255
0.250488 0.615234
0 0 0 0
1.000000 0.000000 0.000000 0.000000
-5.250988 -4.071566 1.528341
-0.739197 0.258840 -0.621763
255 255 255 255
0.250732 0.593262
0 0 0 0
1.000000 0.000000 0.000000 0.000000
-5.380107 -4.658114 1.392449
-0.959421 -0.131869 0.249242
255 255 255 255
0.249756 0.573242
0 0 0 0
1.000000 0.000000 0.000000 0.000000
-5.184995 -4.586771 1.262755
-0.637229 0.250895 -0.728691
255 255 255 255
0.260010 0.574707
0 0 0 0
1.000000 0.000000 0.000000 0.000000
-5.214912 -4.954034 1.248782
-0.571639 0.079173 -0.816676
255 255 255 255
0.258301 0.566895
0 0 0 0
1.000000 0.000000 0.000000 0.000000
-5.214912 -4.954034 1.248782
-0.729829 -0.577121 0.366445
255 255 255 255
0.248047 0.565430
0 0 0 0
1.000000 0.000000 0.000000 0.000000
-5.013407 -5.092901 1.457169
-0.594396 -0.652021 0.470706
255 255 255 255
0.233398 0.568848
0 0 0 0
1.000000 0.000000 0.000000 0.000000
-5.652112 -3.084651 2.228176
-0.808511 -0.137038 -0.572303
255 255 255 255
0.250488 0.627441
0 0 0 0
1.000000 0.000000 0.000000 0.000000
-3.998758 -3.482541 3.404518
-0.364863 -0.839853 0.401899
255 255 255 255
0.151489 0.626465
0 0 0 0
1.000000 0.000000 0.000000 0.000000
-5.728133 -3.122540 2.356818
-0.439631 -0.822952 0.359825
255 255 255 255
0.246216 0.627441
0 0 0 0
1.000000 0.000000 0.000000 0.000000
-5.893770 -2.840274 2.456939
-0.827926 -0.264940 -0.494313
255 255 255 255
0.250488 0.632324
0 0 0 0
1.000000 0.000000 0.000000 0.000000
-4.240220 -3.211934 3.637005
-0.433085 -0.722557 0.538839
255 255 255 255
0.151489 0.631836
0 0 0 0
1.000000 0.000000 0.000000 0.000000
-5.952562 -2.850573 2.568719
-0.504350 -0.709458 0.492240
255 255 255 255
0.246216 0.632324
0 0 0 0
1.000000 0.000000 0.000000 0.000000
-4.184355 -3.203558 3.531348
0.820458 0.276985 0.500128
255 255 255 255
0.147095 0.631836
0 0 0 0
1.000000 0.000000 0.000000 0.000000
-3.917371 -3.445975 3.269558
0.854893 0.065441 0.514660
255 255 255 255
0.147095 0.626465
0 0 0 0
1.000000 0.000000 0.000000 0.000000
-4.442508 -2.856904 3.873436
-0.479930 -0.585576 0.653275
255 255 255 255
0.151489 0.638672
0 0 0 0
1.000000 0.000000 0.000000 0.000000
-4.390708 -2.861998 3.768611
0.878068 0.171839 0.446618
255 255 255 255
0.147095 0.638672
0 0 0 0
1.000000 0.000000 0.000000 0.000000
-6.107275 -2.504985 2.710036
-0.878921 -0.172810 -0.444561
255 255 255 255
0.250488 0.639648
0 0 0 0
1.000000 0.000000 0.000000 0.000000
-6.158108 -2.503515 2.814198
-0.547915 -0.549032 0.631152
255 255 255 255
0.246216 0.639648
0 0 0 0
1.000000 0.000000 0.000000 0.000000
-4.492177 -2.608755 3.933146
-0.505291 -0.366790 0.781118
255 255 255 255
0.151489 0.644043
0 0 0 0
1.000000 0.000000 0.000000 0.000000
-4.441284 -2.614303 3.828959
0.896473 0.074697 0.436757
255 255 255 255
0.147217 0.644043
0 0 0 0
1.000000 0.000000 0.000000 0.000000
-6.182477 -2.248852 2.813390
-0.899289 -0.086239 -0.428767
255 255 255 255
0.250732 0.645020
0 0 0 0
1.000000 0.000000 0.000000 0.000000
-6.229011 -2.247113 2.911748
-0.569824 -0.367190 0.735168
255 255 255 255
0.246216 0.645020
0 0 0 0
1.000000 0.000000 0.000000 0.000000
6.154380 -3.834977 -13.308067
0.331463 0.895773 -0.296179
255 255 255 255
0.250732 0.715820
0 0 0 0
1.000000 0.000000 0.000000 0.000000
5.678448 -4.197795 -14.372458
0.220650 0.931734 -0.288418
255 255 255 255
0.250732 0.740723
0 0 0 0
1.000000 0.000000 0.000000 0.000000
6.229827 -3.873135 -13.328482
0.911889 -0.388826 -0.131426
255 255 255 255
0.246216 0.715820
0 0 0 0
1.000000 0.000000 0.000000 0.000000
6.661797 -3.580999 -12.299993
0.411788 0.846017 -0.338653
255 255 255 255
0.250488 0.690918
0 0 0 0
1.000000 0.000000 0.000000 0.000000
5.752816 -4.224565 -14.401322
0.941753 -0.273230 -0.196077
255 255 255 255
0.246216 0.740723
0 0 0 0
1.000000 0.000000 0.000000 0.000000
5.289913 -4.539220 -15.357462
0.143075 0.946304 -0.289892
255 255 255 255
0.250488 0.763672
0 0 0 0
1.000000 0.000000 0.000000 0.000000
5.960639 -5.788389 -12.706614
0.878244 -0.466941 -0.103217
255 255 255 255
0.151489 0.716797
0 0 0 0
1.000000 0.000000 0.000000 0.000000
6.739410 -3.626198 -12.303850
0.894503 -0.444156 -0.050886
255 255 255 255
0.246216 0.690918
0 0 0 0
1.000000 0.000000 0.000000 0.000000
5.472866 -6.070189 -13.748193
0.917200 -0.359604 -0.171548
255 255 255 255
0.151489 0.740234
0 0 0 0
1.000000 0.000000 0.000000 0.000000
5.366082 -4.558617 -15.390795
0.944883 -0.193670 -0.263986
255 255 255 255
0.246216 0.763672
0 0 0 0
1.000000 0.000000 0.000000 0.000000
4.813036 -4.875490 -16.251062
0.116607 0.952292 -0.282035
255 255 255 255
0.250244 0.787109
0 0 0 0
1.000000 0.000000 0.000000 0.000000
5.104071 -6.456643 -14.720412
0.931546 -0.274652 -0.238305
255 255 255 255
0.151489 0.764648
0 0 0 0
1.000000 0.000000 0.000000 0.000000
4.888433 -4.893405 -16.292833
0.912494 -0.176814 -0.368905
255 255 255 255
0.246216 0.787109
0 0 0 0
1.000000 0.000000 0.000000 0.000000
5.392043 -6.038926 -13.738728
-0.308306 -0.909430 0.279078
255 255 255 255
0.147095 0.740723
0 0 0 0
1.000000 0.000000 0.000000 0.000000
5.882205 -5.743838 -12.705733
-0.405133 -0.860216 0.309670
255 255 255 255
0.147095 0.716797
0 0 0 0
1.000000 0.000000 0.000000 0.000000
6.232729 -5.427212 -11.527981
-0.444444 -0.826281 0.346019
255 255 255 255
0.146973 0.690430
0 0 0 0
1.000000 0.000000 0.000000 0.000000
6.312081 -5.472239 -11.527565
0.854508 -0.519317 -0.011238
255 255 255 255
0.151489 0.690430
0 0 0 0
1.000000 0.000000 0.000000 0.000000
5.026813 -6.434600 -14.697671
-0.200313 -0.940884 0.273153
255 255 255 255
0.147583 0.765137
0 0 0 0
1.000000 0.000000 0.000000 0.000000
4.561275 -6.947625 -15.568788
0.901533 -0.260920 -0.345194
255 255 255 255
0.151489 0.790527
0 0 0 0
1.000000 0.000000 0.000000 0.000000
4.345222 -5.229038 -16.991297
0.849229 -0.202422 -0.487683
255 255 255 255
0.246216 0.809570
0 0 0 0
1.000000 0.000000 0.000000 0.000000
4.275519 -5.205391 -16.940550
0.125675 0.951240 -0.281688
255 255 255 255
0.250244 0.809082
0 0 0 0
1.000000 0.000000 0.000000 0.000000
3.655184 -5.652204 -17.672186
0.125384 0.943972 -0.305280
255 255 255 255
0.250244 0.832520
0 0 0 0
1.000000 0.000000 0.000000 0.000000
4.079562 -7.276976 -16.172714
0.839700 -0.284379 -0.462636
255 255 255 255
0.151489 0.810547
0 0 0 0
1.000000 0.000000 0.000000 0.000000
3.717160 -5.682463 -17.729620
0.776546 -0.238919 -0.583005
255 255 255 255
0.246216 0.833008
0 0 0 0
1.000000 0.000000 0.000000 0.000000
4.486159 -6.930322 -15.528560
-0.136801 -0.948085 0.287089
255 255 255 255
0.147583 0.790527
0 0 0 0
1.000000 0.000000 0.000000 0.000000
3.532016 -7.628884 -16.754145
0.768794 -0.319124 -0.554180
255 255 255 255
0.151489 0.831055
0 0 0 0
1.000000 0.000000 0.000000 0.000000
3.469624 -7.599776 -16.694740
-0.133171 -0.946575 0.293701
255 255 255 255
0.147339 0.831055
0 0 0 0
1.000000 0.000000 0.000000 0.000000
4.010594 -7.254174 -16.121773
-0.117018 -0.948288 0.295055
255 255 255 255
0.147461 0.811035
0 0 0 0
1.000000 0.000000 0.000000 0.000000
3.087053 -5.991768 -18.324999
0.128490 0.935824 -0.328214
255 255 255 255
0.250244 0.853027
0 0 0 0
1.000000 0.000000 0.000000 0.000000
3.143665 -6.026803 -18.387661
0.715303 -0.270616 -0.644289
255 255 255 255
0.246216 0.853027
0 0 0 0
1.000000 0.000000 0.000000 0.000000
2.966812 -7.888592 -17.391586
0.705831 -0.349839 -0.615967
255 255 255 255
0.151489 0.852051
0 0 0 0
1.000000 0.000000 0.000000 0.000000
2.909820 -7.855749 -17.327763
-0.140590 -0.939624 0.311994
255 255 255 255
0.147461 0.852539
0 0 0 0
1.000000 0.000000 0.000000 0.000000
2.474776 -6.373861 -19.161680
0.080815 0.921216 -0.380566
255 255 255 255
0.250732 0.875488
0 0 0 0
1.000000 0.000000 0.000000 0.000000
2.509235 -8.099073 -18.179287
0.553837 -0.400412 -0.730023
255 255 255 255
0.151489 0.873535
0 0 0 0
1.000000 0.000000 0.000000 0.000000
2.518089 -6.416157 -19.237385
0.548227 -0.331243 -0.767936
255 255 255 255
0.246216 0.875488
0 0 0 0
1.000000 0.000000 0.000000 0.000000
2.463007 -8.060340 -18.102310
-0.061525 -0.916115 0.396166
255 255 255 255
0.147827 0.873535
0 0 0 0
1.000000 0.000000 0.000000 0.000000
1.831725 -8.424076 -19.014902
0.342109 -0.448386 -0.825779
255 255 255 255
0.151489 0.898926
0 0 0 0
1.000000 0.000000 0.000000 0.000000
1.803743 -8.380176 -18.923794
0.014819 -0.894678 0.446465
255 255 255 255
0.147095 0.898926
0 0 0 0
1.000000 0.000000 0.000000 0.000000
1.724782 -6.669241 -19.759411
-0.006323 0.899098 -0.437701
255 255 255 255
0.250732 0.898438
0 0 0 0
1.000000 0.000000 0.000000 0.000000
1.753988 -6.718298 -19.853434
0.340121 -0.370511 -0.864314
255 255 255 255
0.246216 0.898438
0 0 0 0
1.000000 0.000000 0.000000 0.000000
0.822633 -6.876611 -20.179564
0.171758 -0.399263 -0.900604
255 255 255 255
0.246216 0.924316
0 0 0 0
1.000000 0.000000 0.000000 0.000000
0.967048 -8.750868 -19.458567
0.173694 -0.472831 -0.863864
255 255 255 255
0.151489 0.924805
0 0 0 0
1.000000 0.000000 0.000000 0.000000
0.958819 -8.702092 -19.362511
0.058785 -0.888527 0.455042
255 255 255 255
0.147217 0.924805
0 0 0 0
1.000000 0.000000 0.000000 0.000000
0.806689 -6.824849 -20.076881
-0.057574 0.885452 -0.461150
255 255 255 255
0.250732 0.924316
0 0 0 0
1.000000 0.000000 0.000000 0.000000
1156
81 80 79
78 79 80
81 82 80
84 82 83
81 83 82
84 83 85
84 85 86
87 86 85
87 88 86
87 89 88
90 88 89
405 411 404
411 410 404
410 406 404
402 404 406
405 404 399
402 399 404
414 413 411
410 411 413
405 412 411
412 414 411
409 410 415
415 410 413
409 406 410
409 407 406
407 403 406
402 406 403
402 403 400
402 400 399
397 399 400
401 400 403
398 400 401
397 400 398
401 403 407
408 401 407
396 397 398
418 415 413
418 413 417
417 413 416
416 413 414
422 417 416
420 416 414
421 414 419
419 414 412
619 620 616
619 618 620
619 614 618
619 616 614
621 616 620
623 624 620
625 621 620
624 625 620
623 620 618
622 616 621
622 617 616
612 614 616
617 612 616
613 618 614
615 612 617
622 621 627
626 621 625
627 621 626
628 625 624
626 625 629
628 629 625
630 626 629
631 626 630
631 627 626
628 632 629
633 630 629
633 629 634
632 634 629
633 635 630
631 630 635
633 634 636
633 636 637
633 637 635
638 634 632
639 636 634
638 639 634
640 636 639
642 636 641
642 637 636
641 636 640
643 639 638
643 640 639
159 158 157
159 160 158
156 157 158
160 161 158
160 162 161
163 161 162
164 165 162
163 162 165
164 166 167
164 167 165
168 169 166
167 166 169
168 170 169
171 169 170
430 431 423
430 423 429
432 424 431
431 424 423
429 423 428
428 423 421
424 420 423
420 421 423
425 420 424
432 425 424
422 420 425
416 420 422
414 421 420
427 428 421
426 427 421
419 426 421
435 428 427
433 422 425
434 433 425
4 5 6
7 6 5
607 605 610
610 605 611
615 610 611
607 603 605
607 608 603
603 602 605
605 602 606
611 605 606
612 611 606
615 611 612
604 606 602
613 606 604
613 614 606
614 612 606
600 602 603
599 602 600
599 604 602
601 600 603
608 601 603
609 601 608
598 600 601
599 600 597
597 600 598
596 597 598
88 90 91
90 93 91
92 93 90
91 93 94
95 91 94
92 98 93
97 93 98
97 96 93
96 94 93
95 94 99
99 94 96
170 172 171
173 172 175
174 175 172
173 171 172
174 177 175
174 176 177
179 177 176
178 179 176
748 752 753
752 757 753
761 757 752
758 753 757
758 759 753
760 753 759
755 753 760
762 758 757
764 760 765
760 759 765
770 765 759
764 765 767
770 771 765
771 767 765
772 767 771
768 767 773
772 773 767
772 776 773
776 777 773
774 773 777
780 777 776
782 777 781
780 781 777
462 457 458
462 456 457
455 458 457
456 452 457
455 457 452
463 458 464
459 464 458
462 458 463
469 463 464
469 464 467
465 467 464
469 467 470
473 470 467
451 452 456
451 447 452
446 452 447
451 448 447
446 447 443
443 447 448
443 448 444
449 444 448
440 443 444
440 444 441
441 444 449
450 441 449
246 242 245
241 240 242
244 245 242
238 240 239
238 239 236
237 233 236
234 231 233
230 231 232
208 210 211
212 211 210
208 206 207
205 207 206
212 214 215
214 216 215
217 216 218
220 219 218
746 745 750
747 748 745
748 749 745
750 745 749
750 749 756
753 755 749
756 749 755
753 749 748
756 755 764
766 756 764
760 764 755
767 768 764
769 764 768
766 764 769
773 774 768
775 769 768
775 768 774
777 778 774
775 774 779
779 774 778
783 778 782
777 782 778
783 779 778
436 437 438
437 440 438
437 439 440
441 438 440
443 440 442
439 442 440
442 439 446
445 446 439
443 442 446
445 453 446
452 446 453
445 454 453
454 455 453
452 453 455
461 455 454
461 460 455
460 459 455
458 455 459
466 465 460
460 465 459
464 459 465
466 468 465
467 465 468
466 475 468
474 468 475
204 205 206
208 209 206
208 211 209
212 213 211
212 215 213
216 217 215
218 219 217
220 221 219
232 231 235
235 231 234
233 237 234
236 239 237
240 241 239
242 243 241
242 246 243
247 243 246
154 155 156
157 156 155
307 305 306
307 306 309
304 306 305
304 305 302
308 309 306
308 311 309
308 310 311
313 311 310
303 304 302
303 302 301
300 301 302
964 962 967
966 967 962
964 958 962
966 962 965
965 962 963
963 962 959
958 959 962
966 965 971
971 965 970
970 965 969
965 963 969
961 963 959
968 969 963
968 963 961
960 961 959
960 959 950
952 950 959
952 959 958
968 972 969
974 969 972
974 973 969
970 969 973
975 971 970
975 970 973
975 973 977
977 973 976
974 976 973
974 978 979
974 979 976
974 972 978
982 977 976
982 976 981
981 976 980
980 976 979
983 980 979
983 979 978
640 644 641
640 643 644
642 641 645
645 641 644
647 644 643
646 642 645
0 1 2
3 2 1
64 53 54
64 63 53
66 54 50
65 54 66
50 54 45
54 53 45
63 52 53
53 52 45
62 52 63
62 61 52
61 58 52
58 51 52
51 45 52
46 45 51
44 50 45
57 51 60
60 51 59
59 51 58
67 59 58
315 314 317
314 316 317
317 316 319
315 313 312
315 312 314
310 312 313
318 319 316
321 319 320
318 320 319
947 946 956
947 942 946
948 946 944
954 946 948
955 946 954
955 956 946
942 944 946
941 942 940
943 940 942
941 944 942
945 949 944
948 944 949
941 945 944
951 948 949
953 948 951
953 954 948
950 949 945
950 952 949
952 951 949
953 951 957
958 951 952
957 951 958
964 957 958
193 195 194
195 199 196
198 199 195
194 195 196
197 194 196
197 196 202
201 202 196
201 196 200
200 196 199
198 203 199
203 200 199
72 73 74
74 73 76
75 76 73
77 76 75
100 101 102
103 102 101
103 104 102
103 105 104
106 104 105
107 106 105
8 9 10
11 10 9
180 181 182
181 183 182
184 182 183
184 183 187
187 183 185
186 185 183
188 189 190
191 190 189
191 192 190
191 193 192
194 192 193
12 13 14
15 14 13
491 490 488
491 488 487
486 485 488
485 487 488
486 488 489
489 488 490
491 487 493
491 493 494
491 494 490
496 490 495
496 489 490
495 490 494
497 489 496
499 495 498
498 495 494
498 494 493
492 493 487
484 485 486
943 942 947
38 39 40
42 40 39
42 39 41
42 41 46
45 46 41
45 41 44
44 41 43
51 57 46
55 46 57
55 56 46
55 68 56
56 68 69
70 69 68
71 69 70
49 44 43
49 43 48
47 48 43
581 576 575
581 579 576
577 576 579
571 570 576
575 576 570
581 582 579
585 579 582
592 585 582
567 568 570
574 570 568
574 575 570
567 563 568
566 568 563
574 568 566
561 560 563
565 563 560
565 566 563
565 560 559
555 559 560
554 557 559
555 554 559
551 557 554
558 557 551
859 853 858
857 858 853
859 850 853
852 853 848
850 848 853
857 853 852
850 845 848
851 845 850
846 848 845
851 834 845
833 845 834
851 835 834
833 834 829
835 829 834
833 829 830
826 825 829
830 829 825
832 826 829
832 829 835
831 830 825
824 825 821
821 825 826
824 828 825
831 825 828
822 821 826
254 253 257
257 253 256
258 259 256
261 259 260
261 260 263
260 262 263
263 262 265
264 265 262
267 268 265
269 265 268
264 267 265
284 285 283
284 287 285
281 280 283
286 289 287
288 291 289
848 846 849
847 854 849
854 852 849
848 849 852
847 849 846
857 852 856
855 856 852
855 852 854
847 846 844
844 846 833
845 833 846
836 844 833
836 833 830
837 836 830
837 830 838
831 838 830
839 838 831
840 838 839
828 839 831
548 549 550
549 552 550
551 552 549
550 552 553
555 556 552
554 555 552
551 554 552
553 552 556
562 553 561
553 556 561
560 561 556
560 556 555
562 561 564
563 564 561
562 564 569
569 564 567
563 567 564
573 569 567
573 567 572
572 567 571
570 571 567
578 572 577
572 571 577
576 577 571
578 577 580
579 580 577
578 580 587
586 587 580
583 580 579
252 253 254
255 256 253
255 258 256
260 259 258
264 266 267
274 275 276
279 276 275
279 275 278
277 278 275
280 281 277
281 278 277
280 282 283
282 284 283
287 284 286
289 286 288
290 291 288
221 220 224
226 224 223
227 224 226
227 228 224
225 224 228
221 224 225
220 223 224
222 223 220
229 226 223
222 229 223
483 474 482
468 474 471
478 471 474
475 482 474
477 476 471
478 477 471
476 472 471
467 471 472
468 471 467
467 472 473
479 472 476
479 473 472
470 473 480
481 480 473
747 751 748
751 754 748
752 748 754
761 752 754
896 895 899
894 899 895
744 745 746
247 246 250
249 250 246
248 246 245
249 246 248
251 248 245
244 251 245
650 652 653
656 653 652
662 653 661
656 661 653
648 649 650
649 652 650
762 757 763
740 733 730
729 730 727
730 733 727
741 733 740
739 732 733
733 732 727
724 727 728
728 727 731
732 731 727
736 731 732
739 736 732
734 728 731
737 731 736
737 738 731
738 734 731
735 728 734
725 728 735
742 735 734
743 742 734
906 902 901
901 904 905
906 901 905
900 901 902
903 904 901
903 907 904
904 908 905
907 908 904
911 910 905
906 905 909
909 905 910
911 905 908
919 911 908
923 922 908
922 919 908
923 908 907
918 910 911
918 911 919
913 909 910
916 913 910
918 919 920
921 920 919
391 390 395
392 390 389
391 387 390
387 389 390
395 390 392
386 389 387
384 386 387
393 392 389
393 389 394
388 394 389
388 389 386
25 27 28
28 27 31
27 30 31
29 30 27
36 31 33
31 30 33
35 30 32
35 34 30
34 33 30
29 32 30
36 33 37
37 33 34
712 709 711
713 711 708
712 711 714
713 715 711
715 716 711
714 711 716
709 708 711
721 716 715
721 722 716
718 714 716
722 723 716
718 716 723
718 723 724
724 723 726
726 723 722
729 726 722
727 724 726
713 708 707
707 708 703
704 703 708
704 708 709
702 707 703
702 705 707
702 703 700
704 700 703
702 700 699
702 699 705
706 705 699
16 17 18
20 18 17
20 17 19
20 19 22
21 22 19
21 24 22
21 23 24
26 24 23
385 383 384
387 385 384
381 380 383
382 383 380
382 384 383
381 379 380
378 380 379
377 376 379
378 379 376
377 374 373
377 373 376
375 371 374
371 373 374
372 371 375
931 925 930
930 925 928
926 928 925
926 925 916
913 916 925
930 928 933
933 928 932
929 932 928
926 929 928
937 933 932
937 932 936
936 932 935
935 932 929
939 936 935
523 522 526
523 519 522
518 522 519
532 528 526
523 526 528
518 519 515
518 515 517
515 514 517
517 514 511
510 511 514
509 511 506
510 506 511
503 509 506
508 509 503
939 935 938
934 938 935
934 935 929
934 929 927
926 927 929
926 924 927
926 916 924
915 924 916
915 916 910
915 910 917
918 917 910
729 727 726
914 912 909
914 909 913
914 913 931
906 909 912
925 931 913
696 697 698
697 700 698
699 700 697
698 700 701
704 701 700
710 701 709
704 709 701
710 709 712
710 712 717
717 712 714
720 717 714
720 714 719
718 719 714
725 719 724
718 724 719
728 725 724
815 799 798
815 798 809
799 793 798
797 798 793
796 793 799
815 809 814
814 809 812
817 814 812
816 817 812
802 801 794
800 794 801
23 25 26
28 26 25
531 527 530
370 371 372
117 113 116
500 501 502
112 111 114
111 113 114
117 114 113
112 110 109
112 109 111
108 109 110
115 116 113
128 129 130
132 130 129
132 129 131
132 131 134
131 133 134
137 134 133
137 133 136
135 136 133
135 139 136
135 138 139
139 138 141
140 141 138
143 141 142
140 142 141
144 143 142
529 524 527
525 524 529
531 529 527
523 524 520
525 520 524
523 527 524
528 527 523
530 527 528
519 523 520
519 520 516
521 516 520
525 521 520
519 516 515
515 516 512
513 512 516
513 516 521
514 515 512
507 512 505
507 510 512
513 505 512
514 512 510
507 504 506
507 505 504
507 506 510
502 504 505
503 504 501
502 501 504
503 506 504
793 794 797
800 797 794
810 797 808
810 809 797
798 797 809
800 808 797
810 811 813
810 813 812
810 812 809
810 808 811
816 813 819
818 819 813
818 813 811
816 812 813
789 785 788
787 788 785
787 791 788
791 792 788
789 788 792
786 785 790
789 790 785
784 785 786
789 792 795
789 795 794
789 794 793
789 793 790
807 792 791
807 806 792
806 804 792
804 795 792
803 795 804
802 795 803
802 794 795
805 803 804
796 790 793
543 536 535
544 543 535
542 535 534
536 530 535
535 530 534
531 530 536
530 533 534
528 533 530
541 534 540
539 534 533
540 534 539
542 534 541
537 533 532
537 538 533
539 533 538
528 532 533
545 539 538
545 540 539
547 538 546
537 546 538
118 121 119
115 118 116
116 118 119
120 121 118
119 121 122
124 122 121
125 124 121
125 121 126
120 126 121
123 119 122
127 122 124
123 122 127
149 145 148
149 148 153
143 144 145
144 147 145
145 147 148
150 148 147
153 148 150
146 147 144
151 150 147
151 147 152
146 152 147
860 861 862
866 862 861
866 861 865
861 864 865
863 864 861
866 865 869
871 865 868
871 870 865
869 865 870
864 868 865
867 868 864
863 867 864
879 871 868
882 879 868
883 868 867
882 868 883
878 870 871
878 871 879
876 873 870
873 869 870
878 879 880
881 880 879
682 685 679
685 684 679
684 683 679
680 679 683
681 682 679
676 679 680
678 679 676
692 685 682
677 680 687
687 680 686
686 680 683
688 683 684
690 686 683
690 683 689
689 683 688
691 688 684
695 694 686
694 687 686
339 338 343
339 335 338
335 337 338
340 338 337
343 338 340
341 340 337
336 337 334
334 337 335
341 337 342
336 342 337
333 334 335
332 334 333
365 361 364
365 364 369
358 360 361
359 358 361
360 363 361
364 361 363
366 364 363
369 364 366
362 363 360
367 366 363
367 363 368
362 368 363
589 583 588
591 588 584
588 583 584
589 590 583
579 584 583
580 583 586
590 586 583
579 585 584
591 584 585
593 585 592
587 586 594
595 594 586
895 889 894
887 894 889
887 889 886
887 886 884
876 884 886
876 875 884
876 870 875
877 875 870
878 877 870
662 664 669
672 669 666
669 664 666
661 664 662
672 666 671
670 671 666
670 676 671
677 671 676
680 677 676
872 869 874
873 874 869
891 874 873
866 869 872
657 651 658
297 296 293
297 293 298
292 298 293
292 293 290
291 290 293
291 293 294
296 294 293
299 294 296
299 295 294
291 294 295
681 679 678
269 268 273
270 268 267
273 268 270
271 270 267
271 267 272
266 272 267
820 821 822
823 824 821
823 827 824
827 828 824
843 828 827
843 842 828
842 839 828
841 840 839
691 684 685
693 685 692
330 332 331
333 331 332
664 661 663
665 663 660
664 663 666
665 667 663
667 668 663
666 663 668
661 660 663
670 668 675
674 675 668
673 674 668
673 668 667
670 666 668
676 675 678
678 675 674
676 670 675
681 678 674
665 660 659
659 660 655
656 655 660
656 660 661
657 659 654
659 655 654
652 654 655
656 652 655
651 654 652
657 654 651
649 651 652
888 889 892
895 892 889
888 886 889
888 892 893
898 893 892
898 892 897
897 892 896
895 896 892
888 893 890
888 890 885
888 885 886
876 886 885
891 873 885
876 885 873
891 885 890
356 357 354
355 354 357
356 358 357
359 357 358
352 354 353
355 353 354
352 353 350
351 350 353
351 347 350
351 348 347
347 348 345
349 345 348
344 345 346
349 346 345
327 328 329
330 329 328
331 329 330
327 324 326
327 326 328
322 323 324
325 324 323
325 326 324
PorterMesh2
1
1
_images/m\buckle_master_urban/image_fab24c2b63138fe.png
0
550
-1.233868 -3.877274 4.972023
-0.005855 -0.160887 -0.986955
255 255 255 255
0.125977 0.946777
0 0 0 0
1.000000 0.000000 0.000000 0.000000
-1.231459 -3.935836 5.146800
0.029329 -0.669306 0.742407
255 255 255 255
0.130493 0.946777
0 0 0 0
1.000000 0.000000 0.000000 0.000000
0.989576 -3.847391 4.951341
-0.005855 -0.160887 -0.986955
255 255 255 255
0.125977 0.999023
0 0 0 0
1.000000 0.000000 0.000000 0.000000
-1.234855 -3.606510 5.257180
0.018755 0.157942 0.987270
255 255 255 255
0.140991 0.946777
0 0 0 0
1.000000 0.000000 0.000000 0.000000
0.991985 -3.905953 5.126108
0.029329 -0.669306 0.742407
255 255 255 255
0.130493 0.999023
0 0 0 0
1.000000 0.000000 0.000000 0.000000
-1.237273 -3.547948 5.082463
-0.013807 0.672284 -0.740164
255 255 255 255
0.145508 0.946777
0 0 0 0
1.000000 0.000000 0.000000 0.000000
0.987710 -3.555303 5.172872
0.016828 0.171469 0.985046
255 255 255 255
0.140991 0.999023
0 0 0 0
1.000000 0.000000 0.000000 0.000000
-1.233868 -3.877274 4.972023
-0.005855 -0.160887 -0.986955
255 255 255 255
0.156006 0.946777
0 0 0 0
1.000000 0.000000 0.000000 0.000000
0.986180 -3.518055 5.061751
-0.013807 0.672284 -0.740164
255 255 255 255
0.145508 0.999023
0 0 0 0
1.000000 0.000000 0.000000 0.000000
0.989576 -3.847391 4.951341
-0.005855 -0.160887 -0.986955
255 255 255 255
0.156006 0.999023
0 0 0 0
1.000000 0.000000 0.000000 0.000000
6.854249 -2.106658 -14.898590
-0.836381 -0.468589 0.284413
255 255 255 255
0.156006 0.999023
0 0 0 0
1.000000 0.000000 0.000000 0.000000
6.860863 -1.768467 -14.879438
-0.852434 0.392161 0.345782
255 255 255 255
0.145508 0.999023
0 0 0 0
1.000000 0.000000 0.000000 0.000000
7.615167 -2.236329 -12.871672
-0.836381 -0.468589 0.284413
255 255 255 255
0.156006 0.946777
0 0 0 0
1.000000 0.000000 0.000000 0.000000
6.967897 -1.768289 -14.919607
0.826633 0.478261 -0.296555
255 255 255 255
0.140991 0.999023
0 0 0 0
1.000000 0.000000 0.000000 0.000000
7.621791 -1.898138 -12.852490
-0.852434 0.392161 0.345782
255 255 255 255
0.145508 0.946777
0 0 0 0
1.000000 0.000000 0.000000 0.000000
7.022560 -2.106381 -14.961751
0.844845 -0.394513 -0.361381
255 255 255 255
0.130493 0.999023
0 0 0 0
1.000000 0.000000 0.000000 0.000000
7.790102 -1.897851 -12.915672
0.832224 0.466345 -0.299875
255 255 255 255
0.140991 0.946777
0 0 0 0
1.000000 0.000000 0.000000 0.000000
6.854249 -2.106658 -14.898590
-0.836381 -0.468589 0.284413
255 255 255 255
0.125977 0.999023
0 0 0 0
1.000000 0.000000 0.000000 0.000000
7.783478 -2.236043 -12.934844
0.844039 -0.396235 -0.361382
255 255 255 255
0.130493 0.946777
0 0 0 0
1.000000 0.000000 0.000000 0.000000
7.615167 -2.236329 -12.871672
-0.836381 -0.468589 0.284413
255 255 255 255
0.125977 0.946777
0 0 0 0
1.000000 0.000000 0.000000 0.000000
-7.545197 -2.207927 -12.917627
0.863266 -0.433189 0.259072
255 255 255 255
0.125977 0.946777
0 0 0 0
1.000000 0.000000 0.000000 0.000000
-6.877186 -2.108633 -14.978742
0.863266 -0.433189 0.259072
255 255 255 255
0.125977 0.999023
0 0 0 0
1.000000 0.000000 0.000000 0.000000
-7.716005 -2.214561 -12.973315
-0.848110 -0.430812 -0.308399
255 255 255 255
0.130493 0.946777
0 0 0 0
1.000000 0.000000 0.000000 0.000000
-7.047985 -2.115276 -15.034411
-0.848997 -0.429063 -0.308399
255 255 255 255
0.130493 0.999023
0 0 0 0
1.000000 0.000000 0.000000 0.000000
-7.732709 -1.876350 -12.962425
-0.860958 0.430221 -0.271406
255 255 255 255
0.140991 0.946777
0 0 0 0
1.000000 0.000000 0.000000 0.000000
-7.002504 -1.774647 -15.003245
-0.856467 0.443632 -0.263922
255 255 255 255
0.140991 0.999023
0 0 0 0
1.000000 0.000000 0.000000 0.000000
-7.561901 -1.869706 -12.906717
0.851277 0.432716 0.296790
255 255 255 255
0.145508 0.946777
0 0 0 0
1.000000 0.000000 0.000000 0.000000
-6.893890 -1.770421 -14.967854
0.851277 0.432716 0.296790
255 255 255 255
0.145508 0.999023
0 0 0 0
1.000000 0.000000 0.000000 0.000000
-7.545197 -2.207927 -12.917627
0.863266 -0.433189 0.259072
255 255 255 255
0.156006 0.946777
0 0 0 0
1.000000 0.000000 0.000000 0.000000
-6.877186 -2.108633 -14.978742
0.863266 -0.433189 0.259072
255 255 255 255
0.156006 0.999023
0 0 0 0
1.000000 0.000000 0.000000 0.000000
-8.865582 -1.990926 -2.473335
0.905374 -0.397721 -0.148711
255 255 255 255
0.156006 0.946777
0 0 0 0
1.000000 0.000000 0.000000 0.000000
-8.890865 -1.653396 -2.458626
0.875160 0.470233 -0.113913
255 255 255 255
0.145508 0.946777
0 0 0 0
1.000000 0.000000 0.000000 0.000000
-9.187890 -1.921584 -4.617091
0.905374 -0.397721 -0.148711
255 255 255 255
0.156006 0.999023
0 0 0 0
1.000000 0.000000 0.000000 0.000000
-9.068130 -1.667810 -2.432435
-0.910008 0.392603 0.133224
255 255 255 255
0.140991 0.946777
0 0 0 0
1.000000 0.000000 0.000000 0.000000
-9.325893 -1.593215 -4.585688
-0.904124 0.405456 0.134776
255 255 255 255
0.140991 0.999023
0 0 0 0
1.000000 0.000000 0.000000 0.000000
-9.213172 -1.584044 -4.602371
0.875160 0.470233 -0.113913
255 255 255 255
0.145508 0.999023
0 0 0 0
1.000000 0.000000 0.000000 0.000000
-9.042848 -2.005350 -2.447154
-0.875200 -0.473193 0.100568
255 255 255 255
0.130493 0.946777
0 0 0 0
1.000000 0.000000 0.000000 0.000000
-9.365154 -1.935997 -4.590890
-0.876463 -0.471215 0.098840
255 255 255 255
0.130493 0.999023
0 0 0 0
1.000000 0.000000 0.000000 0.000000
-8.865582 -1.990926 -2.473335
0.905374 -0.397721 -0.148711
255 255 255 255
0.125977 0.946777
0 0 0 0
1.000000 0.000000 0.000000 0.000000
-9.187890 -1.921584 -4.617091
0.905374 -0.397721 -0.148711
255 255 255 255
0.125977 0.999023
0 0 0 0
1.000000 0.000000 0.000000 0.000000
4.419066 -2.618057 3.966984
-0.559701 -0.506134 -0.656173
255 255 255 255
0.156006 0.946777
0 0 0 0
1.000000 0.000000 0.000000 0.000000
6.281819 -2.890598 2.580219
-0.565037 -0.489146 -0.664431
255 255 255 255
0.156006 0.999023
0 0 0 0
1.000000 0.000000 0.000000 0.000000
4.450973 -2.283192 3.926557
-0.527737 0.349391 -0.774222
255 255 255 255
0.145508 0.946777
0 0 0 0
1.000000 0.000000 0.000000 0.000000
6.313736 -2.555734 2.539802
-0.523451 0.362285 -0.771199
255 255 255 255
0.145508 0.999023
0 0 0 0
1.000000 0.000000 0.000000 0.000000
6.381765 -2.551143 2.631563
0.567044 0.513539 0.644002
255 255 255 255
0.140991 0.999023
0 0 0 0
1.000000 0.000000 0.000000 0.000000
4.558017 -2.275986 4.070800
0.572061 0.488565 0.658825
255 255 255 255
0.140991 0.946777
0 0 0 0
1.000000 0.000000 0.000000 0.000000
6.388853 -2.883391 2.724461
0.532427 -0.357130 0.767450
255 255 255 255
0.130493 0.999023
0 0 0 0
1.000000 0.000000 0.000000 0.000000
4.526110 -2.610860 4.111226
0.528840 -0.368984 0.764316
255 255 255 255
0.130493 0.946777
0 0 0 0
1.000000 0.000000 0.000000 0.000000
6.281819 -2.890598 2.580219
-0.565294 -0.489659 -0.663835
255 255 255 255
0.125977 0.999023
0 0 0 0
1.000000 0.000000 0.000000 0.000000
4.419066 -2.618057 3.966984
-0.561618 -0.504861 -0.655515
255 255 255 255
0.125977 0.946777
0 0 0 0
1.000000 0.000000 0.000000 0.000000
9.020493 -1.903538 -2.438674
-0.877045 -0.473755 -0.079678
255 255 255 255
0.156006 0.946777
0 0 0 0
1.000000 0.000000 0.000000 0.000000
9.354045 -2.121229 -4.792263
-0.884166 -0.459659 -0.083454
255 255 255 255
0.156006 0.999023
0 0 0 0
1.000000 0.000000 0.000000 0.000000
9.023819 -1.566452 -2.472555
-0.904643 0.392418 -0.166217
255 255 255 255
0.145508 0.946777
0 0 0 0
1.000000 0.000000 0.000000 0.000000
9.357372 -1.784144 -4.826164
-0.907910 0.386497 -0.162234
255 255 255 255
0.145508 0.999023
0 0 0 0
1.000000 0.000000 0.000000 0.000000
9.470329 -1.783482 -4.808512
0.873389 0.482967 0.062735
255 255 255 255
0.140991 0.999023
0 0 0 0
1.000000 0.000000 0.000000 0.000000
9.201441 -1.565416 -2.444864
0.882866 0.465011 0.065666
255 255 255 255
0.140991 0.946777
0 0 0 0
1.000000 0.000000 0.000000 0.000000
9.531675 -2.120193 -4.764571
0.904788 -0.396351 0.155767
255 255 255 255
0.130493 0.999023
0 0 0 0
1.000000 0.000000 0.000000 0.000000
9.198124 -1.902511 -2.410992
0.904788 -0.396351 0.155767
255 255 255 255
0.130493 0.946777
0 0 0 0
1.000000 0.000000 0.000000 0.000000
9.354045 -2.121229 -4.792263
-0.882509 -0.463469 -0.079846
255 255 255 255
0.125977 0.999023
0 0 0 0
1.000000 0.000000 0.000000 0.000000
9.020493 -1.903538 -2.438674
-0.877176 -0.473587 -0.079234
255 255 255 255
0.125977 0.946777
0 0 0 0
1.000000 0.000000 0.000000 0.000000
0.961025 -3.781484 5.298990
-0.999912 -0.010408 0.008282
255 255 255 255
0.146606 0.932617
0 0 0 0
1.000000 0.000000 0.000000 0.000000
0.954283 -3.645090 4.890064
-0.999912 -0.010408 0.008282
255 255 255 255
0.146484 0.942871
0 0 0 0
1.000000 0.000000 0.000000 0.000000
0.931369 -3.360563 5.360849
-0.964400 -0.244422 -0.100944
255 255 255 255
0.137207 0.929688
0 0 0 0
1.000000 0.000000 0.000000 0.000000
0.939682 -4.157180 5.100993
-0.969691 0.236434 0.061635
255 255 255 255
0.156006 0.929688
0 0 0 0
1.000000 0.000000 0.000000 0.000000
0.935259 -4.061173 4.752307
-0.960440 0.270945 0.064372
255 255 255 255
0.161865 0.937988
0 0 0 0
1.000000 0.000000 0.000000 0.000000
0.926650 -3.231198 5.027682
-0.955574 -0.269853 -0.118564
255 255 255 255
0.131348 0.937988
0 0 0 0
1.000000 0.000000 0.000000 0.000000
0.779002 -3.281823 5.391916
-0.049059 -0.863701 -0.501611
255 255 255 255
0.135742 0.928223
0 0 0 0
1.000000 0.000000 0.000000 0.000000
0.790730 -3.096542 5.073213
-0.046827 -0.862954 -0.503108
255 255 255 255
0.125977 0.931641
0 0 0 0
1.000000 0.000000 0.000000 0.000000
-1.038586 -3.303078 5.404424
0.060885 -0.863464 -0.500722
255 255 255 255
0.135742 0.890137
0 0 0 0
1.000000 0.000000 0.000000 0.000000
-1.078489 -3.117757 5.086738
0.063044 -0.864769 -0.498197
255 255 255 255
0.125977 0.886230
0 0 0 0
1.000000 0.000000 0.000000 0.000000
-1.191852 -3.254961 5.043764
0.958537 -0.233597 -0.163214
255 255 255 255
0.131348 0.880371
0 0 0 0
1.000000 0.000000 0.000000 0.000000
-1.181476 -3.387337 5.378767
0.966733 -0.206146 -0.151429
255 255 255 255
0.136963 0.888672
0 0 0 0
1.000000 0.000000 0.000000 0.000000
-1.230590 -3.671350 4.906205
0.998392 0.022819 -0.051892
255 255 255 255
0.146606 0.875977
0 0 0 0
1.000000 0.000000 0.000000 0.000000
-1.200668 -3.808781 5.317362
0.998584 0.027328 -0.045642
255 255 255 255
0.146606 0.886230
0 0 0 0
1.000000 0.000000 0.000000 0.000000
-1.183243 -4.085005 4.768360
0.953452 0.301071 0.016878
255 255 255 255
0.161865 0.880371
0 0 0 0
1.000000 0.000000 0.000000 0.000000
-1.173154 -4.183904 5.118990
0.960339 0.278604 0.011374
255 255 255 255
0.156250 0.888672
0 0 0 0
1.000000 0.000000 0.000000 0.000000
-1.067038 -4.218842 4.723362
0.050015 0.991257 0.122094
255 255 255 255
0.167236 0.886230
0 0 0 0
1.000000 0.000000 0.000000 0.000000
-1.028566 -4.263681 5.090578
0.042934 0.991549 0.122423
255 255 255 255
0.157349 0.890137
0 0 0 0
1.000000 0.000000 0.000000 0.000000
0.802172 -4.197548 4.709877
-0.069179 0.989856 0.124097
255 255 255 255
0.167236 0.931641
0 0 0 0
1.000000 0.000000 0.000000 0.000000
0.789032 -4.242476 5.078040
-0.069625 0.989713 0.124984
255 255 255 255
0.157349 0.928223
0 0 0 0
1.000000 0.000000 0.000000 0.000000
-9.492516 -1.778299 -4.536159
0.147372 -0.029840 0.988631
255 255 255 255
0.146606 0.932617
0 0 0 0
1.000000 0.000000 0.000000 0.000000
-9.077657 -1.745188 -4.596389
0.147257 -0.030400 0.988631
255 255 255 255
0.146484 0.942871
0 0 0 0
1.000000 0.000000 0.000000 0.000000
-9.392501 -2.180759 -4.539989
0.154328 0.228726 0.961180
255 255 255 255
0.156006 0.929688
0 0 0 0
1.000000 0.000000 0.000000 0.000000
-9.446886 -1.365986 -4.505426
0.192303 -0.285669 0.938836
255 255 255 255
0.137207 0.929688
0 0 0 0
1.000000 0.000000 0.000000 0.000000
-9.104716 -1.321729 -4.555567
0.199246 -0.315222 0.927866
255 255 255 255
0.131348 0.937988
0 0 0 0
1.000000 0.000000 0.000000 0.000000
-9.043707 -2.171715 -4.592252
0.157170 0.259517 0.952863
255 255 255 255
0.161865 0.937988
0 0 0 0
1.000000 0.000000 0.000000 0.000000
-9.367435 -2.269993 -4.397079
0.129787 0.989284 0.066872
255 255 255 255
0.157349 0.928223
0 0 0 0
1.000000 0.000000 0.000000 0.000000
-9.015235 -2.313490 -4.468376
0.131377 0.989235 0.064448
255 255 255 255
0.167236 0.931641
0 0 0 0
1.000000 0.000000 0.000000 0.000000
-9.099138 -2.324646 -2.645407
0.113707 0.992568 -0.043360
255 255 255 255
0.157349 0.890137
0 0 0 0
1.000000 0.000000 0.000000 0.000000
-8.739722 -2.369080 -2.666850
0.113769 0.992718 -0.039588
255 255 255 255
0.167236 0.886230
0 0 0 0
1.000000 0.000000 0.000000 0.000000
-8.732130 -2.234246 -2.550348
-0.096433 0.319341 -0.942720
255 255 255 255
0.161865 0.880371
0 0 0 0
1.000000 0.000000 0.000000 0.000000
-9.084242 -2.245471 -2.503218
-0.097686 0.297677 -0.949656
255 255 255 255
0.156250 0.888672
0 0 0 0
1.000000 0.000000 0.000000 0.000000
-8.756337 -1.811371 -2.490552
-0.109822 0.037915 -0.993228
255 255 255 255
0.146606 0.875977
0 0 0 0
1.000000 0.000000 0.000000 0.000000
-9.177129 -1.844463 -2.452268
-0.109894 0.037707 -0.993228
255 255 255 255
0.146606 0.886230
0 0 0 0
1.000000 0.000000 0.000000 0.000000
-8.793140 -1.384191 -2.513653
-0.050665 -0.249187 -0.967129
255 255 255 255
0.131348 0.880371
0 0 0 0
1.000000 0.000000 0.000000 0.000000
-9.138627 -1.430748 -2.468626
-0.059490 -0.220008 -0.973682
255 255 255 255
0.136963 0.888672
0 0 0 0
1.000000 0.000000 0.000000 0.000000
-8.818838 -1.241903 -2.618476
0.261449 -0.957285 -0.123487
255 255 255 255
0.125977 0.886230
0 0 0 0
1.000000 0.000000 0.000000 0.000000
-9.165214 -1.342026 -2.603648
0.262469 -0.957000 -0.123531
255 255 255 255
0.135742 0.890137
0 0 0 0
1.000000 0.000000 0.000000 0.000000
-9.094351 -1.186411 -4.419992
0.276806 -0.960814 -0.014657
255 255 255 255
0.125977 0.931641
0 0 0 0
1.000000 0.000000 0.000000 0.000000
-9.433510 -1.287325 -4.355310
0.275136 -0.961291 -0.014812
255 255 255 255
0.135742 0.928223
0 0 0 0
1.000000 0.000000 0.000000 0.000000
-9.063993 -2.367935 -4.767997
0.984792 0.061468 -0.162503
255 255 255 255
0.246460 0.879883
0 0 0 0
1.000000 0.000000 0.000000 0.000000
-9.043707 -2.171715 -4.592252
0.984679 0.063254 -0.162503
255 255 255 255
0.240723 0.887207
0 0 0 0
1.000000 0.000000 0.000000 0.000000
-9.107885 -1.737024 -4.819944
0.985119 0.074811 -0.154738
255 255 255 255
0.249023 0.902344
0 0 0 0
1.000000 0.000000 0.000000 0.000000
-9.000051 -2.498613 -4.449185
0.985842 0.063144 -0.155334
255 255 255 255
0.235474 0.875488
0 0 0 0
1.000000 0.000000 0.000000 0.000000
-9.015235 -2.313490 -4.468376
0.985842 0.063144 -0.155334
255 255 255 255
0.236328 0.882324
0 0 0 0
1.000000 0.000000 0.000000 0.000000
-9.077657 -1.745188 -4.596389
0.985119 0.074811 -0.154738
255 255 255 255
0.241455 0.902344
0 0 0 0
1.000000 0.000000 0.000000 0.000000
-9.104716 -1.321729 -4.555567
0.984715 0.080793 -0.154302
255 255 255 255
0.240723 0.917480
0 0 0 0
1.000000 0.000000 0.000000 0.000000
-9.148885 -1.112636 -4.714608
0.984715 0.080793 -0.154302
255 255 255 255
0.246338 0.924805
0 0 0 0
1.000000 0.000000 0.000000 0.000000
-9.094351 -1.186411 -4.419992
0.985502 0.069130 -0.154944
255 255 255 255
0.236328 0.922363
0 0 0 0
1.000000 0.000000 0.000000 0.000000
-9.101439 -1.003351 -4.385519
0.985615 0.067034 -0.155143
255 255 255 255
0.235474 0.929199
0 0 0 0
1.000000 0.000000 0.000000 0.000000
-8.818838 -1.241903 -2.618476
0.987679 0.068896 -0.140514
255 255 255 255
0.187866 0.922363
0 0 0 0
1.000000 0.000000 0.000000 0.000000
-8.833942 -1.057885 -2.637717
0.986729 0.066924 -0.147943
255 255 255 255
0.188721 0.929199
0 0 0 0
1.000000 0.000000 0.000000 0.000000
-8.793140 -1.384191 -2.513653
0.989324 0.086162 -0.117530
255 255 255 255
0.184082 0.917480
0 0 0 0
1.000000 0.000000 0.000000 0.000000
-8.792519 -1.189788 -2.329527
0.990181 0.086036 -0.110178
255 255 255 255
0.178223 0.924805
0 0 0 0
1.000000 0.000000 0.000000 0.000000
-8.756337 -1.811371 -2.490552
0.991178 0.072306 -0.111080
255 255 255 255
0.182739 0.902344
0 0 0 0
1.000000 0.000000 0.000000 0.000000
-8.728369 -1.819229 -2.280176
0.991178 0.072306 -0.111080
255 255 255 255
0.175659 0.902344
0 0 0 0
1.000000 0.000000 0.000000 0.000000
-8.732130 -2.234246 -2.550348
0.992916 0.056598 -0.104476
255 255 255 255
0.184082 0.887207
0 0 0 0
1.000000 0.000000 0.000000 0.000000
-8.707638 -2.445195 -2.382975
0.993112 0.052699 -0.104652
255 255 255 255
0.178223 0.879883
0 0 0 0
1.000000 0.000000 0.000000 0.000000
-8.739722 -2.369080 -2.666850
0.988135 0.061112 -0.140904
255 255 255 255
0.187866 0.882324
0 0 0 0
1.000000 0.000000 0.000000 0.000000
-8.732554 -2.553266 -2.701363
0.986956 0.063033 -0.148134
255 255 255 255
0.188721 0.875488
0 0 0 0
1.000000 0.000000 0.000000 0.000000
-4.525433 -2.671673 4.087365
-0.840621 0.068063 -0.537331
255 255 255 255
0.146606 0.932617
0 0 0 0
1.000000 0.000000 0.000000 0.000000
-4.300238 -2.692858 3.732865
-0.839334 0.068586 -0.539272
255 255 255 255
0.146484 0.942871
0 0 0 0
1.000000 0.000000 0.000000 0.000000
-4.470159 -2.266420 4.011557
-0.816922 -0.188833 -0.544959
255 255 255 255
0.137207 0.929688
0 0 0 0
1.000000 0.000000 0.000000 0.000000
-4.545316 -3.080243 4.019059
-0.769646 0.327725 -0.547942
255 255 255 255
0.156006 0.929688
0 0 0 0
1.000000 0.000000 0.000000 0.000000
-4.357477 -3.116790 3.722677
-0.756916 0.358513 -0.546394
255 255 255 255
0.161865 0.937988
0 0 0 0
1.000000 0.000000 0.000000 0.000000
-4.281353 -2.267239 3.718461
-0.809250 -0.221781 -0.543993
255 255 255 255
0.131348 0.937988
0 0 0 0
1.000000 0.000000 0.000000 0.000000
-4.588082 -2.172022 3.933527
-0.027839 -0.979951 -0.197284
255 255 255 255
0.135742 0.928223
0 0 0 0
1.000000 0.000000 0.000000 0.000000
-4.378426 -2.118406 3.646187
-0.023041 -0.981333 -0.190930
255 255 255 255
0.125977 0.931641
0 0 0 0
1.000000 0.000000 0.000000 0.000000
-6.071921 -2.042212 2.971927
0.066203 -0.988726 -0.134309
255 255 255 255
0.135742 0.890137
0 0 0 0
1.000000 0.000000 0.000000 0.000000
-5.904547 -1.984095 2.657587
0.069887 -0.988549 -0.133744
255 255 255 255
0.125977 0.886230
0 0 0 0
1.000000 0.000000 0.000000 0.000000
-6.011345 -2.114496 2.598561
0.814766 -0.356441 0.457282
255 255 255 255
0.131348 0.880371
0 0 0 0
1.000000 0.000000 0.000000 0.000000
-6.197229 -2.116204 2.896888
0.823418 -0.325376 0.464881
255 255 255 255
0.136963 0.888672
0 0 0 0
1.000000 0.000000 0.000000 0.000000
-6.084676 -2.537075 2.577977
0.858370 -0.072840 0.507834
255 255 255 255
0.146606 0.875977
0 0 0 0
1.000000 0.000000 0.000000 0.000000
-6.292387 -2.517884 2.946921
0.859464 -0.074023 0.505808
255 255 255 255
0.146606 0.886230
0 0 0 0
1.000000 0.000000 0.000000 0.000000
-6.087440 -2.964116 2.602766
0.863918 0.209045 0.458199
255 255 255 255
0.161865 0.880371
0 0 0 0
1.000000 0.000000 0.000000 0.000000
-6.272326 -2.929978 2.904392
0.865907 0.184002 0.465133
255 255 255 255
0.156250 0.888672
0 0 0 0
1.000000 0.000000 0.000000 0.000000
-6.006419 -3.110462 2.664675
0.242289 0.961049 -0.132967
255 255 255 255
0.167236 0.886230
0 0 0 0
1.000000 0.000000 0.000000 0.000000
-6.162301 -3.023744 2.980585
0.239082 0.961529 -0.135285
255 255 255 255
0.157349 0.890137
0 0 0 0
1.000000 0.000000 0.000000 0.000000
-4.480278 -3.244674 3.653246
0.150061 0.969439 -0.194087
255 255 255 255
0.167236 0.931641
0 0 0 0
1.000000 0.000000 0.000000 0.000000
-4.678412 -3.153603 3.942175
0.144640 0.969479 -0.197962
255 255 255 255
0.157349 0.928223
0 0 0 0
1.000000 0.000000 0.000000 0.000000
7.149625 -1.939295 -14.966550
0.351883 -0.061173 0.934043
255 255 255 255
0.146606 0.932617
0 0 0 0
1.000000 0.000000 0.000000 0.000000
6.756297 -1.940608 -14.817826
0.351883 -0.061173 0.934043
255 255 255 255
0.146484 0.942871
0 0 0 0
1.000000 0.000000 0.000000 0.000000
7.097115 -1.532877 -14.895164
0.305122 -0.312186 0.899689
255 255 255 255
0.137207 0.929688
0 0 0 0
1.000000 0.000000 0.000000 0.000000
7.087410 -2.348694 -14.943735
0.313861 0.197326 0.928738
255 255 255 255
0.156006 0.929688
0 0 0 0
1.000000 0.000000 0.000000 0.000000
6.757176 -2.368488 -14.821142
0.306203 0.229887 0.923792
255 255 255 255
0.161865 0.937988
0 0 0 0
1.000000 0.000000 0.000000 0.000000
6.771352 -1.517062 -14.772018
0.295624 -0.342330 0.891862
255 255 255 255
0.131348 0.937988
0 0 0 0
1.000000 0.000000 0.000000 0.000000
7.152843 -1.457965 -14.753094
-0.186503 -0.980134 0.067489
255 255 255 255
0.135742 0.928223
0 0 0 0
1.000000 0.000000 0.000000 0.000000
6.818867 -1.385227 -14.640985
-0.190158 -0.979401 0.067926
255 255 255 255
0.125977 0.931641
0 0 0 0
1.000000 0.000000 0.000000 0.000000
7.770170 -1.562385 -13.094387
-0.226562 -0.973245 -0.038251
255 255 255 255
0.135742 0.890137
0 0 0 0
1.000000 0.000000 0.000000 0.000000
7.454083 -1.491828 -12.935239
-0.229000 -0.972556 -0.041153
255 255 255 255
0.125977 0.886230
0 0 0 0
1.000000 0.000000 0.000000 0.000000
7.491893 -1.637384 -12.838935
-0.405680 -0.223047 -0.886382
255 255 255 255
0.131348 0.880371
0 0 0 0
1.000000 0.000000 0.000000 0.000000
7.818238 -1.655124 -12.968300
-0.403050 -0.192984 -0.894600
255 255 255 255
0.136963 0.888672
0 0 0 0
1.000000 0.000000 0.000000 0.000000
7.499525 -2.066448 -12.824305
-0.387878 0.055720 -0.920025
255 255 255 255
0.146606 0.875977
0 0 0 0
1.000000 0.000000 0.000000 0.000000
7.887412 -2.064286 -12.995112
-0.387878 0.055720 -0.920025
255 255 255 255
0.146606 0.886230
0 0 0 0
1.000000 0.000000 0.000000 0.000000
7.477726 -2.488869 -12.888147
-0.394451 0.337720 -0.854607
255 255 255 255
0.161865 0.880371
0 0 0 0
1.000000 0.000000 0.000000 0.000000
7.808524 -2.470882 -13.016891
-0.395640 0.310353 -0.864378
255 255 255 255
0.156250 0.888672
0 0 0 0
1.000000 0.000000 0.000000 0.000000
7.436975 -2.620752 -13.001086
-0.187136 0.979676 0.072215
255 255 255 255
0.167236 0.886230
0 0 0 0
1.000000 0.000000 0.000000 0.000000
7.758008 -2.546296 -13.152782
-0.190246 0.979012 0.073094
255 255 255 255
0.157349 0.890137
0 0 0 0
1.000000 0.000000 0.000000 0.000000
6.801758 -2.514073 -14.706794
-0.149597 0.973030 0.175597
255 255 255 255
0.167236 0.931641
0 0 0 0
1.000000 0.000000 0.000000 0.000000
7.140670 -2.441927 -14.811547
-0.146822 0.972863 0.178830
255 255 255 255
0.157349 0.928223
0 0 0 0
1.000000 0.000000 0.000000 0.000000
-7.624322 -1.386846 -12.795921
0.931165 0.043674 0.361973
255 255 255 255
0.178223 0.924805
0 0 0 0
1.000000 0.000000 0.000000 0.000000
-7.547498 -1.582850 -12.961360
0.931165 0.043674 0.361973
255 255 255 255
0.184082 0.917480
0 0 0 0
1.000000 0.000000 0.000000 0.000000
-7.614984 -2.017818 -12.728495
0.930309 0.033662 0.365229
255 255 255 255
0.175659 0.902344
0 0 0 0
1.000000 0.000000 0.000000 0.000000
-7.513556 -1.256415 -13.087112
0.943416 0.026451 0.330555
255 255 255 255
0.188721 0.929199
0 0 0 0
1.000000 0.000000 0.000000 0.000000
-7.516282 -1.440689 -13.064830
0.942197 0.029602 0.333750
255 255 255 255
0.187866 0.922363
0 0 0 0
1.000000 0.000000 0.000000 0.000000
-7.542324 -2.010898 -12.927914
0.930309 0.033662 0.365229
255 255 255 255
0.182739 0.902344
0 0 0 0
1.000000 0.000000 0.000000 0.000000
-7.509855 -2.434958 -12.973859
0.929563 0.013678 0.368409
255 255 255 255
0.184082 0.887207
0 0 0 0
1.000000 0.000000 0.000000 0.000000
-7.573728 -2.645077 -12.816111
0.928328 0.013632 0.371513
255 255 255 255
0.178223 0.879883
0 0 0 0
1.000000 0.000000 0.000000 0.000000
-7.468086 -2.570503 -13.081979
0.941265 0.021845 0.336961
255 255 255 255
0.187866 0.882324
0 0 0 0
1.000000 0.000000 0.000000 0.000000
-7.453021 -2.755162 -13.111032
0.943471 0.024197 0.330570
255 255 255 255
0.188721 0.875488
0 0 0 0
1.000000 0.000000 0.000000 0.000000
-6.878173 -2.521576 -14.806532
0.946788 0.024334 0.320938
255 255 255 255
0.236328 0.882324
0 0 0 0
1.000000 0.000000 0.000000 0.000000
-6.880839 -2.706946 -14.784269
0.945692 0.024288 0.324156
255 255 255 255
0.235474 0.875488
0 0 0 0
1.000000 0.000000 0.000000 0.000000
-6.840639 -2.379989 -14.928178
0.947926 0.022136 0.317720
255 255 255 255
0.240723 0.887207
0 0 0 0
1.000000 0.000000 0.000000 0.000000
-6.785167 -2.576959 -15.095324
0.949003 0.022184 0.314486
255 255 255 255
0.246460 0.879883
0 0 0 0
1.000000 0.000000 0.000000 0.000000
-6.852081 -1.952524 -14.943459
0.945407 0.034252 0.324087
255 255 255 255
0.241455 0.902344
0 0 0 0
1.000000 0.000000 0.000000 0.000000
-6.775305 -1.945337 -15.155652
0.945407 0.034252 0.324087
255 255 255 255
0.249023 0.902344
0 0 0 0
1.000000 0.000000 0.000000 0.000000
-6.878282 -1.527951 -14.915738
0.944020 0.041918 0.327214
255 255 255 255
0.240723 0.917480
0 0 0 0
1.000000 0.000000 0.000000 0.000000
-6.835772 -1.318827 -15.075164
0.945125 0.041965 0.324003
255 255 255 255
0.246338 0.924805
0 0 0 0
1.000000 0.000000 0.000000 0.000000
-6.926369 -1.391842 -14.789373
0.945637 0.026537 0.324141
255 255 255 255
0.236328 0.922363
0 0 0 0
1.000000 0.000000 0.000000 0.000000
-6.941385 -1.208318 -14.760339
0.945637 0.026537 0.324141
255 255 255 255
0.235474 0.929199
0 0 0 0
1.000000 0.000000 0.000000 0.000000
-7.934181 -2.027088 -13.088613
0.363606 0.032153 -0.930998
255 255 255 255
0.146606 0.886230
0 0 0 0
1.000000 0.000000 0.000000 0.000000
-7.542324 -2.010898 -12.927914
0.363668 0.031444 -0.930998
255 255 255 255
0.146606 0.875977
0 0 0 0
1.000000 0.000000 0.000000 0.000000
-7.876261 -1.615379 -13.081396
0.387112 -0.224972 -0.894166
255 255 255 255
0.136963 0.888672
0 0 0 0
1.000000 0.000000 0.000000 0.000000
-7.844097 -2.431897 -13.094753
0.364777 0.290190 -0.884719
255 255 255 255
0.156250 0.888672
0 0 0 0
1.000000 0.000000 0.000000 0.000000
-7.509855 -2.434958 -12.973859
0.364974 0.315408 -0.875963
255 255 255 255
0.161865 0.880371
0 0 0 0
1.000000 0.000000 0.000000 0.000000
-7.547498 -1.582850 -12.961360
0.389206 -0.255073 -0.885131
255 255 255 255
0.131348 0.880371
0 0 0 0
1.000000 0.000000 0.000000 0.000000
-7.833998 -1.526993 -13.212548
0.254441 -0.967088 -0.000590
255 255 255 255
0.135742 0.890137
0 0 0 0
1.000000 0.000000 0.000000 0.000000
-7.516282 -1.440689 -13.064830
0.253674 -0.967290 -0.000319
255 255 255 255
0.125977 0.886230
0 0 0 0
1.000000 0.000000 0.000000 0.000000
-6.926369 -1.391842 -14.789373
0.216799 -0.971007 0.100713
255 255 255 255
0.125977 0.931641
0 0 0 0
1.000000 0.000000 0.000000 0.000000
-7.260740 -1.478738 -14.889586
0.212990 -0.971188 0.106909
255 255 255 255
0.135742 0.928223
0 0 0 0
1.000000 0.000000 0.000000 0.000000
-6.878282 -1.527951 -14.915738
-0.264908 -0.317341 0.910559
255 255 255 255
0.131348 0.937988
0 0 0 0
1.000000 0.000000 0.000000 0.000000
-7.206364 -1.558268 -15.029674
-0.272782 -0.284461 0.919060
255 255 255 255
0.137207 0.929688
0 0 0 0
1.000000 0.000000 0.000000 0.000000
-6.852081 -1.952524 -14.943459
-0.325455 -0.025017 0.945227
255 255 255 255
0.146484 0.942871
0 0 0 0
1.000000 0.000000 0.000000 0.000000
-7.248805 -1.968744 -15.081916
-0.325455 -0.025017 0.945227
255 255 255 255
0.146606 0.932617
0 0 0 0
1.000000 0.000000 0.000000 0.000000
-6.840639 -2.379989 -14.928178
-0.290759 0.265875 0.919114
255 255 255 255
0.161865 0.937988
0 0 0 0
1.000000 0.000000 0.000000 0.000000
-7.174201 -2.374836 -15.043030
-0.297261 0.232780 0.925986
255 255 255 255
0.156006 0.929688
0 0 0 0
1.000000 0.000000 0.000000 0.000000
-6.878173 -2.521576 -14.806532
0.123353 0.984326 0.126039
255 255 255 255
0.167236 0.931641
0 0 0 0
1.000000 0.000000 0.000000 0.000000
-7.221488 -2.463597 -14.905510
0.123903 0.984459 0.124456
255 255 255 255
0.157349 0.928223
0 0 0 0
1.000000 0.000000 0.000000 0.000000
-7.468086 -2.570503 -13.081979
0.161974 0.986611 0.019033
255 255 255 255
0.167236 0.886230
0 0 0 0
1.000000 0.000000 0.000000 0.000000
-7.794746 -2.511802 -13.228492
0.158348 0.987134 0.022198
255 255 255 255
0.157349 0.890137
0 0 0 0
1.000000 0.000000 0.000000 0.000000
9.648167 -1.854473 -4.550641
-0.153986 0.000143 0.988073
255 255 255 255
0.146606 0.932617
0 0 0 0
1.000000 0.000000 0.000000 0.000000
9.232498 -1.851097 -4.614297
-0.153986 -0.000462 0.988073
255 255 255 255
0.146484 0.942871
0 0 0 0
1.000000 0.000000 0.000000 0.000000
9.575774 -1.445033 -4.538982
-0.182586 -0.251474 0.950486
255 255 255 255
0.137207 0.929688
0 0 0 0
1.000000 0.000000 0.000000 0.000000
9.574362 -2.262342 -4.536613
-0.177048 0.258034 0.949775
255 255 255 255
0.156006 0.929688
0 0 0 0
1.000000 0.000000 0.000000 0.000000
9.226131 -2.278296 -4.590860
-0.181906 0.290429 0.939448
255 255 255 255
0.161865 0.937988
0 0 0 0
1.000000 0.000000 0.000000 0.000000
9.231857 -1.425358 -4.592677
-0.185608 -0.282839 0.941037
255 255 255 255
0.131348 0.937988
0 0 0 0
1.000000 0.000000 0.000000 0.000000
9.556198 -1.360695 -4.392647
-0.217413 -0.975745 0.025560
255 255 255 255
0.135742 0.928223
0 0 0 0
1.000000 0.000000 0.000000 0.000000
9.211737 -1.285015 -4.463460
-0.216078 -0.976046 0.025370
255 255 255 255
0.125977 0.931641
0 0 0 0
1.000000 0.000000 0.000000 0.000000
9.278602 -1.353518 -2.641577
-0.201333 -0.975506 -0.088616
255 255 255 255
0.135742 0.890137
0 0 0 0
1.000000 0.000000 0.000000 0.000000
8.926608 -1.276840 -2.662605
-0.199446 -0.976122 -0.086062
255 255 255 255
0.125977 0.886230
0 0 0 0
1.000000 0.000000 0.000000 0.000000
8.909351 -1.415614 -2.551523
0.075225 -0.283974 -0.955877
255 255 255 255
0.131348 0.880371
0 0 0 0
1.000000 0.000000 0.000000 0.000000
9.256764 -1.437589 -2.502784
0.082687 -0.253814 -0.963712
255 255 255 255
0.136963 0.888672
0 0 0 0
1.000000 0.000000 0.000000 0.000000
8.900022 -1.842794 -2.509132
0.112258 -0.007260 -0.993653
255 255 255 255
0.146606 0.875977
0 0 0 0
1.000000 0.000000 0.000000 0.000000
9.321773 -1.846773 -2.467431
0.112258 -0.007260 -0.993653
255 255 255 255
0.146606 0.886230
0 0 0 0
1.000000 0.000000 0.000000 0.000000
8.903625 -2.268621 -2.549736
0.082394 0.277653 -0.957142
255 255 255 255
0.161865 0.880371
0 0 0 0
1.000000 0.000000 0.000000 0.000000
9.255352 -2.254849 -2.500454
0.084334 0.251356 -0.964214
255 255 255 255
0.156250 0.888672
0 0 0 0
1.000000 0.000000 0.000000 0.000000
8.920794 -2.407799 -2.659939
-0.179680 0.979414 -0.091997
255 255 255 255
0.167236 0.886230
0 0 0 0
1.000000 0.000000 0.000000 0.000000
9.276420 -2.339227 -2.638803
-0.180903 0.979333 -0.090449
255 255 255 255
0.157349 0.890137
0 0 0 0
1.000000 0.000000 0.000000 0.000000
9.205923 -2.415884 -4.460814
-0.196876 0.980155 0.023146
255 255 255 255
0.167236 0.931641
0 0 0 0
1.000000 0.000000 0.000000 0.000000
9.554026 -2.346463 -4.389922
-0.197822 0.979977 0.022633
255 255 255 255
0.157349 0.928223
0 0 0 0
1.000000 0.000000 0.000000 0.000000
6.326155 -2.603999 2.943456
-0.802942 0.052058 0.593779
255 255 255 255
0.146606 0.932617
0 0 0 0
1.000000 0.000000 0.000000 0.000000
6.074957 -2.615016 2.606390
-0.802942 0.052058 0.593779
255 255 255 255
0.146484 0.942871
0 0 0 0
1.000000 0.000000 0.000000 0.000000
6.273418 -2.196574 2.878289
-0.801689 -0.206997 0.560755
255 255 255 255
0.137207 0.929688
0 0 0 0
1.000000 0.000000 0.000000 0.000000
6.256793 -3.012431 2.924244
-0.788701 0.300701 0.536217
255 255 255 255
0.156006 0.929688
0 0 0 0
1.000000 0.000000 0.000000 0.000000
6.046683 -3.040468 2.642216
-0.783971 0.333437 0.523650
255 255 255 255
0.161865 0.937988
0 0 0 0
1.000000 0.000000 0.000000 0.000000
6.066596 -2.188903 2.597692
-0.798876 -0.239832 0.551613
255 255 255 255
0.131348 0.937988
0 0 0 0
1.000000 0.000000 0.000000 0.000000
6.158189 -2.105384 2.963793
-0.189593 -0.978601 -0.079962
255 255 255 255
0.135742 0.928223
0 0 0 0
1.000000 0.000000 0.000000 0.000000
5.963944 -2.042686 2.667597
-0.187305 -0.978870 -0.082035
255 255 255 255
0.125977 0.931641
0 0 0 0
1.000000 0.000000 0.000000 0.000000
4.731422 -2.015597 4.012425
-0.099618 -0.984790 -0.142353
255 255 255 255
0.135742 0.890137
0 0 0 0
1.000000 0.000000 0.000000 0.000000
4.496869 -1.949552 3.746232
-0.100535 -0.983684 -0.149192
255 255 255 255
0.125977 0.886230
0 0 0 0
1.000000 0.000000 0.000000 0.000000
4.404248 -2.082836 3.820698
0.721165 -0.329325 -0.609480
255 255 255 255
0.131348 0.880371
0 0 0 0
1.000000 0.000000 0.000000 0.000000
4.617003 -2.092975 4.100348
0.731061 -0.301249 -0.612209
255 255 255 255
0.136963 0.888672
0 0 0 0
1.000000 0.000000 0.000000 0.000000
4.360554 -2.507370 3.867906
0.777136 -0.053185 -0.627081
255 255 255 255
0.146606 0.875977
0 0 0 0
1.000000 0.000000 0.000000 0.000000
4.631466 -2.497912 4.193729
0.777019 -0.054868 -0.627081
255 255 255 255
0.146606 0.886230
0 0 0 0
1.000000 0.000000 0.000000 0.000000
4.384346 -2.934470 3.865221
0.735441 0.229278 -0.637619
255 255 255 255
0.161865 0.880371
0 0 0 0
1.000000 0.000000 0.000000 0.000000
4.600428 -2.908783 4.146244
0.741828 0.206669 -0.637949
255 255 255 255
0.156250 0.888672
0 0 0 0
1.000000 0.000000 0.000000 0.000000
4.471576 -3.078624 3.806679
-0.048083 0.968128 -0.245797
255 255 255 255
0.167236 0.886230
0 0 0 0
1.000000 0.000000 0.000000 0.000000
4.711095 -2.999567 4.067463
-0.048883 0.968169 -0.245479
255 255 255 255
0.157349 0.890137
0 0 0 0
1.000000 0.000000 0.000000 0.000000
5.938642 -3.171679 2.728015
-0.134723 0.975085 -0.176238
255 255 255 255
0.167236 0.931641
0 0 0 0
1.000000 0.000000 0.000000 0.000000
6.137893 -3.089404 3.018830
-0.138127 0.974439 -0.177174
255 255 255 255
0.157349 0.928223
0 0 0 0
1.000000 0.000000 0.000000 0.000000
0.790730 -3.096542 5.073213
-0.008772 0.308834 -0.951075
255 255 255 255
0.236328 0.922363
0 0 0 0
1.000000 0.000000 0.000000 0.000000
0.926650 -3.231198 5.027682
-0.011593 0.324771 -0.945722
255 255 255 255
0.240723 0.917480
0 0 0 0
1.000000 0.000000 0.000000 0.000000
0.760995 -2.916809 5.130975
-0.011071 0.308831 -0.951053
255 255 255 255
0.235474 0.929199
0 0 0 0
1.000000 0.000000 0.000000 0.000000
-1.078489 -3.117757 5.086738
-0.020127 0.308727 -0.950938
255 255 255 255
0.187866 0.922363
0 0 0 0
1.000000 0.000000 0.000000 0.000000
0.954283 -3.645090 4.890064
-0.011093 0.314157 -0.949306
255 255 255 255
0.241455 0.902344
0 0 0 0
1.000000 0.000000 0.000000 0.000000
1.185647 -3.640203 4.884782
-0.011093 0.314157 -0.949306
255 255 255 255
0.249023 0.902344
0 0 0 0
1.000000 0.000000 0.000000 0.000000
1.099364 -3.031050 5.096225
-0.008835 0.319479 -0.947552
255 255 255 255
0.246338 0.924805
0 0 0 0
1.000000 0.000000 0.000000 0.000000
-1.052555 -2.938014 5.143710
-0.014234 0.308796 -0.951022
255 255 255 255
0.188721 0.929199
0 0 0 0
1.000000 0.000000 0.000000 0.000000
-1.191852 -3.254961 5.043764
-0.047943 0.324331 -0.944728
255 255 255 255
0.184082 0.917480
0 0 0 0
1.000000 0.000000 0.000000 0.000000
-1.374003 -3.064842 5.121468
-0.050667 0.324296 -0.944598
255 255 255 255
0.178223 0.924805
0 0 0 0
1.000000 0.000000 0.000000 0.000000
-1.448193 -3.676237 4.911595
-0.052899 0.313708 -0.948045
255 255 255 255
0.175659 0.902344
0 0 0 0
1.000000 0.000000 0.000000 0.000000
-1.230590 -3.671350 4.906205
-0.052899 0.313708 -0.948045
255 255 255 255
0.182739 0.902344
0 0 0 0
1.000000 0.000000 0.000000 0.000000
-1.183243 -4.085005 4.768360
-0.058716 0.297567 -0.952894
255 255 255 255
0.184082 0.887207
0 0 0 0
1.000000 0.000000 0.000000 0.000000
-1.361199 -4.292015 4.720035
-0.059132 0.297484 -0.952894
255 255 255 255
0.178223 0.879883
0 0 0 0
1.000000 0.000000 0.000000 0.000000
-1.037303 -4.399690 4.665274
-0.016936 0.303442 -0.952699
255 255 255 255
0.188721 0.875488
0 0 0 0
1.000000 0.000000 0.000000 0.000000
-1.067038 -4.218842 4.723362
-0.022824 0.303368 -0.952600
255 255 255 255
0.187866 0.882324
0 0 0 0
1.000000 0.000000 0.000000 0.000000
0.802172 -4.197548 4.709877
-0.006009 0.303519 -0.952806
255 255 255 255
0.236328 0.882324
0 0 0 0
1.000000 0.000000 0.000000 0.000000
0.776248 -4.378357 4.652529
-0.008316 0.303513 -0.952791
255 255 255 255
0.235474 0.875488
0 0 0 0
1.000000 0.000000 0.000000 0.000000
0.935259 -4.061173 4.752307
-0.002852 0.303541 -0.952814
255 255 255 255
0.240723 0.887207
0 0 0 0
1.000000 0.000000 0.000000 0.000000
1.112159 -4.258113 4.694831
-0.000120 0.303555 -0.952814
255 255 255 255
0.246460 0.879883
0 0 0 0
1.000000 0.000000 0.000000 0.000000
-4.237638 -3.329476 3.823738
0.547089 -0.064701 -0.834571
255 255 255 255
0.246460 0.879883
0 0 0 0
1.000000 0.000000 0.000000 0.000000
-4.109063 -2.708703 3.851874
0.537971 -0.053681 -0.841253
255 255 255 255
0.249023 0.902344
0 0 0 0
1.000000 0.000000 0.000000 0.000000
-4.357477 -3.116790 3.722677
0.544679 -0.064597 -0.836153
255 255 255 255
0.240723 0.887207
0 0 0 0
1.000000 0.000000 0.000000 0.000000
-4.520636 -3.426599 3.641290
0.539757 -0.065170 -0.839295
255 255 255 255
0.235474 0.875488
0 0 0 0
1.000000 0.000000 0.000000 0.000000
-4.122479 -2.075501 3.813087
0.543209 -0.047029 -0.838279
255 255 255 255
0.246338 0.924805
0 0 0 0
1.000000 0.000000 0.000000 0.000000
-4.281353 -2.267239 3.718461
0.538372 -0.046824 -0.841406
255 255 255 255
0.240723 0.917480
0 0 0 0
1.000000 0.000000 0.000000 0.000000
-4.300238 -2.692858 3.732865
0.537971 -0.053681 -0.841253
255 255 255 255
0.241455 0.902344
0 0 0 0
1.000000 0.000000 0.000000 0.000000
-4.480278 -3.244674 3.653246
0.542266 -0.064494 -0.837728
255 255 255 255
0.236328 0.882324
0 0 0 0
1.000000 0.000000 0.000000 0.000000
-6.001335 -3.297125 2.682001
0.532488 -0.064847 -0.843950
255 255 255 255
0.188721 0.875488
0 0 0 0
1.000000 0.000000 0.000000 0.000000
-6.006419 -3.110462 2.664675
0.527717 -0.063872 -0.847015
255 255 255 255
0.187866 0.882324
0 0 0 0
1.000000 0.000000 0.000000 0.000000
-6.087440 -2.964116 2.602766
0.497884 -0.068669 -0.864520
255 255 255 255
0.184082 0.887207
0 0 0 0
1.000000 0.000000 0.000000 0.000000
-6.262050 -3.154472 2.522713
0.495409 -0.068562 -0.865950
255 255 255 255
0.178223 0.879883
0 0 0 0
1.000000 0.000000 0.000000 0.000000
-6.264774 -2.522277 2.466451
0.503735 -0.052162 -0.862282
255 255 255 255
0.175659 0.902344
0 0 0 0
1.000000 0.000000 0.000000 0.000000
-6.084676 -2.537075 2.577977
0.503735 -0.052162 -0.862282
255 255 255 255
0.182739 0.902344
0 0 0 0
1.000000 0.000000 0.000000 0.000000
-6.011345 -2.114496 2.598561
0.507077 -0.034816 -0.861197
255 255 255 255
0.184082 0.917480
0 0 0 0
1.000000 0.000000 0.000000 0.000000
-6.146861 -1.900379 2.512090
0.506839 -0.040151 -0.861105
255 255 255 255
0.178223 0.924805
0 0 0 0
1.000000 0.000000 0.000000 0.000000
-5.864269 -1.803286 2.669572
0.535280 -0.058879 -0.842620
255 255 255 255
0.188721 0.929199
0 0 0 0
1.000000 0.000000 0.000000 0.000000
-5.904547 -1.984095 2.657587
0.530506 -0.057903 -0.845701
255 255 255 255
0.187866 0.922363
0 0 0 0
1.000000 0.000000 0.000000 0.000000
-4.383629 -1.932868 3.628832
0.537703 -0.058984 -0.841069
255 255 255 255
0.235474 0.929199
0 0 0 0
1.000000 0.000000 0.000000 0.000000
-4.378426 -2.118406 3.646187
0.540123 -0.059090 -0.839509
255 255 255 255
0.236328 0.922363
0 0 0 0
1.000000 0.000000 0.000000 0.000000
6.702938 -2.559535 -14.995417
-0.941748 -0.023331 0.335508
255 255 255 255
0.246460 0.879883
0 0 0 0
1.000000 0.000000 0.000000 0.000000
6.673913 -1.926441 -15.027520
-0.938327 -0.011410 0.345560
255 255 255 255
0.249023 0.902344
0 0 0 0
1.000000 0.000000 0.000000 0.000000
6.757176 -2.368488 -14.821142
-0.941750 -0.021074 0.335653
255 255 255 255
0.240723 0.887207
0 0 0 0
1.000000 0.000000 0.000000 0.000000
6.810169 -2.700085 -14.692853
-0.938295 -0.019107 0.345308
255 255 255 255
0.235474 0.875488
0 0 0 0
1.000000 0.000000 0.000000 0.000000
6.718941 -1.302538 -14.920960
-0.939468 -0.003610 0.342617
255 255 255 255
0.246338 0.924805
0 0 0 0
1.000000 0.000000 0.000000 0.000000
6.771352 -1.517062 -14.772018
-0.938277 -0.001445 0.345882
255 255 255 255
0.240723 0.917480
0 0 0 0
1.000000 0.000000 0.000000 0.000000
6.756297 -1.940608 -14.817826
-0.938327 -0.011410 0.345560
255 255 255 255
0.241455 0.902344
0 0 0 0
1.000000 0.000000 0.000000 0.000000
6.801758 -2.514073 -14.706794
-0.939457 -0.021273 0.342006
255 255 255 255
0.236328 0.882324
0 0 0 0
1.000000 0.000000 0.000000 0.000000
7.426332 -2.804335 -13.037869
-0.935948 -0.021570 0.351477
255 255 255 255
0.188721 0.875488
0 0 0 0
1.000000 0.000000 0.000000 0.000000
7.436975 -2.620752 -13.001086
-0.933562 -0.024042 0.357608
255 255 255 255
0.187866 0.882324
0 0 0 0
1.000000 0.000000 0.000000 0.000000
7.477726 -2.488869 -12.888147
-0.920999 -0.030403 0.388376
255 255 255 255
0.184082 0.887207
0 0 0 0
1.000000 0.000000 0.000000 0.000000
7.551462 -2.703718 -12.741378
-0.920988 -0.032703 0.388215
255 255 255 255
0.178223 0.879883
0 0 0 0
1.000000 0.000000 0.000000 0.000000
7.577455 -2.079914 -12.627235
-0.922409 -0.012680 0.386007
255 255 255 255
0.175659 0.902344
0 0 0 0
1.000000 0.000000 0.000000 0.000000
7.499525 -2.066448 -12.824305
-0.922409 -0.012680 0.386007
255 255 255 255
0.182739 0.902344
0 0 0 0
1.000000 0.000000 0.000000 0.000000
7.491893 -1.637384 -12.838935
-0.923597 0.002756 0.383354
255 255 255 255
0.184082 0.917480
0 0 0 0
1.000000 0.000000 0.000000 0.000000
7.567465 -1.446603 -12.666952
-0.923640 0.000458 0.383262
255 255 255 255
0.178223 0.924805
0 0 0 0
1.000000 0.000000 0.000000 0.000000
7.445652 -1.306911 -12.949306
-0.937184 -0.016044 0.348465
255 255 255 255
0.188721 0.929199
0 0 0 0
1.000000 0.000000 0.000000 0.000000
7.454083 -1.491828 -12.935239
-0.934805 -0.013978 0.354886
255 255 255 255
0.187866 0.922363
0 0 0 0
1.000000 0.000000 0.000000 0.000000
6.829499 -1.202789 -14.604261
-0.938295 -0.019107 0.345308
255 255 255 255
0.235474 0.929199
0 0 0 0
1.000000 0.000000 0.000000 0.000000
6.818867 -1.385227 -14.640985
-0.939515 -0.015836 0.342144
255 255 255 255
0.236328 0.922363
0 0 0 0
1.000000 0.000000 0.000000 0.000000
9.260387 -2.480527 -4.757424
-0.985715 -0.009020 -0.168179
255 255 255 255
0.246460 0.879883
0 0 0 0
1.000000 0.000000 0.000000 0.000000
9.263852 -1.851087 -4.837852
-0.988067 0.006598 -0.153884
255 255 255 255
0.249023 0.902344
0 0 0 0
1.000000 0.000000 0.000000 0.000000
9.226131 -2.278296 -4.590860
-0.986342 -0.004792 -0.164639
255 255 255 255
0.240723 0.887207
0 0 0 0
1.000000 0.000000 0.000000 0.000000
9.202566 -2.600543 -4.433300
-0.987518 -0.003003 -0.157477
255 255 255 255
0.235474 0.875488
0 0 0 0
1.000000 0.000000 0.000000 0.000000
9.263645 -1.221230 -4.760870
-0.987447 0.012597 -0.157446
255 255 255 255
0.246338 0.924805
0 0 0 0
1.000000 0.000000 0.000000 0.000000
9.231857 -1.425358 -4.592677
-0.988013 0.012600 -0.153853
255 255 255 255
0.240723 0.917480
0 0 0 0
1.000000 0.000000 0.000000 0.000000
9.232498 -1.851097 -4.614297
-0.988067 0.006598 -0.153884
255 255 255 255
0.241455 0.902344
0 0 0 0
1.000000 0.000000 0.000000 0.000000
9.205923 -2.415884 -4.460814
-0.986940 -0.003004 -0.161062
255 255 255 255
0.236328 0.882324
0 0 0 0
1.000000 0.000000 0.000000 0.000000
8.925798 -2.593436 -2.686061
-0.988638 -0.003000 -0.150283
255 255 255 255
0.188721 0.875488
0 0 0 0
1.000000 0.000000 0.000000 0.000000
8.920794 -2.407799 -2.659939
-0.989702 -0.004807 -0.143059
255 255 255 255
0.187866 0.882324
0 0 0 0
1.000000 0.000000 0.000000 0.000000
8.903625 -2.268621 -2.549736
-0.993857 -0.010796 -0.110143
255 255 255 255
0.184082 0.887207
0 0 0 0
1.000000 0.000000 0.000000 0.000000
8.891521 -2.472936 -2.373024
-0.994238 -0.012643 -0.106451
255 255 255 255
0.178223 0.879883
0 0 0 0
1.000000 0.000000 0.000000 0.000000
8.871008 -1.842942 -2.298795
-0.993475 0.006666 -0.113858
255 255 255 255
0.175659 0.902344
0 0 0 0
1.000000 0.000000 0.000000 0.000000
8.900022 -1.842794 -2.509132
-0.993475 0.006666 -0.113858
255 255 255 255
0.182739 0.902344
0 0 0 0
1.000000 0.000000 0.000000 0.000000
8.909351 -1.415614 -2.551523
-0.992905 0.018607 -0.117443
255 255 255 255
0.184082 0.917480
0 0 0 0
1.000000 0.000000 0.000000 0.000000
8.894770 -1.213540 -2.376459
-0.992905 0.018607 -0.117443
255 255 255 255
0.178223 0.924805
0 0 0 0
1.000000 0.000000 0.000000 0.000000
8.929945 -1.093287 -2.690138
-0.988642 -0.001198 -0.150283
255 255 255 255
0.188721 0.929199
0 0 0 0
1.000000 0.000000 0.000000 0.000000
8.926608 -1.276840 -2.662605
-0.989180 0.002999 -0.146675
255 255 255 255
0.187866 0.922363
0 0 0 0
1.000000 0.000000 0.000000 0.000000
9.206732 -1.100503 -4.437358
-0.987522 -0.001208 -0.157477
255 255 255 255
0.235474 0.929199
0 0 0 0
1.000000 0.000000 0.000000 0.000000
9.211737 -1.285015 -4.463460
-0.987522 -0.001208 -0.157477
255 255 255 255
0.236328 0.922363
0 0 0 0
1.000000 0.000000 0.000000 0.000000
6.184538 -3.250005 2.559132
-0.583526 -0.040295 -0.811094
255 255 255 255
0.246460 0.879883
0 0 0 0
1.000000 0.000000 0.000000 0.000000
6.254216 -2.625668 2.469581
-0.592961 -0.026929 -0.804781
255 255 255 255
0.249023 0.902344
0 0 0 0
1.000000 0.000000 0.000000 0.000000
6.046683 -3.040468 2.642216
-0.585941 -0.039376 -0.809397
255 255 255 255
0.240723 0.887207
0 0 0 0
1.000000 0.000000 0.000000 0.000000
5.913794 -3.354700 2.755470
-0.592986 -0.039162 -0.804260
255 255 255 255
0.235474 0.875488
0 0 0 0
1.000000 0.000000 0.000000 0.000000
6.210779 -1.992921 2.489246
-0.590541 -0.021746 -0.806715
255 255 255 255
0.246338 0.924805
0 0 0 0
1.000000 0.000000 0.000000 0.000000
6.066596 -2.188903 2.597692
-0.595227 -0.021602 -0.803267
255 255 255 255
0.240723 0.917480
0 0 0 0
1.000000 0.000000 0.000000 0.000000
6.074957 -2.615016 2.606390
-0.592961 -0.026929 -0.804781
255 255 255 255
0.241455 0.902344
0 0 0 0
1.000000 0.000000 0.000000 0.000000
5.938642 -3.171679 2.728015
-0.590641 -0.039233 -0.805980
255 255 255 255
0.236328 0.882324
0 0 0 0
1.000000 0.000000 0.000000 0.000000
4.490294 -3.265169 3.801950
-0.597664 -0.039018 -0.800797
255 255 255 255
0.188721 0.875488
0 0 0 0
1.000000 0.000000 0.000000 0.000000
4.471576 -3.078624 3.806679
-0.604650 -0.038802 -0.795545
255 255 255 255
0.187866 0.882324
0 0 0 0
1.000000 0.000000 0.000000 0.000000
4.384346 -2.934470 3.865221
-0.632209 -0.044062 -0.773544
255 255 255 255
0.184082 0.887207
0 0 0 0
1.000000 0.000000 0.000000 0.000000
4.248188 -3.129693 3.993579
-0.632209 -0.044062 -0.773544
255 255 255 255
0.178223 0.879883
0 0 0 0
1.000000 0.000000 0.000000 0.000000
4.192213 -2.497478 3.996985
-0.627655 -0.025804 -0.778064
255 255 255 255
0.175659 0.902344
0 0 0 0
1.000000 0.000000 0.000000 0.000000
4.360554 -2.507370 3.867906
-0.627655 -0.025804 -0.778064
255 255 255 255
0.182739 0.902344
0 0 0 0
1.000000 0.000000 0.000000 0.000000
4.404248 -2.082836 3.820698
-0.622952 -0.014600 -0.782124
255 255 255 255
0.184082 0.917480
0 0 0 0
1.000000 0.000000 0.000000 0.000000
4.274419 -1.872500 3.923605
-0.625241 -0.014526 -0.780297
255 255 255 255
0.178223 0.924805
0 0 0 0
1.000000 0.000000 0.000000 0.000000
4.521717 -1.767637 3.718876
-0.597662 -0.032900 -0.801073
255 255 255 255
0.188721 0.929199
0 0 0 0
1.000000 0.000000 0.000000 0.000000
4.496869 -1.949552 3.746232
-0.602276 -0.033632 -0.797579
255 255 255 255
0.187866 0.922363
0 0 0 0
1.000000 0.000000 0.000000 0.000000
5.945197 -1.857287 2.672425
-0.592984 -0.033046 -0.804536
255 255 255 255
0.235474 0.929199
0 0 0 0
1.000000 0.000000 0.000000 0.000000
5.963944 -2.042686 2.667597
-0.592936 -0.033909 -0.804536
255 255 255 255
0.236328 0.922363
0 0 0 0
1.000000 0.000000 0.000000 0.000000
0.789032 -4.242476 5.078040
0.033028 -0.561040 0.827130
255 255 255 255
0.225952 0.979980
0 0 0 0
1.000000 0.000000 0.000000 0.000000
0.939682 -4.157180 5.100993
0.252489 -0.469342 0.846148
255 255 255 255
0.230103 0.978027
0 0 0 0
1.000000 0.000000 0.000000 0.000000
0.790947 -4.487898 4.910608
0.056101 -0.954578 0.292631
255 255 255 255
0.225952 0.990234
0 0 0 0
1.000000 0.000000 0.000000 0.000000
-1.028566 -4.263681 5.090578
-0.011314 -0.563895 0.825769
255 255 255 255
0.180298 0.979980
0 0 0 0
1.000000 0.000000 0.000000 0.000000
0.961025 -3.781484 5.298990
0.295689 -0.293344 0.909130
255 255 255 255
0.231079 0.964844
0 0 0 0
1.000000 0.000000 0.000000 0.000000
1.214918 -3.748857 5.214849
0.904871 -0.123487 0.407380
255 255 255 255
0.239502 0.964844
0 0 0 0
1.000000 0.000000 0.000000 0.000000
1.138744 -4.355572 4.940896
0.843718 -0.513444 0.156570
255 255 255 255
0.235840 0.986328
0 0 0 0
1.000000 0.000000 0.000000 0.000000
-1.030125 -4.508965 4.920737
-0.032636 -0.959207 0.280813
255 255 255 255
0.180298 0.990234
0 0 0 0
1.000000 0.000000 0.000000 0.000000
0.776248 -4.378357 4.652529
0.062065 -0.916476 -0.395247
255 255 255 255
0.228271 0.999023
0 0 0 0
1.000000 0.000000 0.000000 0.000000
1.112159 -4.258113 4.694831
0.892720 -0.382015 -0.238991
255 255 255 255
0.241943 0.990723
0 0 0 0
1.000000 0.000000 0.000000 0.000000
-1.173154 -4.183904 5.118990
-0.222140 -0.477067 0.850330
255 255 255 255
0.176636 0.978027
0 0 0 0
1.000000 0.000000 0.000000 0.000000
-1.372621 -4.389276 4.961815
-0.823572 -0.532721 0.194776
255 255 255 255
0.170654 0.986328
0 0 0 0
1.000000 0.000000 0.000000 0.000000
-1.361199 -4.292015 4.720035
-0.892383 -0.407436 -0.194033
255 255 255 255
0.164551 0.990234
0 0 0 0
1.000000 0.000000 0.000000 0.000000
-1.037303 -4.399690 4.665274
-0.049836 -0.917515 -0.394567
255 255 255 255
0.177734 0.999023
0 0 0 0
1.000000 0.000000 0.000000 0.000000
-1.459832 -3.783943 5.237387
-0.883418 -0.152315 0.443140
255 255 255 255
0.167480 0.964844
0 0 0 0
1.000000 0.000000 0.000000 0.000000
-1.200668 -3.808781 5.317362
-0.272005 -0.299376 0.914542
255 255 255 255
0.176025 0.964844
0 0 0 0
1.000000 0.000000 0.000000 0.000000
-1.448193 -3.676237 4.911595
-0.999297 0.000074 -0.037485
255 255 255 255
0.158081 0.964844
0 0 0 0
1.000000 0.000000 0.000000 0.000000
-1.385751 -3.130384 5.373653
-0.829906 0.300576 0.470010
255 255 255 255
0.170654 0.943848
0 0 0 0
1.000000 0.000000 0.000000 0.000000
-1.181476 -3.387337 5.378767
-0.224679 -0.122098 0.966753
255 255 255 255
0.176636 0.952148
0 0 0 0
1.000000 0.000000 0.000000 0.000000
-1.374003 -3.064842 5.121468
-0.901113 0.427166 0.074325
255 255 255 255
0.164429 0.939453
0 0 0 0
1.000000 0.000000 0.000000 0.000000
-1.045862 -3.001621 5.414158
-0.044992 0.601619 0.797515
255 255 255 255
0.180298 0.939941
0 0 0 0
1.000000 0.000000 0.000000 0.000000
-1.038586 -3.303078 5.404424
-0.014530 -0.037585 0.999188
255 255 255 255
0.180298 0.949707
0 0 0 0
1.000000 0.000000 0.000000 0.000000
0.775231 -2.981610 5.403704
0.043438 0.592784 0.804189
255 255 255 255
0.225952 0.939941
0 0 0 0
1.000000 0.000000 0.000000 0.000000
0.760995 -2.916809 5.130975
0.044440 0.973064 0.226210
255 255 255 255
0.228149 0.930664
0 0 0 0
1.000000 0.000000 0.000000 0.000000
-1.052555 -2.938014 5.143710
-0.065042 0.971231 0.229084
255 255 255 255
0.177612 0.930664
0 0 0 0
1.000000 0.000000 0.000000 0.000000
0.779002 -3.281823 5.391916
0.026000 -0.037496 0.998958
255 255 255 255
0.225952 0.949707
0 0 0 0
1.000000 0.000000 0.000000 0.000000
1.099364 -3.031050 5.096225
0.883862 0.465859 0.041989
255 255 255 255
0.241943 0.938965
0 0 0 0
1.000000 0.000000 0.000000 0.000000
1.125644 -3.098210 5.352221
0.835611 0.335485 0.434976
255 255 255 255
0.235840 0.943848
0 0 0 0
1.000000 0.000000 0.000000 0.000000
0.931369 -3.360563 5.360849
0.244631 -0.117424 0.962480
255 255 255 255
0.230103 0.952148
0 0 0 0
1.000000 0.000000 0.000000 0.000000
1.185647 -3.640203 4.884782
0.994872 0.040402 -0.092725
255 255 255 255
0.249023 0.964844
0 0 0 0
1.000000 0.000000 0.000000 0.000000
-9.367435 -2.269993 -4.397079
-0.930089 -0.351596 0.106370
255 255 255 255
0.225952 0.979980
0 0 0 0
1.000000 0.000000 0.000000 0.000000
-9.269019 -2.541498 -4.420802
-0.515278 -0.857009 0.004822
255 255 255 255
0.225952 0.990234
0 0 0 0
1.000000 0.000000 0.000000 0.000000
-9.392501 -2.180759 -4.539989
-0.963724 -0.245171 -0.105486
255 255 255 255
0.230103 0.978027
0 0 0 0
1.000000 0.000000 0.000000 0.000000
-9.099138 -2.324646 -2.645407
-0.923327 -0.353987 0.148865
255 255 255 255
0.180298 0.979980
0 0 0 0
1.000000 0.000000 0.000000 0.000000
-8.997850 -2.596674 -2.666178
-0.491670 -0.866102 0.090156
255 255 255 255
0.180298 0.990234
0 0 0 0
1.000000 0.000000 0.000000 0.000000
-9.000051 -2.498613 -4.449185
0.142475 -0.984022 -0.106777
255 255 255 255
0.228271 0.999023
0 0 0 0
1.000000 0.000000 0.000000 0.000000
-9.063993 -2.367935 -4.767997
-0.009271 -0.407711 -0.913064
255 255 255 255
0.241943 0.990723
0 0 0 0
1.000000 0.000000 0.000000 0.000000
-9.320760 -2.401964 -4.753189
-0.408937 -0.437065 -0.801090
255 255 255 255
0.235840 0.986328
0 0 0 0
1.000000 0.000000 0.000000 0.000000
-9.446116 -1.761902 -4.794326
-0.564449 0.001337 -0.825467
255 255 255 255
0.239502 0.964844
0 0 0 0
1.000000 0.000000 0.000000 0.000000
-9.492516 -1.778299 -4.536159
-0.988538 -0.057946 -0.139405
255 255 255 255
0.231079 0.964844
0 0 0 0
1.000000 0.000000 0.000000 0.000000
-9.107885 -1.737024 -4.819944
-0.069052 0.039162 -0.996844
255 255 255 255
0.249023 0.964844
0 0 0 0
1.000000 0.000000 0.000000 0.000000
-9.407743 -1.115667 -4.698467
-0.467513 0.451389 -0.760052
255 255 255 255
0.235840 0.943848
0 0 0 0
1.000000 0.000000 0.000000 0.000000
-9.446886 -1.365986 -4.505426
-0.988272 0.126781 -0.085118
255 255 255 255
0.230103 0.952148
0 0 0 0
1.000000 0.000000 0.000000 0.000000
-9.148885 -1.112636 -4.714608
-0.068807 0.486235 -0.871115
255 255 255 255
0.241943 0.938965
0 0 0 0
1.000000 0.000000 0.000000 0.000000
-9.373516 -1.000469 -4.355202
-0.637669 0.766734 0.074141
255 255 255 255
0.225952 0.939941
0 0 0 0
1.000000 0.000000 0.000000 0.000000
-9.433510 -1.287325 -4.355310
-0.970561 0.201654 0.131711
255 255 255 255
0.225952 0.949707
0 0 0 0
1.000000 0.000000 0.000000 0.000000
-9.101439 -1.003351 -4.385519
0.013811 0.999707 -0.019893
255 255 255 255
0.228149 0.930664
0 0 0 0
1.000000 0.000000 0.000000 0.000000
-9.165214 -1.342026 -2.603648
-0.964736 0.198993 0.172294
255 255 255 255
0.180298 0.949707
0 0 0 0
1.000000 0.000000 0.000000 0.000000
-9.102416 -1.054558 -2.600518
-0.613387 0.772940 0.162234
255 255 255 255
0.180298 0.939941
0 0 0 0
1.000000 0.000000 0.000000 0.000000
-8.833942 -1.057885 -2.637717
0.018287 0.995880 0.088818
255 255 255 255
0.177612 0.930664
0 0 0 0
1.000000 0.000000 0.000000 0.000000
-8.792519 -1.189788 -2.329527
0.171268 0.410804 0.895493
255 255 255 255
0.164429 0.939453
0 0 0 0
1.000000 0.000000 0.000000 0.000000
-9.138627 -1.430748 -2.468626
-0.920200 0.105718 0.376902
255 255 255 255
0.176636 0.952148
0 0 0 0
1.000000 0.000000 0.000000 0.000000
-9.041475 -1.192956 -2.277461
-0.247969 0.383037 0.889828
255 255 255 255
0.170654 0.943848
0 0 0 0
1.000000 0.000000 0.000000 0.000000
-8.728369 -1.819229 -2.280176
0.200660 -0.029615 0.979213
255 255 255 255
0.158081 0.964844
0 0 0 0
1.000000 0.000000 0.000000 0.000000
-9.056007 -1.845055 -2.215829
-0.323851 -0.063641 0.943965
255 255 255 255
0.167480 0.964844
0 0 0 0
1.000000 0.000000 0.000000 0.000000
-9.177129 -1.844463 -2.452268
-0.905077 -0.081040 0.417455
255 255 255 255
0.176025 0.964844
0 0 0 0
1.000000 0.000000 0.000000 0.000000
-9.084242 -2.245471 -2.503218
-0.893501 -0.264563 0.362852
255 255 255 255
0.176636 0.978027
0 0 0 0
1.000000 0.000000 0.000000 0.000000
-8.954392 -2.480824 -2.332222
-0.182413 -0.492199 0.851156
255 255 255 255
0.170654 0.986328
0 0 0 0
1.000000 0.000000 0.000000 0.000000
-8.707638 -2.445195 -2.382975
0.233865 -0.460752 0.856163
255 255 255 255
0.164551 0.990234
0 0 0 0
1.000000 0.000000 0.000000 0.000000
-8.732554 -2.553266 -2.701363
0.158767 -0.987314 0.001960
255 255 255 255
0.177734 0.999023
0 0 0 0
1.000000 0.000000 0.000000 0.000000
-6.001335 -3.297125 2.682001
-0.094050 -0.990343 -0.101860
255 255 255 255
0.177734 0.999023
0 0 0 0
1.000000 0.000000 0.000000 0.000000
-6.262050 -3.154472 2.522713
-0.753339 -0.377481 -0.538507
255 255 255 255
0.164551 0.990234
0 0 0 0
1.000000 0.000000 0.000000 0.000000
-6.145834 -3.305891 2.911233
-0.418746 -0.784566 0.457282
255 255 255 255
0.180298 0.990234
0 0 0 0
1.000000 0.000000 0.000000 0.000000
-4.520636 -3.426599 3.641290
0.002050 -0.999042 -0.043707
255 255 255 255
0.228271 0.999023
0 0 0 0
1.000000 0.000000 0.000000 0.000000
-6.264774 -2.522277 2.466451
-0.808277 0.067865 -0.584879
255 255 255 255
0.158081 0.964844
0 0 0 0
1.000000 0.000000 0.000000 0.000000
-6.411949 -3.155755 2.728271
-0.919055 -0.361329 -0.157413
255 255 255 255
0.170654 0.986328
0 0 0 0
1.000000 0.000000 0.000000 0.000000
-4.660376 -3.435277 3.876594
-0.347385 -0.785324 0.512436
255 255 255 255
0.225952 0.990234
0 0 0 0
1.000000 0.000000 0.000000 0.000000
-6.162301 -3.023744 2.980585
-0.561287 -0.221357 0.797469
255 255 255 255
0.180298 0.979980
0 0 0 0
1.000000 0.000000 0.000000 0.000000
-6.272326 -2.929978 2.904392
-0.727888 -0.113401 0.676254
255 255 255 255
0.176636 0.978027
0 0 0 0
1.000000 0.000000 0.000000 0.000000
-4.237638 -3.329476 3.823738
0.754675 -0.514811 0.406738
255 255 255 255
0.241943 0.990723
0 0 0 0
1.000000 0.000000 0.000000 0.000000
-4.678412 -3.153603 3.942175
-0.526628 -0.222971 0.820334
255 255 255 255
0.225952 0.979980
0 0 0 0
1.000000 0.000000 0.000000 0.000000
-4.545316 -3.080243 4.019059
-0.328773 -0.148653 0.932636
255 255 255 255
0.230103 0.978027
0 0 0 0
1.000000 0.000000 0.000000 0.000000
-4.358850 -3.332457 4.053040
0.491031 -0.486930 0.722349
255 255 255 255
0.235840 0.986328
0 0 0 0
1.000000 0.000000 0.000000 0.000000
-4.109063 -2.708703 3.851874
0.878271 -0.078408 0.471692
255 255 255 255
0.249023 0.964844
0 0 0 0
1.000000 0.000000 0.000000 0.000000
-4.271125 -2.692207 4.150430
0.519114 -0.039307 0.853800
255 255 255 255
0.239502 0.964844
0 0 0 0
1.000000 0.000000 0.000000 0.000000
-4.525433 -2.671673 4.087365
-0.276597 0.033323 0.960408
255 255 255 255
0.231079 0.964844
0 0 0 0
1.000000 0.000000 0.000000 0.000000
-4.470159 -2.266420 4.011557
-0.298235 0.222349 0.928233
255 255 255 255
0.230103 0.952148
0 0 0 0
1.000000 0.000000 0.000000 0.000000
-4.240818 -2.047514 4.042180
0.571615 0.401098 0.715805
255 255 255 255
0.235840 0.943848
0 0 0 0
1.000000 0.000000 0.000000 0.000000
-4.122479 -2.075501 3.813087
0.836886 0.375416 0.398352
255 255 255 255
0.241943 0.938965
0 0 0 0
1.000000 0.000000 0.000000 0.000000
-4.519145 -1.895838 3.863839
-0.200674 0.839008 0.505762
255 255 255 255
0.225952 0.939941
0 0 0 0
1.000000 0.000000 0.000000 0.000000
-4.588082 -2.172022 3.933527
-0.476730 0.327354 0.815824
255 255 255 255
0.225952 0.949707
0 0 0 0
1.000000 0.000000 0.000000 0.000000
-4.383629 -1.932868 3.628832
0.183535 0.981744 -0.049934
255 255 255 255
0.228149 0.930664
0 0 0 0
1.000000 0.000000 0.000000 0.000000
-6.071921 -2.042212 2.971927
-0.510325 0.331930 0.793342
255 255 255 255
0.180298 0.949707
0 0 0 0
1.000000 0.000000 0.000000 0.000000
-6.004513 -1.765377 2.898439
-0.267951 0.854027 0.445915
255 255 255 255
0.180298 0.939941
0 0 0 0
1.000000 0.000000 0.000000 0.000000
-5.864269 -1.803286 2.669572
0.087092 0.990395 -0.107387
255 255 255 255
0.177612 0.930664
0 0 0 0
1.000000 0.000000 0.000000 0.000000
-6.146861 -1.900379 2.512090
-0.675966 0.494194 -0.546665
255 255 255 255
0.164429 0.939453
0 0 0 0
1.000000 0.000000 0.000000 0.000000
-6.197229 -2.116204 2.896888
-0.692327 0.258716 0.673609
255 255 255 255
0.176636 0.952148
0 0 0 0
1.000000 0.000000 0.000000 0.000000
-6.293799 -1.869252 2.717382
-0.842880 0.513304 -0.161471
255 255 255 255
0.170654 0.943848
0 0 0 0
1.000000 0.000000 0.000000 0.000000
-6.457726 -2.503184 2.739536
-0.991918 0.089309 -0.090121
255 255 255 255
0.167480 0.964844
0 0 0 0
1.000000 0.000000 0.000000 0.000000
-6.292387 -2.517884 2.946921
-0.752948 0.074785 0.653817
255 255 255 255
0.176025 0.964844
0 0 0 0
1.000000 0.000000 0.000000 0.000000
7.140670 -2.441927 -14.811547
0.887290 -0.268630 -0.374905
255 255 255 255
0.225952 0.979980
0 0 0 0
1.000000 0.000000 0.000000 0.000000
7.087410 -2.348694 -14.943735
0.803824 -0.164122 -0.571779
255 255 255 255
0.230103 0.978027
0 0 0 0
1.000000 0.000000 0.000000 0.000000
7.061456 -2.720412 -14.799769
0.510606 -0.808961 -0.291315
255 255 255 255
0.225952 0.990234
0 0 0 0
1.000000 0.000000 0.000000 0.000000
7.758008 -2.546296 -13.152782
0.901092 -0.272155 -0.337586
255 255 255 255
0.180298 0.979980
0 0 0 0
1.000000 0.000000 0.000000 0.000000
7.149625 -1.939295 -14.966550
0.796350 0.024271 -0.604349
255 255 255 255
0.231079 0.964844
0 0 0 0
1.000000 0.000000 0.000000 0.000000
6.983090 -1.922897 -15.169196
0.086109 0.055950 -0.994713
255 255 255 255
0.239502 0.964844
0 0 0 0
1.000000 0.000000 0.000000 0.000000
6.936425 -2.571855 -15.107831
-0.008594 -0.392157 -0.919858
255 255 255 255
0.235840 0.986328
0 0 0 0
1.000000 0.000000 0.000000 0.000000
7.677747 -2.825590 -13.137115
0.530896 -0.821640 -0.207503
255 255 255 255
0.180298 0.990234
0 0 0 0
1.000000 0.000000 0.000000 0.000000
6.810169 -2.700085 -14.692853
-0.117894 -0.989798 -0.080007
255 255 255 255
0.228271 0.999023
0 0 0 0
1.000000 0.000000 0.000000 0.000000
6.702938 -2.559535 -14.995417
-0.412232 -0.393666 -0.821639
255 255 255 255
0.241943 0.990723
0 0 0 0
1.000000 0.000000 0.000000 0.000000
7.808524 -2.470882 -13.016891
0.972561 -0.191972 -0.131425
255 255 255 255
0.176636 0.978027
0 0 0 0
1.000000 0.000000 0.000000 0.000000
7.793705 -2.719039 -12.817671
0.604651 -0.484680 0.632046
255 255 255 255
0.170654 0.986328
0 0 0 0
1.000000 0.000000 0.000000 0.000000
7.551462 -2.703718 -12.741378
0.241406 -0.489720 0.837793
255 255 255 255
0.164551 0.990234
0 0 0 0
1.000000 0.000000 0.000000 0.000000
7.426332 -2.804335 -13.037869
-0.068367 -0.997399 0.022817
255 255 255 255
0.177734 0.999023
0 0 0 0
1.000000 0.000000 0.000000 0.000000
7.896198 -2.078818 -12.730005
0.741554 -0.048410 0.669144
255 255 255 255
0.167480 0.964844
0 0 0 0
1.000000 0.000000 0.000000 0.000000
7.887412 -2.064286 -12.995112
0.997044 -0.009563 -0.076240
255 255 255 255
0.176025 0.964844
0 0 0 0
1.000000 0.000000 0.000000 0.000000
7.577455 -2.079914 -12.627235
0.298876 -0.059989 0.952405
255 255 255 255
0.158081 0.964844
0 0 0 0
1.000000 0.000000 0.000000 0.000000
7.810122 -1.429435 -12.741329
0.618183 0.392155 0.681222
255 255 255 255
0.170654 0.943848
0 0 0 0
1.000000 0.000000 0.000000 0.000000
7.818238 -1.655124 -12.968300
0.977120 0.181324 -0.111169
255 255 255 255
0.176636 0.952148
0 0 0 0
1.000000 0.000000 0.000000 0.000000
7.567465 -1.446603 -12.666952
0.252284 0.383271 0.888513
255 255 255 255
0.164429 0.939453
0 0 0 0
1.000000 0.000000 0.000000 0.000000
7.697679 -1.281372 -13.045727
0.559941 0.820527 -0.114893
255 255 255 255
0.180298 0.939941
0 0 0 0
1.000000 0.000000 0.000000 0.000000
7.770170 -1.562385 -13.094387
0.909215 0.281619 -0.306625
255 255 255 255
0.180298 0.949707
0 0 0 0
1.000000 0.000000 0.000000 0.000000
7.081378 -1.177270 -14.708491
0.538494 0.818459 -0.200371
255 255 255 255
0.225952 0.939941
0 0 0 0
1.000000 0.000000 0.000000 0.000000
6.829499 -1.202789 -14.604261
-0.090691 0.995194 0.036944
255 255 255 255
0.228149 0.930664
0 0 0 0
1.000000 0.000000 0.000000 0.000000
7.445652 -1.306911 -12.949306
-0.047918 0.989059 0.139523
255 255 255 255
0.177612 0.930664
0 0 0 0
1.000000 0.000000 0.000000 0.000000
7.152843 -1.457965 -14.753094
0.897310 0.280836 -0.340539
255 255 255 255
0.225952 0.949707
0 0 0 0
1.000000 0.000000 0.000000 0.000000
6.718941 -1.302538 -14.920960
-0.397893 0.498260 -0.770337
255 255 255 255
0.241943 0.938965
0 0 0 0
1.000000 0.000000 0.000000 0.000000
6.952813 -1.283820 -15.031549
0.007162 0.494721 -0.869022
255 255 255 255
0.235840 0.943848
0 0 0 0
1.000000 0.000000 0.000000 0.000000
7.097115 -1.532877 -14.895164
0.812593 0.206659 -0.544964
255 255 255 255
0.230103 0.952148
0 0 0 0
1.000000 0.000000 0.000000 0.000000
6.673913 -1.926441 -15.027520
-0.429098 0.057656 -0.901416
255 255 255 255
0.249023 0.964844
0 0 0 0
1.000000 0.000000 0.000000 0.000000
-7.221488 -2.463597 -14.905510
-0.891601 -0.304493 -0.335160
255 255 255 255
0.225952 0.979980
0 0 0 0
1.000000 0.000000 0.000000 0.000000
-7.133972 -2.738971 -14.883723
-0.496134 -0.833400 -0.243506
255 255 255 255
0.225952 0.990234
0 0 0 0
1.000000 0.000000 0.000000 0.000000
-7.174201 -2.374836 -15.043030
-0.815037 -0.208600 -0.540555
255 255 255 255
0.230103 0.978027
0 0 0 0
1.000000 0.000000 0.000000 0.000000
-7.794746 -2.511802 -13.228492
-0.904808 -0.306442 -0.295662
255 255 255 255
0.180298 0.979980
0 0 0 0
1.000000 0.000000 0.000000 0.000000
-7.706064 -2.787780 -13.202755
-0.518660 -0.840979 -0.154098
255 255 255 255
0.180298 0.990234
0 0 0 0
1.000000 0.000000 0.000000 0.000000
-6.880839 -2.706946 -14.784269
0.140137 -0.989496 -0.035493
255 255 255 255
0.228271 0.999023
0 0 0 0
1.000000 0.000000 0.000000 0.000000
-6.785167 -2.576959 -15.095324
0.396413 -0.415706 -0.818563
255 255 255 255
0.241943 0.990723
0 0 0 0
1.000000 0.000000 0.000000 0.000000
-7.020876 -2.600731 -15.201063
-0.009555 -0.427306 -0.904057
255 255 255 255
0.235840 0.986328
0 0 0 0
1.000000 0.000000 0.000000 0.000000
-7.087829 -1.956680 -15.289311
-0.117662 0.016979 -0.992908
255 255 255 255
0.239502 0.964844
0 0 0 0
1.000000 0.000000 0.000000 0.000000
-7.248805 -1.968744 -15.081916
-0.812531 -0.022041 -0.582501
255 255 255 255
0.231079 0.964844
0 0 0 0
1.000000 0.000000 0.000000 0.000000
-6.775305 -1.945337 -15.155652
0.398676 0.031989 -0.916534
255 255 255 255
0.249023 0.964844
0 0 0 0
1.000000 0.000000 0.000000 0.000000
-7.072724 -1.311541 -15.180421
-0.044777 0.462260 -0.885613
255 255 255 255
0.235840 0.943848
0 0 0 0
1.000000 0.000000 0.000000 0.000000
-7.206364 -1.558268 -15.029674
-0.831316 0.165155 -0.530695
255 255 255 255
0.230103 0.952148
0 0 0 0
1.000000 0.000000 0.000000 0.000000
-6.835772 -1.318827 -15.075164
0.359762 0.479420 -0.800454
255 255 255 255
0.241943 0.938965
0 0 0 0
1.000000 0.000000 0.000000 0.000000
-7.196373 -1.194467 -14.859061
-0.562894 0.798057 -0.215070
255 255 255 255
0.225952 0.939941
0 0 0 0
1.000000 0.000000 0.000000 0.000000
-7.260740 -1.478738 -14.889586
-0.912973 0.245271 -0.326070
255 255 255 255
0.225952 0.949707
0 0 0 0
1.000000 0.000000 0.000000 0.000000
-6.941385 -1.208318 -14.760339
0.058416 0.998227 -0.011399
255 255 255 255
0.228149 0.930664
0 0 0 0
1.000000 0.000000 0.000000 0.000000
-7.833998 -1.526993 -13.212548
-0.925914 0.245803 -0.286818
255 255 255 255
0.180298 0.949707
0 0 0 0
1.000000 0.000000 0.000000 0.000000
-7.768506 -1.242189 -13.178035
-0.585932 0.800006 -0.129126
255 255 255 255
0.180298 0.939941
0 0 0 0
1.000000 0.000000 0.000000 0.000000
-7.513556 -1.256415 -13.087112
0.020156 0.995235 0.095400
255 255 255 255
0.177612 0.930664
0 0 0 0
1.000000 0.000000 0.000000 0.000000
-7.624322 -1.386846 -12.795921
-0.247158 0.412680 0.876703
255 255 255 255
0.164429 0.939453
0 0 0 0
1.000000 0.000000 0.000000 0.000000
-7.876261 -1.615379 -13.081396
-0.985172 0.149664 -0.083878
255 255 255 255
0.176636 0.952148
0 0 0 0
1.000000 0.000000 0.000000 0.000000
-7.869123 -1.379748 -12.864711
-0.614180 0.401115 0.679625
255 255 255 255
0.170654 0.943848
0 0 0 0
1.000000 0.000000 0.000000 0.000000
-7.614984 -2.017818 -12.728495
-0.274604 -0.029034 0.961119
255 255 255 255
0.158081 0.964844
0 0 0 0
1.000000 0.000000 0.000000 0.000000
-7.936037 -2.030149 -12.822982
-0.724460 -0.043404 0.687949
255 255 255 255
0.167480 0.964844
0 0 0 0
1.000000 0.000000 0.000000 0.000000
-7.934181 -2.027088 -13.088613
-0.998456 -0.035812 -0.042452
255 255 255 255
0.176025 0.964844
0 0 0 0
1.000000 0.000000 0.000000 0.000000
-7.844097 -2.431897 -13.094753
-0.970586 -0.223392 -0.089769
255 255 255 255
0.176636 0.978027
0 0 0 0
1.000000 0.000000 0.000000 0.000000
-7.817215 -2.670498 -12.885374
-0.574748 -0.477841 0.664328
255 255 255 255
0.170654 0.986328
0 0 0 0
1.000000 0.000000 0.000000 0.000000
-7.573728 -2.645077 -12.816111
-0.207688 -0.462318 0.862049
255 255 255 255
0.164551 0.990234
0 0 0 0
1.000000 0.000000 0.000000 0.000000
-7.453021 -2.755162 -13.111032
0.101719 -0.992357 0.069860
255 255 255 255
0.177734 0.999023
0 0 0 0
1.000000 0.000000 0.000000 0.000000
8.925798 -2.593436 -2.686061
-0.100564 -0.993906 0.045150
255 255 255 255
0.177734 0.999023
0 0 0 0
1.000000 0.000000 0.000000 0.000000
8.891521 -2.472936 -2.373024
-0.211957 -0.431802 0.876710
255 255 255 255
0.164551 0.990234
0 0 0 0
1.000000 0.000000 0.000000 0.000000
9.193069 -2.617909 -2.647688
0.546659 -0.826146 0.136549
255 255 255 255
0.180298 0.990234
0 0 0 0
1.000000 0.000000 0.000000 0.000000
9.202566 -2.600543 -4.433300
-0.076361 -0.994793 -0.067500
255 255 255 255
0.228271 0.999023
0 0 0 0
1.000000 0.000000 0.000000 0.000000
8.871008 -1.842942 -2.298795
-0.210304 0.005002 0.977623
255 255 255 255
0.158081 0.964844
0 0 0 0
1.000000 0.000000 0.000000 0.000000
9.139670 -2.490163 -2.319556
0.206267 -0.435673 0.876152
255 255 255 255
0.170654 0.986328
0 0 0 0
1.000000 0.000000 0.000000 0.000000
9.473528 -2.624572 -4.401719
0.569143 -0.820724 0.049878
255 255 255 255
0.225952 0.990234
0 0 0 0
1.000000 0.000000 0.000000 0.000000
9.276420 -2.339227 -2.638803
0.943130 -0.283255 0.173991
255 255 255 255
0.180298 0.979980
0 0 0 0
1.000000 0.000000 0.000000 0.000000
9.255352 -2.254849 -2.500454
0.904210 -0.188171 0.383400
255 255 255 255
0.176636 0.978027
0 0 0 0
1.000000 0.000000 0.000000 0.000000
9.260387 -2.480527 -4.757424
0.037026 -0.449040 -0.892744
255 255 255 255
0.241943 0.990723
0 0 0 0
1.000000 0.000000 0.000000 0.000000
9.554026 -2.346463 -4.389922
0.950431 -0.282071 0.130832
255 255 255 255
0.225952 0.979980
0 0 0 0
1.000000 0.000000 0.000000 0.000000
9.574362 -2.262342 -4.536613
0.977286 -0.189372 -0.095135
255 255 255 255
0.230103 0.978027
0 0 0 0
1.000000 0.000000 0.000000 0.000000
9.518693 -2.497132 -4.739881
0.436579 -0.449053 -0.779583
255 255 255 255
0.235840 0.986328
0 0 0 0
1.000000 0.000000 0.000000 0.000000
9.263852 -1.851087 -4.837852
0.069144 -0.004193 -0.997598
255 255 255 255
0.249023 0.964844
0 0 0 0
1.000000 0.000000 0.000000 0.000000
9.602775 -1.852795 -4.809500
0.568074 -0.004371 -0.822966
255 255 255 255
0.239502 0.964844
0 0 0 0
1.000000 0.000000 0.000000 0.000000
9.648167 -1.854473 -4.550641
0.990711 -0.004300 -0.135913
255 255 255 255
0.231079 0.964844
0 0 0 0
1.000000 0.000000 0.000000 0.000000
9.575774 -1.445033 -4.538982
0.979374 0.181586 -0.088623
255 255 255 255
0.230103 0.952148
0 0 0 0
1.000000 0.000000 0.000000 0.000000
9.522030 -1.206748 -4.743386
0.441097 0.438747 -0.782901
255 255 255 255
0.235840 0.943848
0 0 0 0
1.000000 0.000000 0.000000 0.000000
9.263645 -1.221230 -4.760870
0.039942 0.441602 -0.896322
255 255 255 255
0.241943 0.938965
0 0 0 0
1.000000 0.000000 0.000000 0.000000
9.477812 -1.078617 -4.405875
0.582112 0.812029 0.041890
255 255 255 255
0.225952 0.939941
0 0 0 0
1.000000 0.000000 0.000000 0.000000
9.556198 -1.360695 -4.392647
0.953505 0.271499 0.130832
255 255 255 255
0.225952 0.949707
0 0 0 0
1.000000 0.000000 0.000000 0.000000
9.206732 -1.100503 -4.437358
-0.073355 0.994335 -0.076927
255 255 255 255
0.228149 0.930664
0 0 0 0
1.000000 0.000000 0.000000 0.000000
9.278602 -1.353518 -2.641577
0.946797 0.272971 0.170475
255 255 255 255
0.180298 0.949707
0 0 0 0
1.000000 0.000000 0.000000 0.000000
9.197353 -1.070877 -2.651854
0.560196 0.818204 0.129318
255 255 255 255
0.180298 0.939941
0 0 0 0
1.000000 0.000000 0.000000 0.000000
8.929945 -1.093287 -2.690138
-0.086927 0.995197 0.045025
255 255 255 255
0.177612 0.930664
0 0 0 0
1.000000 0.000000 0.000000 0.000000
8.894770 -1.213540 -2.376459
-0.205778 0.441574 0.873309
255 255 255 255
0.164429 0.939453
0 0 0 0
1.000000 0.000000 0.000000 0.000000
9.256764 -1.437589 -2.502784
0.906389 0.184507 0.380021
255 255 255 255
0.176636 0.952148
0 0 0 0
1.000000 0.000000 0.000000 0.000000
9.143007 -1.198209 -2.323090
0.212230 0.440634 0.872239
255 255 255 255
0.170654 0.943848
0 0 0 0
1.000000 0.000000 0.000000 0.000000
9.199131 -1.844542 -2.231773
0.315255 0.002768 0.949003
255 255 255 255
0.167480 0.964844
0 0 0 0
1.000000 0.000000 0.000000 0.000000
9.321773 -1.846773 -2.467431
0.903281 -0.003268 0.429036
255 255 255 255
0.176025 0.964844
0 0 0 0
1.000000 0.000000 0.000000 0.000000
4.490294 -3.265169 3.801950
-0.122229 -0.992265 0.021671
255 255 255 255
0.177734 0.999023
0 0 0 0
1.000000 0.000000 0.000000 0.000000
4.248188 -3.129693 3.993579
-0.773372 -0.392131 0.498126
255 255 255 255
0.164551 0.990234
0 0 0 0
1.000000 0.000000 0.000000 0.000000
4.653214 -3.280470 4.018122
0.280091 -0.802456 0.526891
255 255 255 255
0.180298 0.990234
0 0 0 0
1.000000 0.000000 0.000000 0.000000
5.913794 -3.354700 2.755470
-0.031935 -0.998220 -0.050369
255 255 255 255
0.228271 0.999023
0 0 0 0
1.000000 0.000000 0.000000 0.000000
4.192213 -2.497478 3.996985
-0.835417 0.050970 0.547248
255 255 255 255
0.158081 0.964844
0 0 0 0
1.000000 0.000000 0.000000 0.000000
4.387051 -3.137492 4.206613
-0.476161 -0.385221 0.790490
255 255 255 255
0.170654 0.986328
0 0 0 0
1.000000 0.000000 0.000000 0.000000
6.084119 -3.369814 2.969380
0.357026 -0.799971 0.482264
255 255 255 255
0.225952 0.990234
0 0 0 0
1.000000 0.000000 0.000000 0.000000
4.711095 -2.999567 4.067463
0.547348 -0.245363 0.800130
255 255 255 255
0.180298 0.979980
0 0 0 0
1.000000 0.000000 0.000000 0.000000
4.600428 -2.908783 4.146244
0.373688 -0.142339 0.916568
255 255 255 255
0.176636 0.978027
0 0 0 0
1.000000 0.000000 0.000000 0.000000
6.184538 -3.250005 2.559132
0.648243 -0.492123 -0.581030
255 255 255 255
0.241943 0.990723
0 0 0 0
1.000000 0.000000 0.000000 0.000000
6.137893 -3.089404 3.018830
0.580204 -0.246843 0.776165
255 255 255 255
0.225952 0.979980
0 0 0 0
1.000000 0.000000 0.000000 0.000000
6.256793 -3.012431 2.924244
0.754096 -0.168235 0.634852
255 255 255 255
0.230103 0.978027
0 0 0 0
1.000000 0.000000 0.000000 0.000000
6.355831 -3.258771 2.753820
0.851406 -0.474944 -0.222565
255 255 255 255
0.235840 0.986328
0 0 0 0
1.000000 0.000000 0.000000 0.000000
6.254216 -2.625668 2.469581
0.749058 -0.052458 -0.660424
255 255 255 255
0.249023 0.964844
0 0 0 0
1.000000 0.000000 0.000000 0.000000
6.475590 -2.616843 2.727640
0.981004 -0.030574 -0.191561
255 255 255 255
0.239502 0.964844
0 0 0 0
1.000000 0.000000 0.000000 0.000000
6.326155 -2.603999 2.943456
0.798607 0.014888 0.601668
255 255 255 255
0.231079 0.964844
0 0 0 0
1.000000 0.000000 0.000000 0.000000
6.273418 -2.196574 2.878289
0.760941 0.204736 0.615672
255 255 255 255
0.230103 0.952148
0 0 0 0
1.000000 0.000000 0.000000 0.000000
6.382722 -1.970639 2.682148
0.870296 0.412805 -0.268656
255 255 255 255
0.235840 0.943848
0 0 0 0
1.000000 0.000000 0.000000 0.000000
6.210779 -1.992921 2.489246
0.664267 0.398531 -0.632395
255 255 255 255
0.241943 0.938965
0 0 0 0
1.000000 0.000000 0.000000 0.000000
6.116499 -1.826555 2.883748
0.400035 0.827875 0.393184
255 255 255 255
0.225952 0.939941
0 0 0 0
1.000000 0.000000 0.000000 0.000000
6.158189 -2.105384 2.963793
0.592494 0.302015 0.746818
255 255 255 255
0.225952 0.949707
0 0 0 0
1.000000 0.000000 0.000000 0.000000
5.945197 -1.857287 2.672425
0.015536 0.987781 -0.155072
255 255 255 255
0.228149 0.930664
0 0 0 0
1.000000 0.000000 0.000000 0.000000
4.731422 -2.015597 4.012425
0.559162 0.307261 0.770019
255 255 255 255
0.180298 0.949707
0 0 0 0
1.000000 0.000000 0.000000 0.000000
4.685606 -1.736135 3.932471
0.321012 0.839725 0.437965
255 255 255 255
0.180298 0.939941
0 0 0 0
1.000000 0.000000 0.000000 0.000000
4.521717 -1.767637 3.718876
-0.075200 0.993604 -0.084239
255 255 255 255
0.177612 0.930664
0 0 0 0
1.000000 0.000000 0.000000 0.000000
4.274419 -1.872500 3.923605
-0.751586 0.482607 0.449676
255 255 255 255
0.164429 0.939453
0 0 0 0
1.000000 0.000000 0.000000 0.000000
4.617003 -2.092975 4.100348
0.383073 0.228825 0.894927
255 255 255 255
0.176636 0.952148
0 0 0 0
1.000000 0.000000 0.000000 0.000000
4.413952 -1.847799 4.134881
-0.453910 0.491637 0.743141
255 255 255 255
0.170654 0.943848
0 0 0 0
1.000000 0.000000 0.000000 0.000000
4.378768 -2.486846 4.274967
-0.439725 0.061005 0.896058
255 255 255 255
0.167480 0.964844
0 0 0 0
1.000000 0.000000 0.000000 0.000000
4.631466 -2.497912 4.193729
0.342473 0.044106 0.938492
255 255 255 255
0.176025 0.964844
0 0 0 0
1.000000 0.000000 0.000000 0.000000
608
89 90 88
89 88 87
86 87 88
91 88 90
91 92 93
95 93 92
95 94 97
96 97 94
99 97 98
96 98 97
99 98 84
99 84 83
83 84 81
80 83 81
85 82 81
80 81 82
86 85 87
86 82 85
372 377 378
376 380 377
380 378 377
372 371 377
376 377 371
370 371 372
379 372 378
382 378 381
380 381 378
379 378 382
383 381 380
383 384 381
382 381 384
385 382 384
383 386 384
385 384 387
387 384 388
386 388 384
389 388 386
391 387 388
370 373 371
373 374 371
396 374 373
376 371 375
375 371 374
399 375 374
118 104 119
104 101 103
119 104 103
105 102 101
100 103 101
100 101 102
105 106 102
107 102 106
107 106 109
108 109 106
111 109 110
108 110 109
30 31 32
35 32 31
35 31 34
33 34 31
34 33 37
36 37 33
39 37 38
36 38 37
168 170 169
167 166 169
168 169 166
171 169 170
165 166 162
167 162 166
165 162 161
160 161 162
160 163 161
164 161 163
164 163 179
164 179 178
176 178 179
180 183 181
180 181 182
184 183 199
183 184 181
185 182 181
182 185 186
187 186 185
187 188 186
188 189 186
190 189 188
190 191 189
192 193 191
192 195 193
194 197 195
194 196 197
197 196 199
198 199 196
198 184 199
20 21 22
23 22 21
23 24 22
23 25 24
26 24 25
26 25 27
26 27 28
29 28 27
465 464 489
465 461 464
486 487 464
488 464 487
463 486 464
488 489 464
461 463 464
460 463 461
488 487 483
486 484 487
483 487 484
485 484 486
483 484 482
481 482 484
485 481 484
480 483 482
481 478 482
480 482 478
477 478 481
477 474 478
476 478 474
476 479 478
480 478 479
477 475 474
472 474 475
470 467 466
470 468 467
462 467 468
462 461 467
466 467 461
470 473 471
470 471 468
469 468 472
469 462 468
472 468 471
460 461 462
465 466 461
472 471 474
474 471 473
476 474 473
459 436 435
459 439 436
431 435 436
431 436 432
439 432 436
459 435 457
458 457 435
434 458 435
434 435 431
459 457 456
452 456 457
458 452 457
453 456 452
430 431 432
438 432 439
190 192 191
194 195 192
170 172 171
173 172 175
174 175 172
173 171 172
174 176 175
177 175 176
179 177 176
141 143 144
159 144 143
280 282 283
280 281 282
287 283 282
286 282 281
286 281 285
284 285 281
298 285 284
149 150 148
150 151 148
150 152 151
149 148 147
146 147 148
146 145 147
146 142 145
141 145 142
140 141 142
143 141 140
153 152 155
154 155 152
153 151 152
155 154 157
156 157 154
159 157 158
156 158 157
144 159 158
430 432 433
432 437 433
433 437 440
438 437 432
442 441 437
442 437 443
438 443 437
440 437 441
445 440 444
440 441 444
446 444 441
442 446 441
446 447 444
448 444 447
445 444 448
449 447 446
448 447 450
449 450 447
451 448 450
451 450 452
453 452 450
453 450 454
449 454 450
451 452 455
458 455 452
295 292 294
293 294 292
293 292 290
291 290 292
295 294 296
297 296 294
297 298 296
297 299 298
285 298 299
291 288 290
289 290 288
283 287 288
289 288 287
10 11 12
14 12 11
14 11 13
14 13 16
15 16 13
15 18 16
15 17 18
19 18 17
304 318 305
319 305 318
319 318 317
316 317 318
304 305 301
306 301 305
306 302 301
300 301 302
307 303 302
300 302 303
309 308 307
308 303 307
490 492 493
498 497 492
497 496 492
493 492 496
499 493 496
499 496 502
501 502 496
500 501 496
500 496 497
499 502 503
501 504 502
503 502 504
505 504 501
503 504 507
506 507 504
505 506 504
508 503 507
508 507 509
506 509 507
510 509 506
511 509 513
512 513 509
510 512 509
508 509 511
514 511 513
516 513 512
50 51 52
53 52 51
53 54 52
54 55 52
54 56 55
57 55 56
57 56 59
58 59 56
200 203 201
200 201 202
219 204 203
203 204 201
205 202 201
205 206 202
205 207 206
206 207 208
209 208 207
209 210 208
211 208 210
211 212 213
215 213 212
215 214 217
216 217 214
219 217 218
216 218 217
219 218 204
240 241 242
404 427 428
404 425 427
404 405 401
404 428 405
408 405 428
426 428 427
425 423 427
426 427 423
424 423 425
408 402 405
401 405 402
400 401 402
90 92 91
94 95 92
346 342 341
344 345 341
349 348 342
344 368 345
367 368 362
367 362 366
363 366 362
110 112 111
113 112 115
114 115 112
113 111 112
114 116 115
117 115 116
117 116 119
118 119 116
276 275 274
272 274 275
272 271 270
268 270 271
393 392 390
390 392 388
389 390 388
393 398 397
393 397 394
393 394 392
391 392 394
391 388 392
396 394 397
395 394 396
395 391 394
398 374 397
374 396 397
399 374 398
410 406 407
408 407 402
407 406 402
410 411 406
403 402 406
409 406 412
411 412 406
409 403 406
400 402 403
409 412 413
411 414 412
413 412 414
415 414 411
413 414 417
416 417 414
415 416 414
418 413 417
418 417 419
416 419 417
420 419 416
421 419 423
422 423 419
420 422 419
418 419 421
424 421 423
426 423 422
426 429 428
408 428 429
120 123 121
120 121 122
124 121 123
124 123 139
125 122 121
125 126 122
125 127 126
126 127 128
129 128 127
129 130 128
130 131 128
130 132 131
133 131 132
133 132 135
134 135 132
135 134 137
136 137 134
138 139 137
136 138 137
124 139 138
266 261 265
266 262 261
260 261 262
264 265 261
264 278 265
279 265 278
276 277 278
279 278 277
276 274 277
272 273 274
272 270 273
269 270 268
268 263 267
269 268 267
267 263 262
260 262 263
3 5 6
6 5 8
7 8 5
3 6 4
3 4 1
2 1 4
0 1 2
9 8 7
60 63 61
60 61 62
64 63 79
78 79 77
64 79 78
75 74 77
76 78 77
76 77 74
73 72 75
74 75 72
73 71 72
70 72 71
70 71 68
69 70 68
69 68 67
66 67 68
65 67 66
65 66 62
343 342 347
343 340 342
341 342 340
348 347 342
348 353 347
352 347 353
352 351 347
350 347 351
343 347 350
355 350 354
350 351 354
352 356 351
356 354 351
355 354 358
357 358 354
357 354 356
357 356 359
357 359 360
357 360 358
361 358 360
364 360 359
364 363 360
363 362 360
361 360 362
361 362 365
368 365 362
257 256 254
255 254 256
253 254 252
255 252 254
251 250 252
253 252 250
251 248 250
249 250 248
243 247 248
249 248 247
240 242 243
242 247 243
229 228 227
229 230 228
226 227 228
230 231 228
230 232 231
233 231 232
234 235 232
233 232 235
236 237 234
235 234 237
236 238 237
239 237 238
333 334 332
333 332 330
337 336 334
335 334 336
335 332 334
331 330 332
331 328 330
329 330 328
329 328 327
323 327 328
338 336 337
339 338 337
524 547 548
524 545 547
524 525 521
524 548 525
528 525 548
549 528 548
549 548 546
546 548 547
545 543 547
546 547 543
544 543 545
542 546 543
544 541 543
541 539 543
539 542 543
540 542 539
528 522 525
527 522 528
521 525 522
520 521 522
527 526 522
523 522 526
520 522 523
530 526 527
47 45 46
47 46 49
44 45 42
44 46 45
48 49 46
43 44 42
40 41 42
43 42 41
246 241 245
241 244 245
258 245 244
346 345 369
349 346 369
345 367 369
368 367 345
366 369 367
490 491 492
491 495 492
494 495 491
498 492 495
494 518 495
498 495 518
494 517 518
494 515 517
519 498 518
519 518 516
516 518 517
515 513 517
513 516 517
514 513 515
225 222 221
226 222 225
227 226 225
220 221 222
220 223 221
223 224 221
238 224 239
239 224 223
326 321 325
324 325 321
324 338 325
339 325 338
326 322 321
320 321 322
327 323 322
320 322 323
210 212 211
214 215 212
341 345 346
349 342 346
245 258 259
259 258 257
256 257 258
313 312 310
311 310 312
311 308 310
309 310 308
313 314 312
315 312 314
317 316 314
315 314 316
533 529 532
529 526 532
523 526 529
533 537 538
533 534 537
533 532 534
531 534 532
526 531 532
530 531 526
535 534 531
536 537 534
535 536 534
538 537 539
539 537 536
541 538 539
540 539 536
63 64 61
65 62 61
246 242 241
PorterMesh3
1
1
_images/material_1f26bc8c7bd546f8/image_6423b259c28e78a9.png
0
600
-8.177137 -3.523185 -10.719217
-0.601163 -0.257368 -0.756548
255 255 255 255
0.545410 0.167358
0 0 0 0
1.000000 0.000000 0.000000 0.000000
-8.395318 -3.847332 -10.436611
-0.601163 -0.257368 -0.756548
255 255 255 255
0.539062 0.158691
0 0 0 0
1.000000 0.000000 0.000000 0.000000
-7.666082 -5.422308 -10.481973
-0.601163 -0.257368 -0.756548
255 255 255 255
0.498779 0.167358
0 0 0 0
1.000000 0.000000 0.000000 0.000000
-8.022259 -5.232101 -10.263636
-0.601163 -0.257368 -0.756548
255 255 255 255
0.505371 0.158691
0 0 0 0
1.000000 0.000000 0.000000 0.000000
-8.712755 -4.873003 -6.296959
-0.767784 -0.133591 0.626627
255 255 255 255
0.586914 0.073669
0 0 0 0
1.000000 0.000000 0.000000 0.000000
-9.098448 -3.488241 -6.469934
-0.767784 -0.133591 0.626627
255 255 255 255
0.586914 0.107666
0 0 0 0
1.000000 0.000000 0.000000 0.000000
-8.428482 -5.014977 -5.982018
-0.767784 -0.133591 0.626627
255 255 255 255
0.595703 0.067383
0 0 0 0
1.000000 0.000000 0.000000 0.000000
-8.959884 -3.115811 -6.219263
-0.767784 -0.133591 0.626627
255 255 255 255
0.595703 0.114014
0 0 0 0
1.000000 0.000000 0.000000 0.000000
-8.785504 -3.643828 -8.188292
-0.949827 -0.278705 -0.141960
255 255 255 255
0.538086 0.107300
0 0 0 0
1.000000 0.000000 0.000000 0.000000
-8.407385 -5.028545 -8.015264
-0.949827 -0.278705 -0.141960
255 255 255 255
0.538086 0.073608
0 0 0 0
1.000000 0.000000 0.000000 0.000000
-8.695453 -3.689085 -8.688257
-0.949827 -0.278705 -0.141960
255 255 255 255
0.527344 0.107300
0 0 0 0
1.000000 0.000000 0.000000 0.000000
-8.319540 -5.073837 -8.515273
-0.949827 -0.278705 -0.141960
255 255 255 255
0.527832 0.073608
0 0 0 0
1.000000 0.000000 0.000000 0.000000
-8.407385 -5.028545 -8.015264
-0.454413 -0.890789 0.002035
255 255 255 255
0.538086 0.070068
0 0 0 0
1.000000 0.000000 0.000000 0.000000
-8.083430 -5.194828 -7.958210
-0.457019 -0.889437 0.005969
255 255 255 255
0.538086 0.061066
0 0 0 0
1.000000 0.000000 0.000000 0.000000
-8.319540 -5.073837 -8.515273
-0.454448 -0.890762 0.004390
255 255 255 255
0.527832 0.070068
0 0 0 0
1.000000 0.000000 0.000000 0.000000
-7.996737 -5.239954 -8.466989
-0.456352 -0.889797 0.002035
255 255 255 255
0.527832 0.061066
0 0 0 0
1.000000 0.000000 0.000000 0.000000
-8.513098 -3.340752 -8.704250
-0.873582 0.448138 -0.189808
255 255 255 255
0.527344 0.119019
0 0 0 0
1.000000 0.000000 0.000000 0.000000
-8.602880 -3.295670 -8.195473
-0.873582 0.448138 -0.189808
255 255 255 255
0.538086 0.119080
0 0 0 0
1.000000 0.000000 0.000000 0.000000
-8.695453 -3.689085 -8.688257
-0.873582 0.448138 -0.189808
255 255 255 255
0.527344 0.110046
0 0 0 0
1.000000 0.000000 0.000000 0.000000
-8.785504 -3.643828 -8.188292
-0.873582 0.448138 -0.189808
255 255 255 255
0.538086 0.110107
0 0 0 0
1.000000 0.000000 0.000000 0.000000
-8.432810 -3.824865 -10.188242
-0.955023 -0.273393 -0.114835
255 255 255 255
0.653809 0.056519
0 0 0 0
1.000000 0.000000 0.000000 0.000000
-8.058939 -5.209599 -10.015266
-0.955023 -0.273393 -0.114835
255 255 255 255
0.653809 0.022812
0 0 0 0
1.000000 0.000000 0.000000 0.000000
-8.395318 -3.847332 -10.436611
-0.955023 -0.273393 -0.114835
255 255 255 255
0.648926 0.056488
0 0 0 0
1.000000 0.000000 0.000000 0.000000
-8.022259 -5.232101 -10.263636
-0.955023 -0.273393 -0.114835
255 255 255 255
0.648926 0.022812
0 0 0 0
1.000000 0.000000 0.000000 0.000000
-8.605855 -3.734376 -9.188258
-0.951944 -0.274619 -0.135601
255 255 255 255
0.510742 0.107300
0 0 0 0
1.000000 0.000000 0.000000 0.000000
-8.232141 -5.119068 -9.015283
-0.951944 -0.274619 -0.135601
255 255 255 255
0.510742 0.073608
0 0 0 0
1.000000 0.000000 0.000000 0.000000
-8.516702 -3.779590 -9.688258
-0.951944 -0.274619 -0.135601
255 255 255 255
0.500488 0.107300
0 0 0 0
1.000000 0.000000 0.000000 0.000000
-8.145204 -5.164360 -9.515223
-0.951437 -0.276370 -0.135601
255 255 255 255
0.500488 0.073608
0 0 0 0
1.000000 0.000000 0.000000 0.000000
-8.428482 -5.014977 -5.982018
-0.446714 -0.894630 0.009122
255 255 255 255
0.589844 0.061127
0 0 0 0
1.000000 0.000000 0.000000 0.000000
-8.343333 -5.058865 -6.467003
-0.446714 -0.894630 0.009122
255 255 255 255
0.580078 0.061127
0 0 0 0
1.000000 0.000000 0.000000 0.000000
-8.712755 -4.873003 -6.296959
-0.446714 -0.894630 0.009122
255 255 255 255
0.584473 0.070129
0 0 0 0
1.000000 0.000000 0.000000 0.000000
-8.673666 -4.892782 -6.515288
-0.447956 -0.894051 0.002872
255 255 255 255
0.579590 0.070129
0 0 0 0
1.000000 0.000000 0.000000 0.000000
-8.584443 -4.938039 -7.015296
-0.450591 -0.892705 0.006752
255 255 255 255
0.563965 0.070129
0 0 0 0
1.000000 0.000000 0.000000 0.000000
-8.256004 -5.104139 -6.966995
-0.450591 -0.892705 0.006752
255 255 255 255
0.563965 0.061096
0 0 0 0
1.000000 0.000000 0.000000 0.000000
-8.495701 -4.983331 -7.515281
-0.452539 -0.891719 0.006752
255 255 255 255
0.553711 0.070068
0 0 0 0
1.000000 0.000000 0.000000 0.000000
-8.169861 -5.149562 -7.458219
-0.450591 -0.892705 0.006752
255 255 255 255
0.553711 0.061096
0 0 0 0
1.000000 0.000000 0.000000 0.000000
-7.666082 -5.422308 -10.481973
-0.464575 -0.885395 0.015684
255 255 255 255
0.350098 0.033844
0 0 0 0
1.000000 0.000000 0.000000 0.000000
-8.022259 -5.232101 -10.263636
-0.464575 -0.885395 0.015684
255 255 255 255
0.355469 0.042847
0 0 0 0
1.000000 0.000000 0.000000 0.000000
-7.741538 -5.375717 -9.966990
-0.464575 -0.885395 0.015684
255 255 255 255
0.360596 0.033844
0 0 0 0
1.000000 0.000000 0.000000 0.000000
-8.058939 -5.209599 -10.015266
-0.464575 -0.885395 0.015684
255 255 255 255
0.360596 0.042847
0 0 0 0
1.000000 0.000000 0.000000 0.000000
-8.232141 -5.119068 -9.015283
-0.458959 -0.888437 0.005969
255 255 255 255
0.510742 0.070068
0 0 0 0
1.000000 0.000000 0.000000 0.000000
-7.911214 -5.285185 -8.966990
-0.458959 -0.888437 0.005969
255 255 255 255
0.510742 0.061035
0 0 0 0
1.000000 0.000000 0.000000 0.000000
-8.145204 -5.164360 -9.515223
-0.458992 -0.888401 0.008316
255 255 255 255
0.500488 0.070007
0 0 0 0
1.000000 0.000000 0.000000 0.000000
-7.826153 -5.330460 -9.467025
-0.458959 -0.888437 0.005969
255 255 255 255
0.500488 0.061035
0 0 0 0
1.000000 0.000000 0.000000 0.000000
-8.959884 -3.115811 -6.219263
-0.868880 0.455012 -0.194965
255 255 255 255
0.589844 0.119080
0 0 0 0
1.000000 0.000000 0.000000 0.000000
-9.098448 -3.488241 -6.469934
-0.868880 0.455012 -0.194965
255 255 255 255
0.584473 0.110107
0 0 0 0
1.000000 0.000000 0.000000 0.000000
-8.871813 -3.159707 -6.704264
-0.868880 0.455012 -0.194965
255 255 255 255
0.579590 0.119080
0 0 0 0
1.000000 0.000000 0.000000 0.000000
-9.058391 -3.508004 -6.688272
-0.868880 0.455012 -0.194965
255 255 255 255
0.579590 0.110107
0 0 0 0
1.000000 0.000000 0.000000 0.000000
-8.966978 -3.553287 -7.188289
-0.870563 0.451419 -0.195806
255 255 255 255
0.563965 0.110107
0 0 0 0
1.000000 0.000000 0.000000 0.000000
-8.876010 -3.598536 -7.688291
-0.870563 0.451419 -0.195806
255 255 255 255
0.553711 0.110107
0 0 0 0
1.000000 0.000000 0.000000 0.000000
-8.781456 -3.204964 -7.204221
-0.869731 0.453020 -0.195806
255 255 255 255
0.563965 0.119080
0 0 0 0
1.000000 0.000000 0.000000 0.000000
-8.692338 -3.250378 -7.695480
-0.870563 0.451419 -0.195806
255 255 255 255
0.553711 0.119080
0 0 0 0
1.000000 0.000000 0.000000 0.000000
-8.177137 -3.523185 -10.719217
-0.881890 0.441478 -0.165429
255 255 255 255
0.688965 0.030960
0 0 0 0
1.000000 0.000000 0.000000 0.000000
-8.253953 -3.476559 -10.204235
-0.881890 0.441478 -0.165429
255 255 255 255
0.699707 0.030975
0 0 0 0
1.000000 0.000000 0.000000 0.000000
-8.395318 -3.847332 -10.436611
-0.881890 0.441478 -0.165429
255 255 255 255
0.694336 0.022003
0 0 0 0
1.000000 0.000000 0.000000 0.000000
-8.432810 -3.824865 -10.188242
-0.881890 0.441478 -0.165429
255 255 255 255
0.699707 0.022018
0 0 0 0
1.000000 0.000000 0.000000 0.000000
-8.605855 -3.734376 -9.188258
-0.876074 0.442540 -0.191451
255 255 255 255
0.510742 0.110046
0 0 0 0
1.000000 0.000000 0.000000 0.000000
-8.516702 -3.779590 -9.688258
-0.876074 0.442540 -0.191451
255 255 255 255
0.500488 0.110046
0 0 0 0
1.000000 0.000000 0.000000 0.000000
-8.424564 -3.386036 -9.204233
-0.876074 0.442540 -0.191451
255 255 255 255
0.510742 0.119019
0 0 0 0
1.000000 0.000000 0.000000 0.000000
-8.336467 -3.431267 -9.704217
-0.876074 0.442540 -0.191451
255 255 255 255
0.500488 0.119019
0 0 0 0
1.000000 0.000000 0.000000 0.000000
-7.741538 -5.375717 -9.966990
-0.952521 -0.276046 -0.128463
255 255 255 255
0.483887 0.040070
0 0 0 0
1.000000 0.000000 0.000000 0.000000
-8.253953 -3.476559 -10.204235
-0.952521 -0.276046 -0.128463
255 255 255 255
0.483887 0.091736
0 0 0 0
1.000000 0.000000 0.000000 0.000000
-7.826153 -5.330460 -9.467025
-0.952521 -0.276046 -0.128463
255 255 255 255
0.494141 0.040100
0 0 0 0
1.000000 0.000000 0.000000 0.000000
-8.336467 -3.431267 -9.704217
-0.952521 -0.276046 -0.128463
255 255 255 255
0.494141 0.091736
0 0 0 0
1.000000 0.000000 0.000000 0.000000
-8.513098 -3.340752 -8.704250
-0.950957 -0.278379 -0.134852
255 255 255 255
0.524414 0.116272
0 0 0 0
1.000000 0.000000 0.000000 0.000000
-7.996737 -5.239954 -8.466989
-0.951437 -0.276370 -0.135601
255 255 255 255
0.524414 0.064636
0 0 0 0
1.000000 0.000000 0.000000 0.000000
-8.424564 -3.386036 -9.204233
-0.950957 -0.278379 -0.134852
255 255 255 255
0.514160 0.116272
0 0 0 0
1.000000 0.000000 0.000000 0.000000
-7.911214 -5.285185 -8.966990
-0.951437 -0.276370 -0.135601
255 255 255 255
0.514160 0.064575
0 0 0 0
1.000000 0.000000 0.000000 0.000000
-8.692338 -3.250378 -7.695480
-0.950475 -0.280386 -0.134095
255 255 255 255
0.550781 0.116272
0 0 0 0
1.000000 0.000000 0.000000 0.000000
-8.169861 -5.149562 -7.458219
-0.950443 -0.280129 -0.134852
255 255 255 255
0.550781 0.064636
0 0 0 0
1.000000 0.000000 0.000000 0.000000
-8.602880 -3.295670 -8.195473
-0.950957 -0.278379 -0.134852
255 255 255 255
0.540527 0.116272
0 0 0 0
1.000000 0.000000 0.000000 0.000000
-8.083430 -5.194828 -7.958210
-0.950443 -0.280129 -0.134852
255 255 255 255
0.540527 0.064636
0 0 0 0
1.000000 0.000000 0.000000 0.000000
-8.253953 -3.476559 -10.204235
-0.102214 0.095422 0.990175
255 255 255 255
0.487305 0.125000
0 0 0 0
1.000000 0.000000 0.000000 0.000000
-7.741538 -5.375717 -9.966990
-0.102214 0.095422 0.990175
255 255 255 255
0.487061 0.171631
0 0 0 0
1.000000 0.000000 0.000000 0.000000
-8.432810 -3.824865 -10.188242
-0.102214 0.095422 0.990175
255 255 255 255
0.493652 0.131348
0 0 0 0
1.000000 0.000000 0.000000 0.000000
-8.058939 -5.209599 -10.015266
-0.102214 0.095422 0.990175
255 255 255 255
0.493652 0.165405
0 0 0 0
1.000000 0.000000 0.000000 0.000000
-8.145204 -5.164360 -9.515223
0.096150 -0.092381 -0.991071
255 255 255 255
0.476318 0.165283
0 0 0 0
1.000000 0.000000 0.000000 0.000000
-7.826153 -5.330460 -9.467025
0.096150 -0.092381 -0.991071
255 255 255 255
0.482910 0.171631
0 0 0 0
1.000000 0.000000 0.000000 0.000000
-8.516702 -3.779590 -9.688258
0.096150 -0.092381 -0.991071
255 255 255 255
0.476562 0.131348
0 0 0 0
1.000000 0.000000 0.000000 0.000000
-8.336467 -3.431267 -9.704217
0.096150 -0.092381 -0.991071
255 255 255 255
0.482910 0.125000
0 0 0 0
1.000000 0.000000 0.000000 0.000000
-8.232141 -5.119068 -9.015283
-0.099418 0.099176 0.990091
255 255 255 255
0.601074 0.116211
0 0 0 0
1.000000 0.000000 0.000000 0.000000
-8.605855 -3.734376 -9.188258
-0.099697 0.098895 0.990091
255 255 255 255
0.601074 0.150269
0 0 0 0
1.000000 0.000000 0.000000 0.000000
-7.911214 -5.285185 -8.966990
-0.099418 0.099176 0.990091
255 255 255 255
0.607422 0.109924
0 0 0 0
1.000000 0.000000 0.000000 0.000000
-8.424564 -3.386036 -9.204233
-0.099697 0.098895 0.990091
255 255 255 255
0.607422 0.156616
0 0 0 0
1.000000 0.000000 0.000000 0.000000
-8.319540 -5.073837 -8.515273
0.098609 -0.098929 -0.990196
255 255 255 255
0.618652 0.116211
0 0 0 0
1.000000 0.000000 0.000000 0.000000
-7.996737 -5.239954 -8.466989
0.098609 -0.098929 -0.990196
255 255 255 255
0.612305 0.109863
0 0 0 0
1.000000 0.000000 0.000000 0.000000
-8.695453 -3.689085 -8.688257
0.093319 -0.099763 -0.990626
255 255 255 255
0.618164 0.150146
0 0 0 0
1.000000 0.000000 0.000000 0.000000
-8.513098 -3.340752 -8.704250
0.093319 -0.099763 -0.990626
255 255 255 255
0.611816 0.156494
0 0 0 0
1.000000 0.000000 0.000000 0.000000
-8.407385 -5.028545 -8.015264
-0.130792 0.088478 0.987454
255 255 255 255
0.600586 0.029358
0 0 0 0
1.000000 0.000000 0.000000 0.000000
-8.785504 -3.643828 -8.188292
-0.130792 0.088478 0.987454
255 255 255 255
0.600098 0.063354
0 0 0 0
1.000000 0.000000 0.000000 0.000000
-8.083430 -5.194828 -7.958210
-0.130792 0.088478 0.987454
255 255 255 255
0.606934 0.023071
0 0 0 0
1.000000 0.000000 0.000000 0.000000
-8.602880 -3.295670 -8.195473
-0.130792 0.088478 0.987454
255 255 255 255
0.606445 0.069702
0 0 0 0
1.000000 0.000000 0.000000 0.000000
-8.495701 -4.983331 -7.515281
0.124546 -0.089028 -0.988212
255 255 255 255
0.619141 0.029419
0 0 0 0
1.000000 0.000000 0.000000 0.000000
-8.169861 -5.149562 -7.458219
0.124546 -0.089028 -0.988212
255 255 255 255
0.612793 0.023071
0 0 0 0
1.000000 0.000000 0.000000 0.000000
-8.876010 -3.598536 -7.688291
0.124671 -0.088853 -0.988212
255 255 255 255
0.619141 0.063416
0 0 0 0
1.000000 0.000000 0.000000 0.000000
-8.692338 -3.250378 -7.695480
0.124671 -0.088853 -0.988212
255 255 255 255
0.612305 0.069702
0 0 0 0
1.000000 0.000000 0.000000 0.000000
-8.860061 -3.940908 -7.139856
-0.175446 0.103100 0.979076
255 255 255 255
0.550781 0.165039
0 0 0 0
1.000000 0.000000 0.000000 0.000000
-8.966978 -3.553287 -7.188289
-0.175446 0.103100 0.979076
255 255 255 255
0.560059 0.165039
0 0 0 0
1.000000 0.000000 0.000000 0.000000
-8.609502 -3.844278 -7.094015
-0.175446 0.103100 0.979076
255 255 255 255
0.550781 0.158569
0 0 0 0
1.000000 0.000000 0.000000 0.000000
-8.781456 -3.204964 -7.204221
-0.175446 0.103100 0.979076
255 255 255 255
0.566406 0.158569
0 0 0 0
1.000000 0.000000 0.000000 0.000000
-8.256004 -5.104139 -6.966995
-0.158353 0.048465 0.986192
255 255 255 255
0.496826 0.174683
0 0 0 0
1.000000 0.000000 0.000000 0.000000
-8.584443 -4.938039 -7.015296
-0.158353 0.048465 0.986192
255 255 255 255
0.502930 0.181274
0 0 0 0
1.000000 0.000000 0.000000 0.000000
-8.434161 -4.477973 -7.014869
-0.158353 0.048465 0.986192
255 255 255 255
0.512207 0.174805
0 0 0 0
1.000000 0.000000 0.000000 0.000000
-8.686832 -4.567981 -7.061549
-0.158353 0.048465 0.986192
255 255 255 255
0.512207 0.181274
0 0 0 0
1.000000 0.000000 0.000000 0.000000
-8.776640 -4.522724 -6.561522
0.038705 -0.145835 -0.988551
255 255 255 255
0.631348 0.150513
0 0 0 0
1.000000 0.000000 0.000000 0.000000
-8.673666 -4.892782 -6.515288
0.038705 -0.145835 -0.988551
255 255 255 255
0.631348 0.141357
0 0 0 0
1.000000 0.000000 0.000000 0.000000
-8.512060 -4.437314 -6.575019
0.038705 -0.145835 -0.988551
255 255 255 255
0.625000 0.150391
0 0 0 0
1.000000 0.000000 0.000000 0.000000
-8.343333 -5.058865 -6.467003
0.038705 -0.145835 -0.988551
255 255 255 255
0.625000 0.135010
0 0 0 0
1.000000 0.000000 0.000000 0.000000
-8.950853 -3.895669 -6.639882
0.019521 -0.089007 -0.995840
255 255 255 255
0.659180 0.020798
0 0 0 0
1.000000 0.000000 0.000000 0.000000
-8.688394 -3.803619 -6.654138
0.019521 -0.089007 -0.995840
255 255 255 255
0.659180 0.027298
0 0 0 0
1.000000 0.000000 0.000000 0.000000
-9.058391 -3.508004 -6.688272
0.019675 -0.088973 -0.995840
255 255 255 255
0.668945 0.020874
0 0 0 0
1.000000 0.000000 0.000000 0.000000
-8.871813 -3.159707 -6.704264
0.019829 -0.088939 -0.995840
255 255 255 255
0.674805 0.027405
0 0 0 0
1.000000 0.000000 0.000000 0.000000
8.278092 -3.523185 -10.719217
0.598144 -0.256340 -0.759285
255 255 255 255
0.545410 0.167358
0 0 0 0
1.000000 0.000000 0.000000 0.000000
7.767027 -5.422308 -10.481973
0.598144 -0.256340 -0.759285
255 255 255 255
0.498779 0.167358
0 0 0 0
1.000000 0.000000 0.000000 0.000000
8.496272 -3.847332 -10.436611
0.598144 -0.256340 -0.759285
255 255 255 255
0.539062 0.158691
0 0 0 0
1.000000 0.000000 0.000000 0.000000
8.123214 -5.232101 -10.263636
0.598144 -0.256340 -0.759285
255 255 255 255
0.505371 0.158691
0 0 0 0
1.000000 0.000000 0.000000 0.000000
8.813718 -4.873003 -6.296959
0.765454 -0.135560 0.629050
255 255 255 255
0.586914 0.073669
0 0 0 0
1.000000 0.000000 0.000000 0.000000
8.529436 -5.014977 -5.982018
0.765454 -0.135560 0.629050
255 255 255 255
0.595703 0.067383
0 0 0 0
1.000000 0.000000 0.000000 0.000000
9.199410 -3.488241 -6.469934
0.765454 -0.135560 0.629050
255 255 255 255
0.586914 0.107666
0 0 0 0
1.000000 0.000000 0.000000 0.000000
9.060839 -3.115811 -6.219263
0.765454 -0.135560 0.629050
255 255 255 255
0.595703 0.114014
0 0 0 0
1.000000 0.000000 0.000000 0.000000
8.886468 -3.643828 -8.188292
0.949939 -0.276020 -0.146383
255 255 255 255
0.538086 0.107300
0 0 0 0
1.000000 0.000000 0.000000 0.000000
8.796407 -3.689085 -8.688257
0.949939 -0.276020 -0.146383
255 255 255 255
0.527344 0.107300
0 0 0 0
1.000000 0.000000 0.000000 0.000000
8.508339 -5.028545 -8.015264
0.949939 -0.276020 -0.146383
255 255 255 255
0.538086 0.073608
0 0 0 0
1.000000 0.000000 0.000000 0.000000
8.420495 -5.073837 -8.515273
0.949939 -0.276020 -0.146383
255 255 255 255
0.527832 0.073608
0 0 0 0
1.000000 0.000000 0.000000 0.000000
8.508339 -5.028545 -8.015264
0.458261 -0.888798 -0.005935
255 255 255 255
0.538086 0.070068
0 0 0 0
1.000000 0.000000 0.000000 0.000000
8.420495 -5.073837 -8.515273
0.456399 -0.889774 -0.001248
255 255 255 255
0.527832 0.070068
0 0 0 0
1.000000 0.000000 0.000000 0.000000
8.184384 -5.194828 -7.958210
0.458635 -0.888620 -0.002809
255 255 255 255
0.538086 0.061066
0 0 0 0
1.000000 0.000000 0.000000 0.000000
8.097692 -5.239954 -8.466989
0.460186 -0.887803 -0.005935
255 255 255 255
0.527832 0.061066
0 0 0 0
1.000000 0.000000 0.000000 0.000000
8.614053 -3.340752 -8.704250
0.871767 0.449043 -0.195915
255 255 255 255
0.527344 0.119019
0 0 0 0
1.000000 0.000000 0.000000 0.000000
8.796407 -3.689085 -8.688257
0.871767 0.449043 -0.195915
255 255 255 255
0.527344 0.110046
0 0 0 0
1.000000 0.000000 0.000000 0.000000
8.703834 -3.295670 -8.195473
0.870078 0.453033 -0.194230
255 255 255 255
0.538086 0.119080
0 0 0 0
1.000000 0.000000 0.000000 0.000000
8.886468 -3.643828 -8.188292
0.871767 0.449043 -0.195915
255 255 255 255
0.538086 0.110107
0 0 0 0
1.000000 0.000000 0.000000 0.000000
8.533764 -3.824865 -10.188242
0.955228 -0.270741 -0.119325
255 255 255 255
0.653809 0.056519
0 0 0 0
1.000000 0.000000 0.000000 0.000000
8.496272 -3.847332 -10.436611
0.955228 -0.270741 -0.119325
255 255 255 255
0.648926 0.056488
0 0 0 0
1.000000 0.000000 0.000000 0.000000
8.159894 -5.209599 -10.015266
0.955228 -0.270741 -0.119325
255 255 255 255
0.653809 0.022812
0 0 0 0
1.000000 0.000000 0.000000 0.000000
8.123214 -5.232101 -10.263636
0.955228 -0.270741 -0.119325
255 255 255 255
0.648926 0.022812
0 0 0 0
1.000000 0.000000 0.000000 0.000000
8.706818 -3.734376 -9.188258
0.951028 -0.274120 -0.142844
255 255 255 255
0.510742 0.107300
0 0 0 0
1.000000 0.000000 0.000000 0.000000
8.617656 -3.779590 -9.688258
0.951962 -0.270076 -0.144315
255 255 255 255
0.500488 0.107300
0 0 0 0
1.000000 0.000000 0.000000 0.000000
8.333104 -5.119068 -9.015283
0.951962 -0.270076 -0.144315
255 255 255 255
0.510742 0.073608
0 0 0 0
1.000000 0.000000 0.000000 0.000000
8.246159 -5.164360 -9.515223
0.951466 -0.271820 -0.144314
255 255 255 255
0.500488 0.073608
0 0 0 0
1.000000 0.000000 0.000000 0.000000
8.529436 -5.014977 -5.982018
0.448335 -0.893866 0.000351
255 255 255 255
0.589844 0.061127
0 0 0 0
1.000000 0.000000 0.000000 0.000000
8.813718 -4.873003 -6.296959
0.447957 -0.894051 -0.002760
255 255 255 255
0.584473 0.070129
0 0 0 0
1.000000 0.000000 0.000000 0.000000
8.444297 -5.058865 -6.467003
0.447957 -0.894051 -0.002760
255 255 255 255
0.580078 0.061127
0 0 0 0
1.000000 0.000000 0.000000 0.000000
8.774611 -4.892782 -6.515288
0.449899 -0.893075 -0.002760
255 255 255 255
0.579590 0.070129
0 0 0 0
1.000000 0.000000 0.000000 0.000000
8.685397 -4.938039 -7.015296
0.454087 -0.890947 -0.004367
255 255 255 255
0.563965 0.070129
0 0 0 0
1.000000 0.000000 0.000000 0.000000
8.596655 -4.983331 -7.515281
0.456018 -0.889960 -0.004367
255 255 255 255
0.553711 0.070068
0 0 0 0
1.000000 0.000000 0.000000 0.000000
8.356958 -5.104139 -6.966995
0.454087 -0.890947 -0.004367
255 255 255 255
0.563965 0.061096
0 0 0 0
1.000000 0.000000 0.000000 0.000000
8.270816 -5.149562 -7.458219
0.454087 -0.890947 -0.004367
255 255 255 255
0.553711 0.061096
0 0 0 0
1.000000 0.000000 0.000000 0.000000
7.767027 -5.422308 -10.481973
0.466335 -0.884582 0.006828
255 255 255 255
0.350098 0.033844
0 0 0 0
1.000000 0.000000 0.000000 0.000000
7.842491 -5.375717 -9.966990
0.466335 -0.884582 0.006828
255 255 255 255
0.360596 0.033844
0 0 0 0
1.000000 0.000000 0.000000 0.000000
8.123214 -5.232101 -10.263636
0.466335 -0.884582 0.006828
255 255 255 255
0.355469 0.042847
0 0 0 0
1.000000 0.000000 0.000000 0.000000
8.159894 -5.209599 -10.015266
0.466335 -0.884582 0.006828
255 255 255 255
0.360596 0.042847
0 0 0 0
1.000000 0.000000 0.000000 0.000000
8.333104 -5.119068 -9.015283
0.460563 -0.887623 -0.002809
255 255 255 255
0.510742 0.070068
0 0 0 0
1.000000 0.000000 0.000000 0.000000
8.246159 -5.164360 -9.515223
0.462487 -0.886622 -0.002809
255 255 255 255
0.500488 0.070007
0 0 0 0
1.000000 0.000000 0.000000 0.000000
8.012168 -5.285185 -8.966990
0.460563 -0.887623 -0.002809
255 255 255 255
0.510742 0.061035
0 0 0 0
1.000000 0.000000 0.000000 0.000000
7.927098 -5.330460 -9.467025
0.460563 -0.887623 -0.002809
255 255 255 255
0.500488 0.061035
0 0 0 0
1.000000 0.000000 0.000000 0.000000
9.060839 -3.115811 -6.219263
0.867024 0.455914 -0.201026
255 255 255 255
0.589844 0.119080
0 0 0 0
1.000000 0.000000 0.000000 0.000000
8.972767 -3.159707 -6.704264
0.867024 0.455914 -0.201026
255 255 255 255
0.579590 0.119080
0 0 0 0
1.000000 0.000000 0.000000 0.000000
9.199410 -3.488241 -6.469934
0.867024 0.455914 -0.201026
255 255 255 255
0.584473 0.110107
0 0 0 0
1.000000 0.000000 0.000000 0.000000
9.159345 -3.508004 -6.688272
0.865311 0.459904 -0.199310
255 255 255 255
0.579590 0.110107
0 0 0 0
1.000000 0.000000 0.000000 0.000000
9.067932 -3.553287 -7.188289
0.867860 0.454322 -0.201026
255 255 255 255
0.563965 0.110107
0 0 0 0
1.000000 0.000000 0.000000 0.000000
8.882410 -3.204964 -7.204221
0.867024 0.455914 -0.201026
255 255 255 255
0.563965 0.119080
0 0 0 0
1.000000 0.000000 0.000000 0.000000
8.976964 -3.598536 -7.688291
0.867860 0.454322 -0.201026
255 255 255 255
0.553711 0.110107
0 0 0 0
1.000000 0.000000 0.000000 0.000000
8.793292 -3.250378 -7.695480
0.867860 0.454322 -0.201026
255 255 255 255
0.553711 0.119080
0 0 0 0
1.000000 0.000000 0.000000 0.000000
8.278092 -3.523185 -10.719217
0.880249 0.442357 -0.171704
255 255 255 255
0.688965 0.030960
0 0 0 0
1.000000 0.000000 0.000000 0.000000
8.496272 -3.847332 -10.436611
0.880249 0.442357 -0.171704
255 255 255 255
0.694336 0.022003
0 0 0 0
1.000000 0.000000 0.000000 0.000000
8.354917 -3.476559 -10.204235
0.880249 0.442357 -0.171704
255 255 255 255
0.699707 0.030975
0 0 0 0
1.000000 0.000000 0.000000 0.000000
8.533764 -3.824865 -10.188242
0.879647 0.442197 -0.175167
255 255 255 255
0.699707 0.022018
0 0 0 0
1.000000 0.000000 0.000000 0.000000
8.706818 -3.734376 -9.188258
0.872591 0.447440 -0.195915
255 255 255 255
0.510742 0.110046
0 0 0 0
1.000000 0.000000 0.000000 0.000000
8.525518 -3.386036 -9.204233
0.874259 0.443439 -0.197570
255 255 255 255
0.510742 0.119019
0 0 0 0
1.000000 0.000000 0.000000 0.000000
8.617656 -3.779590 -9.688258
0.872591 0.447440 -0.195915
255 255 255 255
0.500488 0.110046
0 0 0 0
1.000000 0.000000 0.000000 0.000000
8.437422 -3.431267 -9.704217
0.872591 0.447440 -0.195915
255 255 255 255
0.500488 0.119019
0 0 0 0
1.000000 0.000000 0.000000 0.000000
7.842491 -5.375717 -9.966990
0.952602 -0.271518 -0.137213
255 255 255 255
0.483887 0.040070
0 0 0 0
1.000000 0.000000 0.000000 0.000000
7.927098 -5.330460 -9.467025
0.952602 -0.271518 -0.137213
255 255 255 255
0.494141 0.040100
0 0 0 0
1.000000 0.000000 0.000000 0.000000
8.354917 -3.476559 -10.204235
0.952602 -0.271518 -0.137213
255 255 255 255
0.483887 0.091736
0 0 0 0
1.000000 0.000000 0.000000 0.000000
8.437422 -3.431267 -9.704217
0.952602 -0.271518 -0.137213
255 255 255 255
0.494141 0.091736
0 0 0 0
1.000000 0.000000 0.000000 0.000000
8.614053 -3.340752 -8.704250
0.950524 -0.275864 -0.142844
255 255 255 255
0.524414 0.116272
0 0 0 0
1.000000 0.000000 0.000000 0.000000
8.525518 -3.386036 -9.204233
0.950524 -0.275864 -0.142844
255 255 255 255
0.514160 0.116272
0 0 0 0
1.000000 0.000000 0.000000 0.000000
8.097692 -5.239954 -8.466989
0.950524 -0.275864 -0.142844
255 255 255 255
0.524414 0.064636
0 0 0 0
1.000000 0.000000 0.000000 0.000000
8.012168 -5.285185 -8.966990
0.950524 -0.275864 -0.142844
255 255 255 255
0.514160 0.064575
0 0 0 0
1.000000 0.000000 0.000000 0.000000
8.793292 -3.250378 -7.695480
0.949939 -0.276020 -0.146383
255 255 255 255
0.550781 0.116272
0 0 0 0
1.000000 0.000000 0.000000 0.000000
8.703834 -3.295670 -8.195473
0.949939 -0.276020 -0.146383
255 255 255 255
0.540527 0.116272
0 0 0 0
1.000000 0.000000 0.000000 0.000000
8.270816 -5.149562 -7.458219
0.950016 -0.277607 -0.142844
255 255 255 255
0.550781 0.064636
0 0 0 0
1.000000 0.000000 0.000000 0.000000
8.184384 -5.194828 -7.958210
0.950016 -0.277607 -0.142844
255 255 255 255
0.540527 0.064636
0 0 0 0
1.000000 0.000000 0.000000 0.000000
8.354917 -3.476559 -10.204235
0.099975 0.098614 0.990091
255 255 255 255
0.487305 0.125000
0 0 0 0
1.000000 0.000000 0.000000 0.000000
8.533764 -3.824865 -10.188242
0.099975 0.098614 0.990091
255 255 255 255
0.493652 0.131348
0 0 0 0
1.000000 0.000000 0.000000 0.000000
7.842491 -5.375717 -9.966990
0.099975 0.098614 0.990091
255 255 255 255
0.487061 0.171631
0 0 0 0
1.000000 0.000000 0.000000 0.000000
8.159894 -5.209599 -10.015266
0.099975 0.098614 0.990091
255 255 255 255
0.493652 0.165405
0 0 0 0
1.000000 0.000000 0.000000 0.000000
8.246159 -5.164360 -9.515223
-0.104176 -0.097817 -0.989737
255 255 255 255
0.476318 0.165283
0 0 0 0
1.000000 0.000000 0.000000 0.000000
8.617656 -3.779590 -9.688258
-0.104176 -0.097817 -0.989737
255 255 255 255
0.476562 0.131348
0 0 0 0
1.000000 0.000000 0.000000 0.000000
7.927098 -5.330460 -9.467025
-0.104176 -0.097817 -0.989737
255 255 255 255
0.482910 0.171631
0 0 0 0
1.000000 0.000000 0.000000 0.000000
8.437422 -3.431267 -9.704217
-0.104176 -0.097817 -0.989737
255 255 255 255
0.482910 0.125000
0 0 0 0
1.000000 0.000000 0.000000 0.000000
8.333104 -5.119068 -9.015283
0.096247 0.096935 0.990627
255 255 255 255
0.601074 0.116211
0 0 0 0
1.000000 0.000000 0.000000 0.000000
8.012168 -5.285185 -8.966990
0.096247 0.096935 0.990627
255 255 255 255
0.607422 0.109924
0 0 0 0
1.000000 0.000000 0.000000 0.000000
8.706818 -3.734376 -9.188258
0.096519 0.096664 0.990627
255 255 255 255
0.601074 0.150269
0 0 0 0
1.000000 0.000000 0.000000 0.000000
8.525518 -3.386036 -9.204233
0.096519 0.096664 0.990627
255 255 255 255
0.607422 0.156616
0 0 0 0
1.000000 0.000000 0.000000 0.000000
8.420495 -5.073837 -8.515273
-0.098733 -0.092035 -0.990849
255 255 255 255
0.618652 0.116211
0 0 0 0
1.000000 0.000000 0.000000 0.000000
8.796407 -3.689085 -8.688257
-0.098862 -0.091896 -0.990849
255 255 255 255
0.618164 0.150146
0 0 0 0
1.000000 0.000000 0.000000 0.000000
8.097692 -5.239954 -8.466989
-0.098733 -0.092035 -0.990849
255 255 255 255
0.612305 0.109863
0 0 0 0
1.000000 0.000000 0.000000 0.000000
8.614053 -3.340752 -8.704250
-0.098862 -0.091896 -0.990849
255 255 255 255
0.611816 0.156494
0 0 0 0
1.000000 0.000000 0.000000 0.000000
8.508339 -5.028545 -8.015264
0.127636 0.086232 0.988065
255 255 255 255
0.600586 0.029358
0 0 0 0
1.000000 0.000000 0.000000 0.000000
8.184384 -5.194828 -7.958210
0.127636 0.086232 0.988065
255 255 255 255
0.606934 0.023071
0 0 0 0
1.000000 0.000000 0.000000 0.000000
8.886468 -3.643828 -8.188292
0.127636 0.086232 0.988065
255 255 255 255
0.600098 0.063354
0 0 0 0
1.000000 0.000000 0.000000 0.000000
8.703834 -3.295670 -8.195473
0.127636 0.086232 0.988065
255 255 255 255
0.606445 0.069702
0 0 0 0
1.000000 0.000000 0.000000 0.000000
8.596655 -4.983331 -7.515281
-0.128293 -0.087081 -0.987906
255 255 255 255
0.619141 0.029419
0 0 0 0
1.000000 0.000000 0.000000 0.000000
8.976964 -3.598536 -7.688291
-0.128415 -0.086900 -0.987906
255 255 255 255
0.619141 0.063416
0 0 0 0
1.000000 0.000000 0.000000 0.000000
8.270816 -5.149562 -7.458219
-0.128293 -0.087081 -0.987906
255 255 255 255
0.612793 0.023071
0 0 0 0
1.000000 0.000000 0.000000 0.000000
8.793292 -3.250378 -7.695480
-0.128415 -0.086900 -0.987906
255 255 255 255
0.612305 0.069702
0 0 0 0
1.000000 0.000000 0.000000 0.000000
8.961015 -3.940908 -7.139856
0.094211 0.097216 0.990794
255 255 255 255
0.550781 0.165039
0 0 0 0
1.000000 0.000000 0.000000 0.000000
8.705230 -3.846581 -7.124107
0.094211 0.097216 0.990794
255 255 255 255
0.550781 0.158569
0 0 0 0
1.000000 0.000000 0.000000 0.000000
9.067932 -3.553287 -7.188289
0.094211 0.097216 0.990794
255 255 255 255
0.560059 0.165039
0 0 0 0
1.000000 0.000000 0.000000 0.000000
8.882410 -3.204964 -7.204221
0.094211 0.097216 0.990794
255 255 255 255
0.566406 0.158569
0 0 0 0
1.000000 0.000000 0.000000 0.000000
8.356958 -5.104139 -6.966995
0.093872 0.097543 0.990794
255 255 255 255
0.496826 0.174683
0 0 0 0
1.000000 0.000000 0.000000 0.000000
8.529899 -4.480277 -7.044945
0.093872 0.097543 0.990794
255 255 255 255
0.512207 0.174805
0 0 0 0
1.000000 0.000000 0.000000 0.000000
8.685397 -4.938039 -7.015296
0.093872 0.097543 0.990794
255 255 255 255
0.502930 0.181274
0 0 0 0
1.000000 0.000000 0.000000 0.000000
8.787786 -4.567981 -7.061549
0.093872 0.097543 0.990794
255 255 255 255
0.512207 0.181274
0 0 0 0
1.000000 0.000000 0.000000 0.000000
8.444297 -5.058865 -6.467003
-0.095629 -0.092921 -0.991070
255 255 255 255
0.625000 0.135010
0 0 0 0
1.000000 0.000000 0.000000 0.000000
8.774611 -4.892782 -6.515288
-0.095629 -0.092921 -0.991070
255 255 255 255
0.631348 0.141357
0 0 0 0
1.000000 0.000000 0.000000 0.000000
8.618232 -4.435011 -6.544944
-0.095759 -0.092786 -0.991071
255 255 255 255
0.625000 0.150391
0 0 0 0
1.000000 0.000000 0.000000 0.000000
8.877594 -4.522724 -6.561522
-0.095759 -0.092786 -0.991071
255 255 255 255
0.631348 0.150513
0 0 0 0
1.000000 0.000000 0.000000 0.000000
9.051808 -3.895669 -6.639882
-0.097543 -0.097468 -0.990447
255 255 255 255
0.659180 0.020798
0 0 0 0
1.000000 0.000000 0.000000 0.000000
9.159345 -3.508004 -6.688272
-0.097543 -0.097468 -0.990447
255 255 255 255
0.668945 0.020874
0 0 0 0
1.000000 0.000000 0.000000 0.000000
8.794566 -3.801324 -6.624081
-0.097543 -0.097468 -0.990447
255 255 255 255
0.659180 0.027298
0 0 0 0
1.000000 0.000000 0.000000 0.000000
8.972767 -3.159707 -6.704264
-0.097543 -0.097468 -0.990447
255 255 255 255
0.674805 0.027405
0 0 0 0
1.000000 0.000000 0.000000 0.000000
-7.666082 -5.422308 -10.481973
0.096727 -0.096277 -0.990644
255 255 255 255
0.450928 0.096252
0 0 0 0
1.000000 0.000000 0.000000 0.000000
-7.522580 -5.086820 -10.500225
0.106268 -0.092856 -0.989992
255 255 255 255
0.457275 0.101807
0 0 0 0
1.000000 0.000000 0.000000 0.000000
-8.177137 -3.523185 -10.719217
0.096727 -0.096277 -0.990644
255 255 255 255
0.497559 0.096252
0 0 0 0
1.000000 0.000000 0.000000 0.000000
-7.024683 -4.950813 -10.453179
0.114285 -0.091406 -0.989234
255 255 255 255
0.455322 0.115601
0 0 0 0
1.000000 0.000000 0.000000 0.000000
-7.895579 -3.702067 -10.673219
0.106268 -0.092856 -0.989992
255 255 255 255
0.491455 0.101807
0 0 0 0
1.000000 0.000000 0.000000 0.000000
-7.435216 -3.491539 -10.637593
0.115635 -0.089608 -0.989242
255 255 255 255
0.493164 0.115479
0 0 0 0
1.000000 0.000000 0.000000 0.000000
-7.435216 -3.491539 -10.637593
-0.455894 0.872339 -0.176590
255 255 255 255
0.497314 0.148804
0 0 0 0
1.000000 0.000000 0.000000 0.000000
-7.510478 -3.412307 -10.232024
-0.463535 0.869425 -0.170983
255 255 255 255
0.506348 0.148560
0 0 0 0
1.000000 0.000000 0.000000 0.000000
-7.895579 -3.702067 -10.673219
-0.458157 0.871886 -0.172932
255 255 255 255
0.497314 0.135010
0 0 0 0
1.000000 0.000000 0.000000 0.000000
-8.178430 -3.140407 -6.711515
-0.449062 0.882661 -0.138755
255 255 255 255
0.583984 0.145874
0 0 0 0
1.000000 0.000000 0.000000 0.000000
-8.096431 -3.587550 -9.408209
-0.473771 0.866154 -0.159115
255 255 255 255
0.525391 0.134888
0 0 0 0
1.000000 0.000000 0.000000 0.000000
-8.665046 -3.294728 -6.173212
-0.426297 0.895884 -0.125156
255 255 255 255
0.596680 0.134766
0 0 0 0
1.000000 0.000000 0.000000 0.000000
-8.290853 -3.153521 -6.142010
-0.428793 0.894782 -0.124502
255 255 255 255
0.596680 0.145508
0 0 0 0
1.000000 0.000000 0.000000 0.000000
-8.445731 -3.406496 -7.408198
-0.471997 0.868196 -0.153153
255 255 255 255
0.569336 0.134888
0 0 0 0
1.000000 0.000000 0.000000 0.000000
-7.666082 -5.422308 -10.481973
0.912447 -0.368703 0.177477
255 255 255 255
0.497314 0.057373
0 0 0 0
1.000000 0.000000 0.000000 0.000000
-7.741538 -5.375717 -9.966990
0.913108 -0.367370 0.176843
255 255 255 255
0.508789 0.057373
0 0 0 0
1.000000 0.000000 0.000000 0.000000
-7.522580 -5.086820 -10.500225
0.911748 -0.370731 0.176843
255 255 255 255
0.497314 0.048950
0 0 0 0
1.000000 0.000000 0.000000 0.000000
-7.826153 -5.330460 -9.467025
0.903633 -0.383407 0.190908
255 255 255 255
0.519531 0.057373
0 0 0 0
1.000000 0.000000 0.000000 0.000000
-7.722734 -4.972311 -9.235243
0.907048 -0.378368 0.184663
255 255 255 255
0.525391 0.048950
0 0 0 0
1.000000 0.000000 0.000000 0.000000
-7.911214 -5.285185 -8.966990
0.903633 -0.383407 0.190908
255 255 255 255
0.530762 0.057373
0 0 0 0
1.000000 0.000000 0.000000 0.000000
-7.996737 -5.239954 -8.466989
0.903633 -0.383407 0.190908
255 255 255 255
0.541504 0.057373
0 0 0 0
1.000000 0.000000 0.000000 0.000000
-8.063206 -4.791256 -7.235221
0.902246 -0.385281 0.193675
255 255 255 255
0.569336 0.048950
0 0 0 0
1.000000 0.000000 0.000000 0.000000
-8.083430 -5.194828 -7.958210
0.903633 -0.383407 0.190908
255 255 255 255
0.552734 0.057373
0 0 0 0
1.000000 0.000000 0.000000 0.000000
-8.343333 -5.058865 -6.467003
0.899363 -0.392644 0.192292
255 255 255 255
0.585938 0.057373
0 0 0 0
1.000000 0.000000 0.000000 0.000000
-8.277066 -4.679444 -6.000254
0.899363 -0.392644 0.192292
255 255 255 255
0.596680 0.048950
0 0 0 0
1.000000 0.000000 0.000000 0.000000
-8.256004 -5.104139 -6.966995
0.901523 -0.387314 0.192987
255 255 255 255
0.574707 0.057373
0 0 0 0
1.000000 0.000000 0.000000 0.000000
-8.169861 -5.149562 -7.458219
0.902246 -0.385281 0.193675
255 255 255 255
0.563965 0.057373
0 0 0 0
1.000000 0.000000 0.000000 0.000000
-8.428482 -5.014977 -5.982018
0.899363 -0.392644 0.192292
255 255 255 255
0.596680 0.057373
0 0 0 0
1.000000 0.000000 0.000000 0.000000
-8.959884 -3.115811 -6.219263
0.516766 0.855946 0.017589
255 255 255 255
0.596680 0.122437
0 0 0 0
1.000000 0.000000 0.000000 0.000000
-8.871813 -3.159707 -6.704264
0.516766 0.855946 0.017589
255 255 255 255
0.585938 0.122437
0 0 0 0
1.000000 0.000000 0.000000 0.000000
-8.665046 -3.294728 -6.173212
0.516766 0.855946 0.017589
255 255 255 255
0.596680 0.130859
0 0 0 0
1.000000 0.000000 0.000000 0.000000
-8.781456 -3.204964 -7.204221
0.522157 0.852619 0.019805
255 255 255 255
0.574707 0.122498
0 0 0 0
1.000000 0.000000 0.000000 0.000000
-8.445731 -3.406496 -7.408198
0.522157 0.852619 0.019805
255 255 255 255
0.569336 0.130859
0 0 0 0
1.000000 0.000000 0.000000 0.000000
-8.692338 -3.250378 -7.695480
0.522157 0.852619 0.019805
255 255 255 255
0.563965 0.122498
0 0 0 0
1.000000 0.000000 0.000000 0.000000
-8.513098 -3.340752 -8.704250
0.526494 0.849991 0.017849
255 255 255 255
0.541504 0.122559
0 0 0 0
1.000000 0.000000 0.000000 0.000000
-8.096431 -3.587550 -9.408209
0.528649 0.848673 0.016847
255 255 255 255
0.525391 0.130981
0 0 0 0
1.000000 0.000000 0.000000 0.000000
-8.602880 -3.295670 -8.195473
0.526494 0.849991 0.017849
255 255 255 255
0.552734 0.122498
0 0 0 0
1.000000 0.000000 0.000000 0.000000
-8.424564 -3.386036 -9.204233
0.531838 0.846609 0.020042
255 255 255 255
0.530762 0.122559
0 0 0 0
1.000000 0.000000 0.000000 0.000000
-8.253953 -3.476559 -10.204235
0.537523 0.843196 0.009455
255 255 255 255
0.508789 0.122620
0 0 0 0
1.000000 0.000000 0.000000 0.000000
-7.895579 -3.702067 -10.673219
0.539285 0.842043 0.011611
255 255 255 255
0.497314 0.131104
0 0 0 0
1.000000 0.000000 0.000000 0.000000
-8.336467 -3.431267 -9.704217
0.530795 0.847352 0.015830
255 255 255 255
0.519531 0.122620
0 0 0 0
1.000000 0.000000 0.000000 0.000000
-8.177137 -3.523185 -10.719217
0.539622 0.841866 0.008370
255 255 255 255
0.497314 0.122620
0 0 0 0
1.000000 0.000000 0.000000 0.000000
-8.609502 -3.844278 -7.094015
0.137508 -0.616960 0.774888
255 255 255 255
0.407471 0.034271
0 0 0 0
1.000000 0.000000 0.000000 0.000000
-8.547649 -3.984333 -7.229760
0.091632 -0.472309 0.876657
255 255 255 255
0.403320 0.034241
0 0 0 0
1.000000 0.000000 0.000000 0.000000
-8.860061 -3.940908 -7.139856
0.135307 -0.617447 0.774888
255 255 255 255
0.407227 0.040741
0 0 0 0
1.000000 0.000000 0.000000 0.000000
-8.503823 -4.115532 -7.263684
-0.032544 -0.087669 0.995618
255 255 255 255
0.399902 0.034241
0 0 0 0
1.000000 0.000000 0.000000 0.000000
-8.803496 -4.077299 -7.245658
0.089561 -0.469102 0.878591
255 255 255 255
0.403320 0.040741
0 0 0 0
1.000000 0.000000 0.000000 0.000000
-8.468836 -4.242308 -7.247856
-0.156304 0.264343 0.951678
255 255 255 255
0.396973 0.034241
0 0 0 0
1.000000 0.000000 0.000000 0.000000
-8.759957 -4.207251 -7.279765
-0.036455 -0.074451 0.996558
255 255 255 255
0.399902 0.040710
0 0 0 0
1.000000 0.000000 0.000000 0.000000
-8.725380 -4.332657 -7.264077
-0.159889 0.281123 0.946259
255 255 255 255
0.396973 0.040710
0 0 0 0
1.000000 0.000000 0.000000 0.000000
-8.468836 -4.242308 -7.247856
-0.156304 0.264343 0.951678
255 255 255 255
0.396973 0.034241
0 0 0 0
1.000000 0.000000 0.000000 0.000000
-8.442598 -4.364530 -7.182251
-0.284510 0.616266 0.734350
255 255 255 255
0.393555 0.034210
0 0 0 0
1.000000 0.000000 0.000000 0.000000
-8.725380 -4.332657 -7.264077
-0.159889 0.281123 0.946259
255 255 255 255
0.396973 0.040710
0 0 0 0
1.000000 0.000000 0.000000 0.000000
-8.434161 -4.477973 -7.014869
-0.336105 0.741439 0.580776
255 255 255 255
0.389404 0.034210
0 0 0 0
1.000000 0.000000 0.000000 0.000000
-8.699711 -4.453543 -7.198664
-0.292391 0.633896 0.716019
255 255 255 255
0.393555 0.040710
0 0 0 0
1.000000 0.000000 0.000000 0.000000
-8.686832 -4.567981 -7.061549
-0.337370 0.742627 0.578521
255 255 255 255
0.389404 0.040680
0 0 0 0
1.000000 0.000000 0.000000 0.000000
-8.647901 -4.042216 -6.453496
-0.948342 -0.284473 -0.140439
255 255 255 255
0.580078 0.091858
0 0 0 0
1.000000 0.000000 0.000000 0.000000
-8.612581 -4.168956 -6.437695
-0.948309 -0.284202 -0.141203
255 255 255 255
0.580078 0.088745
0 0 0 0
1.000000 0.000000 0.000000 0.000000
-8.674993 -3.919654 -6.515296
-0.948309 -0.284202 -0.141203
255 255 255 255
0.579102 0.094910
0 0 0 0
1.000000 0.000000 0.000000 0.000000
-8.569087 -4.299859 -6.467779
-0.948309 -0.284202 -0.141203
255 255 255 255
0.579102 0.085632
0 0 0 0
1.000000 0.000000 0.000000 0.000000
-8.688394 -3.803619 -6.654138
-0.948829 -0.282461 -0.141203
255 255 255 255
0.577148 0.098022
0 0 0 0
1.000000 0.000000 0.000000 0.000000
-8.512060 -4.437314 -6.575019
-0.948829 -0.282461 -0.141203
255 255 255 255
0.577148 0.082581
0 0 0 0
1.000000 0.000000 0.000000 0.000000
-8.609502 -3.844278 -7.094015
-0.948829 -0.282461 -0.141203
255 255 255 255
0.566895 0.097961
0 0 0 0
1.000000 0.000000 0.000000 0.000000
-8.781456 -3.204964 -7.204221
-0.948829 -0.282461 -0.141203
255 255 255 255
0.566895 0.116333
0 0 0 0
1.000000 0.000000 0.000000 0.000000
-8.871813 -3.159707 -6.704264
-0.948829 -0.282461 -0.141203
255 255 255 255
0.577148 0.116333
0 0 0 0
1.000000 0.000000 0.000000 0.000000
-8.343333 -5.058865 -6.467003
-0.949957 -0.282136 -0.134095
255 255 255 255
0.577148 0.064697
0 0 0 0
1.000000 0.000000 0.000000 0.000000
-8.434161 -4.477973 -7.014869
-0.948829 -0.282461 -0.141203
255 255 255 255
0.566895 0.082581
0 0 0 0
1.000000 0.000000 0.000000 0.000000
-8.547649 -3.984333 -7.229760
-0.949314 -0.280447 -0.141960
255 255 255 255
0.563965 0.094910
0 0 0 0
1.000000 0.000000 0.000000 0.000000
-8.442598 -4.364530 -7.182251
-0.948798 -0.282189 -0.141960
255 255 255 255
0.563965 0.085632
0 0 0 0
1.000000 0.000000 0.000000 0.000000
-8.256004 -5.104139 -6.966995
-0.949957 -0.282136 -0.134095
255 255 255 255
0.566895 0.064636
0 0 0 0
1.000000 0.000000 0.000000 0.000000
-8.503823 -4.115532 -7.263684
-0.948829 -0.282461 -0.141203
255 255 255 255
0.562988 0.091797
0 0 0 0
1.000000 0.000000 0.000000 0.000000
-8.468836 -4.242308 -7.247856
-0.948829 -0.282461 -0.141203
255 255 255 255
0.562988 0.088745
0 0 0 0
1.000000 0.000000 0.000000 0.000000
-7.493587 -5.219573 -11.263009
-0.842204 -0.288103 -0.455729
255 255 255 255
0.624512 0.039917
0 0 0 0
1.000000 0.000000 0.000000 0.000000
-7.314059 -5.141500 -11.191628
0.807797 0.160614 -0.567157
255 255 255 255
0.624512 0.043365
0 0 0 0
1.000000 0.000000 0.000000 0.000000
-7.888686 -3.802179 -11.433114
-0.821587 -0.288327 -0.491796
255 255 255 255
0.644531 0.039917
0 0 0 0
1.000000 0.000000 0.000000 0.000000
-7.274997 -5.081820 -10.893702
0.625479 0.086046 -0.775482
255 255 255 255
0.624512 0.047852
0 0 0 0
1.000000 0.000000 0.000000 0.000000
-7.709656 -3.724142 -11.361733
0.830504 0.172042 -0.529779
255 255 255 255
0.644531 0.043365
0 0 0 0
1.000000 0.000000 0.000000 0.000000
-6.801800 -4.887861 -10.768471
0.268950 -0.038363 -0.962390
255 255 255 255
0.624512 0.054718
0 0 0 0
1.000000 0.000000 0.000000 0.000000
-7.671797 -3.664419 -11.063823
0.594596 0.072218 -0.800774
255 255 255 255
0.644531 0.047852
0 0 0 0
1.000000 0.000000 0.000000 0.000000
-7.199813 -3.470425 -10.938627
0.268950 -0.038363 -0.962390
255 255 255 255
0.644531 0.054718
0 0 0 0
1.000000 0.000000 0.000000 0.000000
-6.840164 -4.798429 -10.075522
0.337738 -0.930425 0.142275
255 255 255 255
0.384033 0.056854
0 0 0 0
1.000000 0.000000 0.000000 0.000000
-6.818761 -4.848528 -10.459680
0.336234 -0.931354 0.139737
255 255 255 255
0.383789 0.051361
0 0 0 0
1.000000 0.000000 0.000000 0.000000
-7.366811 -4.994412 -10.090005
0.337123 -0.930703 0.141916
255 255 255 255
0.376709 0.056854
0 0 0 0
1.000000 0.000000 0.000000 0.000000
-6.801800 -4.887861 -10.768471
0.336819 -0.930832 0.141793
255 255 255 255
0.383545 0.046814
0 0 0 0
1.000000 0.000000 0.000000 0.000000
-7.384444 -5.055785 -10.460325
0.343417 -0.928467 0.141472
255 255 255 255
0.375732 0.050446
0 0 0 0
1.000000 0.000000 0.000000 0.000000
-7.274997 -5.081820 -10.893702
0.352266 -0.925267 0.140677
255 255 255 255
0.376709 0.045227
0 0 0 0
1.000000 0.000000 0.000000 0.000000
-7.615276 -5.180606 -10.642348
0.365298 -0.920010 0.141916
255 255 255 255
0.371338 0.047821
0 0 0 0
1.000000 0.000000 0.000000 0.000000
-7.314059 -5.141500 -11.191628
0.346214 -0.927316 0.142199
255 255 255 255
0.375488 0.040924
0 0 0 0
1.000000 0.000000 0.000000 0.000000
-7.493587 -5.219573 -11.263009
0.359567 -0.923739 0.131978
255 255 255 255
0.372314 0.039917
0 0 0 0
1.000000 0.000000 0.000000 0.000000
8.529436 -5.014977 -5.982018
0.092808 0.094955 0.991146
255 255 255 255
0.599609 0.067383
0 0 0 0
1.000000 0.000000 0.000000 0.000000
8.378021 -4.679444 -6.000254
0.102004 0.092427 0.990481
255 255 255 255
0.604980 0.073669
0 0 0 0
1.000000 0.000000 0.000000 0.000000
9.060839 -3.115811 -6.219263
0.092808 0.094955 0.991146
255 255 255 255
0.599609 0.114014
0 0 0 0
1.000000 0.000000 0.000000 0.000000
7.992013 -4.563304 -5.967796
0.111546 0.089801 0.989694
255 255 255 255
0.616211 0.072144
0 0 0 0
1.000000 0.000000 0.000000 0.000000
8.766000 -3.294728 -6.173212
0.103372 0.092872 0.990297
255 255 255 255
0.604980 0.107666
0 0 0 0
1.000000 0.000000 0.000000 0.000000
8.391807 -3.153521 -6.142010
0.112398 0.090505 0.989533
255 255 255 255
0.615723 0.109131
0 0 0 0
1.000000 0.000000 0.000000 0.000000
8.529436 -5.014977 -5.982018
-0.900760 -0.390776 0.189540
255 255 255 255
0.596680 0.057373
0 0 0 0
1.000000 0.000000 0.000000 0.000000
8.444297 -5.058865 -6.467003
-0.900760 -0.390776 0.189540
255 255 255 255
0.585938 0.057373
0 0 0 0
1.000000 0.000000 0.000000 0.000000
8.378021 -4.679444 -6.000254
-0.900760 -0.390776 0.189540
255 255 255 255
0.596680 0.048950
0 0 0 0
1.000000 0.000000 0.000000 0.000000
8.356958 -5.104139 -6.966995
-0.902912 -0.385439 0.190228
255 255 255 255
0.574707 0.057373
0 0 0 0
1.000000 0.000000 0.000000 0.000000
8.164160 -4.791256 -7.235221
-0.903633 -0.383407 0.190908
255 255 255 255
0.569336 0.048950
0 0 0 0
1.000000 0.000000 0.000000 0.000000
8.270816 -5.149562 -7.458219
-0.903633 -0.383407 0.190908
255 255 255 255
0.563965 0.057373
0 0 0 0
1.000000 0.000000 0.000000 0.000000
8.097692 -5.239954 -8.466989
-0.905008 -0.381536 0.188126
255 255 255 255
0.541504 0.057373
0 0 0 0
1.000000 0.000000 0.000000 0.000000
7.823689 -4.972311 -9.235243
-0.908394 -0.376494 0.181857
255 255 255 255
0.525391 0.048950
0 0 0 0
1.000000 0.000000 0.000000 0.000000
8.184384 -5.194828 -7.958210
-0.905008 -0.381536 0.188126
255 255 255 255
0.552734 0.057373
0 0 0 0
1.000000 0.000000 0.000000 0.000000
8.012168 -5.285185 -8.966990
-0.905008 -0.381536 0.188126
255 255 255 255
0.530762 0.057373
0 0 0 0
1.000000 0.000000 0.000000 0.000000
7.842491 -5.375717 -9.966990
-0.914407 -0.365500 0.173984
255 255 255 255
0.508789 0.057373
0 0 0 0
1.000000 0.000000 0.000000 0.000000
7.623535 -5.086820 -10.500225
-0.913052 -0.368870 0.173984
255 255 255 255
0.497314 0.048950
0 0 0 0
1.000000 0.000000 0.000000 0.000000
7.927098 -5.330460 -9.467025
-0.905008 -0.381536 0.188126
255 255 255 255
0.519531 0.057373
0 0 0 0
1.000000 0.000000 0.000000 0.000000
7.767027 -5.422308 -10.481973
-0.913749 -0.366843 0.174611
255 255 255 255
0.497314 0.057373
0 0 0 0
1.000000 0.000000 0.000000 0.000000
8.278092 -3.523185 -10.719217
-0.538176 0.842827 0.002965
255 255 255 255
0.497314 0.122620
0 0 0 0
1.000000 0.000000 0.000000 0.000000
8.354917 -3.476559 -10.204235
-0.536085 0.844154 0.004051
255 255 255 255
0.508789 0.122620
0 0 0 0
1.000000 0.000000 0.000000 0.000000
7.996532 -3.702067 -10.673219
-0.537856 0.843014 0.006214
255 255 255 255
0.497314 0.131104
0 0 0 0
1.000000 0.000000 0.000000 0.000000
8.437422 -3.431267 -9.704217
-0.529400 0.848309 0.010434
255 255 255 255
0.519531 0.122620
0 0 0 0
1.000000 0.000000 0.000000 0.000000
8.197385 -3.587550 -9.408209
-0.527262 0.849625 0.011450
255 255 255 255
0.525391 0.130981
0 0 0 0
1.000000 0.000000 0.000000 0.000000
8.525518 -3.386036 -9.204233
-0.530483 0.847569 0.014653
255 255 255 255
0.530762 0.122559
0 0 0 0
1.000000 0.000000 0.000000 0.000000
8.614053 -3.340752 -8.704250
-0.525115 0.850940 0.012452
255 255 255 255
0.541504 0.122559
0 0 0 0
1.000000 0.000000 0.000000 0.000000
8.546685 -3.406496 -7.408198
-0.520795 0.853560 0.014409
255 255 255 255
0.569336 0.130859
0 0 0 0
1.000000 0.000000 0.000000 0.000000
8.703834 -3.295670 -8.195473
-0.525115 0.850940 0.012452
255 255 255 255
0.552734 0.122498
0 0 0 0
1.000000 0.000000 0.000000 0.000000
8.972767 -3.159707 -6.704264
-0.515379 0.856875 0.012184
255 255 255 255
0.585938 0.122437
0 0 0 0
1.000000 0.000000 0.000000 0.000000
8.766000 -3.294728 -6.173212
-0.515379 0.856875 0.012184
255 255 255 255
0.596680 0.130859
0 0 0 0
1.000000 0.000000 0.000000 0.000000
8.882410 -3.204964 -7.204221
-0.520795 0.853560 0.014409
255 255 255 255
0.574707 0.122498
0 0 0 0
1.000000 0.000000 0.000000 0.000000
8.793292 -3.250378 -7.695480
-0.520795 0.853560 0.014409
255 255 255 255
0.563965 0.122498
0 0 0 0
1.000000 0.000000 0.000000 0.000000
9.060839 -3.115811 -6.219263
-0.515379 0.856875 0.012184
255 255 255 255
0.596680 0.122437
0 0 0 0
1.000000 0.000000 0.000000 0.000000
8.569790 -4.242308 -7.247856
0.949432 -0.277759 -0.146383
255 255 255 255
0.562988 0.088745
0 0 0 0
1.000000 0.000000 0.000000 0.000000
8.543553 -4.364530 -7.182251
0.949432 -0.277759 -0.146383
255 255 255 255
0.563965 0.085632
0 0 0 0
1.000000 0.000000 0.000000 0.000000
8.604787 -4.115532 -7.263684
0.949432 -0.277759 -0.146383
255 255 255 255
0.562988 0.091797
0 0 0 0
1.000000 0.000000 0.000000 0.000000
8.529899 -4.480277 -7.044945
0.948471 -0.281801 -0.144882
255 255 255 255
0.566895 0.082581
0 0 0 0
1.000000 0.000000 0.000000 0.000000
8.648603 -3.984333 -7.229760
0.949432 -0.277759 -0.146383
255 255 255 255
0.563965 0.094910
0 0 0 0
1.000000 0.000000 0.000000 0.000000
8.618232 -4.435011 -6.544944
0.948471 -0.281801 -0.144882
255 255 255 255
0.577148 0.082581
0 0 0 0
1.000000 0.000000 0.000000 0.000000
8.705230 -3.846581 -7.124107
0.948471 -0.281801 -0.144882
255 255 255 255
0.566895 0.097961
0 0 0 0
1.000000 0.000000 0.000000 0.000000
8.444297 -5.058865 -6.467003
0.949052 -0.281642 -0.141343
255 255 255 255
0.577148 0.064697
0 0 0 0
1.000000 0.000000 0.000000 0.000000
8.356958 -5.104139 -6.966995
0.949052 -0.281642 -0.141343
255 255 255 255
0.566895 0.064636
0 0 0 0
1.000000 0.000000 0.000000 0.000000
8.670033 -4.299859 -6.467779
0.948471 -0.281801 -0.144882
255 255 255 255
0.579102 0.085632
0 0 0 0
1.000000 0.000000 0.000000 0.000000
8.794566 -3.801324 -6.624081
0.948471 -0.281801 -0.144882
255 255 255 255
0.577148 0.098022
0 0 0 0
1.000000 0.000000 0.000000 0.000000
8.882410 -3.204964 -7.204221
0.947878 -0.281959 -0.148414
255 255 255 255
0.566895 0.116333
0 0 0 0
1.000000 0.000000 0.000000 0.000000
8.775947 -3.919654 -6.515296
0.948471 -0.281801 -0.144882
255 255 255 255
0.579102 0.094910
0 0 0 0
1.000000 0.000000 0.000000 0.000000
8.972767 -3.159707 -6.704264
0.947878 -0.281959 -0.148414
255 255 255 255
0.577148 0.116333
0 0 0 0
1.000000 0.000000 0.000000 0.000000
8.713528 -4.168956 -6.437695
0.947953 -0.283539 -0.144882
255 255 255 255
0.580078 0.088745
0 0 0 0
1.000000 0.000000 0.000000 0.000000
8.748856 -4.042216 -6.453496
0.948471 -0.281801 -0.144882
255 255 255 255
0.580078 0.091858
0 0 0 0
1.000000 0.000000 0.000000 0.000000
8.748856 -4.042216 -6.453496
-0.155062 -0.266856 -0.951180
255 255 255 255
0.399902 0.030609
0 0 0 0
1.000000 0.000000 0.000000 0.000000
8.713528 -4.168956 -6.437695
-0.044205 0.067038 -0.996771
255 255 255 255
0.396973 0.030594
0 0 0 0
1.000000 0.000000 0.000000 0.000000
9.007362 -4.133908 -6.469612
-0.153429 -0.251684 -0.955570
255 255 255 255
0.400146 0.024124
0 0 0 0
1.000000 0.000000 0.000000 0.000000
8.670033 -4.299859 -6.467779
0.058250 0.357686 -0.932023
255 255 255 255
0.393555 0.030579
0 0 0 0
1.000000 0.000000 0.000000 0.000000
8.972453 -4.259296 -6.453941
-0.040812 0.076391 -0.996242
255 255 255 255
0.396973 0.024109
0 0 0 0
1.000000 0.000000 0.000000 0.000000
8.618232 -4.435011 -6.544944
0.101634 0.466170 -0.878838
255 255 255 255
0.389893 0.030563
0 0 0 0
1.000000 0.000000 0.000000 0.000000
8.877594 -4.522724 -6.561522
0.101634 0.466170 -0.878838
255 255 255 255
0.390137 0.024078
0 0 0 0
1.000000 0.000000 0.000000 0.000000
8.929238 -4.388864 -6.484235
0.060411 0.359197 -0.931305
255 255 255 255
0.393799 0.024094
0 0 0 0
1.000000 0.000000 0.000000 0.000000
8.794566 -3.801324 -6.624081
-0.276405 -0.629264 -0.726380
255 255 255 255
0.406982 0.030640
0 0 0 0
1.000000 0.000000 0.000000 0.000000
8.775947 -3.919654 -6.515296
-0.245996 -0.538797 -0.805720
255 255 255 255
0.403320 0.030624
0 0 0 0
1.000000 0.000000 0.000000 0.000000
9.051808 -3.895669 -6.639882
-0.275209 -0.629788 -0.726380
255 255 255 255
0.406982 0.024155
0 0 0 0
1.000000 0.000000 0.000000 0.000000
8.748856 -4.042216 -6.453496
-0.155062 -0.266856 -0.951180
255 255 255 255
0.399902 0.030609
0 0 0 0
1.000000 0.000000 0.000000 0.000000
9.033895 -4.012646 -6.531202
-0.243152 -0.523830 -0.816382
255 255 255 255
0.403320 0.024139
0 0 0 0
1.000000 0.000000 0.000000 0.000000
9.007362 -4.133908 -6.469612
-0.153429 -0.251684 -0.955570
255 255 255 255
0.400146 0.024124
0 0 0 0
1.000000 0.000000 0.000000 0.000000
7.125637 -4.950813 -10.453179
-0.205055 -0.973800 0.098313
255 255 255 255
0.497314 0.031769
0 0 0 0
1.000000 0.000000 0.000000 0.000000
7.179444 -4.949923 -10.048273
-0.197373 -0.974722 0.104696
255 255 255 255
0.506348 0.032043
0 0 0 0
1.000000 0.000000 0.000000 0.000000
7.623535 -5.086820 -10.500225
-0.205738 -0.973582 0.099046
255 255 255 255
0.497314 0.045715
0 0 0 0
1.000000 0.000000 0.000000 0.000000
7.848816 -4.644736 -6.501127
-0.199132 -0.970762 0.134042
255 255 255 255
0.584473 0.034302
0 0 0 0
1.000000 0.000000 0.000000 0.000000
7.823689 -4.972311 -9.235243
-0.188724 -0.974864 0.118425
255 255 255 255
0.525391 0.045715
0 0 0 0
1.000000 0.000000 0.000000 0.000000
7.992013 -4.563304 -5.967796
-0.208078 -0.966970 0.147213
255 255 255 255
0.596680 0.034668
0 0 0 0
1.000000 0.000000 0.000000 0.000000
8.378021 -4.679444 -6.000254
-0.204786 -0.968084 0.144484
255 255 255 255
0.596680 0.045715
0 0 0 0
1.000000 0.000000 0.000000 0.000000
8.164160 -4.791256 -7.235221
-0.185236 -0.975193 0.121184
255 255 255 255
0.569336 0.045715
0 0 0 0
1.000000 0.000000 0.000000 0.000000
8.649084 -4.704948 -5.333464
0.915084 -0.209310 0.344689
255 255 255 255
0.644531 0.039917
0 0 0 0
1.000000 0.000000 0.000000 0.000000
8.437814 -4.643166 -5.387647
-0.671663 0.279828 0.685977
255 255 255 255
0.644531 0.043365
0 0 0 0
1.000000 0.000000 0.000000 0.000000
9.043336 -3.307946 -5.524623
0.907842 -0.202726 0.367049
255 255 255 255
0.624512 0.039917
0 0 0 0
1.000000 0.000000 0.000000 0.000000
8.314686 -4.640783 -5.696010
-0.458436 0.243692 0.854665
255 255 255 255
0.644531 0.047852
0 0 0 0
1.000000 0.000000 0.000000 0.000000
8.832267 -3.246216 -5.578805
-0.686928 0.281386 0.670039
255 255 255 255
0.624512 0.043365
0 0 0 0
1.000000 0.000000 0.000000 0.000000
7.782750 -4.473323 -5.777048
-0.100316 0.160628 0.981904
255 255 255 255
0.644531 0.054718
0 0 0 0
1.000000 0.000000 0.000000 0.000000
8.707909 -3.243782 -5.887229
-0.435198 0.240958 0.867492
255 255 255 255
0.624512 0.047852
0 0 0 0
1.000000 0.000000 0.000000 0.000000
8.177458 -3.071155 -5.970344
-0.100316 0.160628 0.981904
255 255 255 255
0.624512 0.054718
0 0 0 0
1.000000 0.000000 0.000000 0.000000
7.641525 -4.528317 -6.464839
-0.290935 -0.945329 0.147343
255 255 255 255
0.671387 0.043396
0 0 0 0
1.000000 0.000000 0.000000 0.000000
7.726439 -4.490712 -6.083107
-0.290408 -0.946763 0.138935
255 255 255 255
0.671387 0.037903
0 0 0 0
1.000000 0.000000 0.000000 0.000000
8.163628 -4.688457 -6.508744
-0.289456 -0.945845 0.146946
255 255 255 255
0.678223 0.043396
0 0 0 0
1.000000 0.000000 0.000000 0.000000
7.782750 -4.473323 -5.777048
-0.304285 -0.947331 0.099872
255 255 255 255
0.671387 0.033386
0 0 0 0
1.000000 0.000000 0.000000 0.000000
8.324946 -4.673119 -6.058851
-0.306545 -0.944377 0.119090
255 255 255 255
0.679199 0.036987
0 0 0 0
1.000000 0.000000 0.000000 0.000000
8.314686 -4.640783 -5.696010
-0.330176 -0.938139 0.104306
255 255 255 255
0.678223 0.031769
0 0 0 0
1.000000 0.000000 0.000000 0.000000
8.608896 -4.776145 -5.899182
-0.351526 -0.928862 0.116812
255 255 255 255
0.683594 0.034363
0 0 0 0
1.000000 0.000000 0.000000 0.000000
8.437814 -4.643166 -5.387647
-0.308993 -0.943717 0.117989
255 255 255 255
0.679688 0.027466
0 0 0 0
1.000000 0.000000 0.000000 0.000000
8.649084 -4.704948 -5.333464
-0.329497 -0.933947 0.138476
255 255 255 255
0.682617 0.026459
0 0 0 0
1.000000 0.000000 0.000000 0.000000
7.867401 -3.577019 -10.260128
0.960290 -0.262084 0.095683
255 255 255 255
0.644531 0.020340
0 0 0 0
1.000000 0.000000 0.000000 0.000000
7.880383 -3.662683 -10.628336
0.876526 -0.196180 0.439563
255 255 255 255
0.644531 0.026794
0 0 0 0
1.000000 0.000000 0.000000 0.000000
7.467765 -4.994412 -10.090005
0.960290 -0.262084 0.095683
255 255 255 255
0.624512 0.020340
0 0 0 0
1.000000 0.000000 0.000000 0.000000
8.113432 -3.763231 -10.812463
0.951854 -0.247120 0.181399
255 255 255 255
0.644531 0.031982
0 0 0 0
1.000000 0.000000 0.000000 0.000000
7.485390 -5.055785 -10.460325
0.860619 -0.190356 0.472334
255 255 255 255
0.624512 0.026794
0 0 0 0
1.000000 0.000000 0.000000 0.000000
7.989631 -3.802179 -11.433114
0.817689 -0.290327 -0.497087
255 255 255 255
0.644531 0.039917
0 0 0 0
1.000000 0.000000 0.000000 0.000000
7.594541 -5.219573 -11.263009
0.838465 -0.290289 -0.461204
255 255 255 255
0.624512 0.039917
0 0 0 0
1.000000 0.000000 0.000000 0.000000
7.716230 -5.180606 -10.642348
0.955246 -0.251392 0.155905
255 255 255 255
0.624512 0.031982
0 0 0 0
1.000000 0.000000 0.000000 0.000000
7.348763 -3.383706 -10.245688
0.359038 0.918005 -0.168399
255 255 255 255
0.671387 0.043396
0 0 0 0
1.000000 0.000000 0.000000 0.000000
7.321969 -3.432401 -10.630256
0.364393 0.917393 -0.160026
255 255 255 255
0.671387 0.037903
0 0 0 0
1.000000 0.000000 0.000000 0.000000
7.867401 -3.577019 -10.260128
0.359402 0.918686 -0.163848
255 255 255 255
0.678223 0.043396
0 0 0 0
1.000000 0.000000 0.000000 0.000000
7.300767 -3.470425 -10.938627
0.368927 0.922508 -0.113458
255 255 255 255
0.671387 0.033386
0 0 0 0
1.000000 0.000000 0.000000 0.000000
7.880383 -3.662683 -10.628336
0.358630 0.923565 -0.135692
255 255 255 255
0.679199 0.036987
0 0 0 0
1.000000 0.000000 0.000000 0.000000
7.772751 -3.664419 -11.063823
0.356447 0.928160 -0.107076
255 255 255 255
0.678223 0.031769
0 0 0 0
1.000000 0.000000 0.000000 0.000000
8.113432 -3.763231 -10.812463
0.350026 0.930751 -0.105753
255 255 255 255
0.683594 0.034363
0 0 0 0
1.000000 0.000000 0.000000 0.000000
7.810609 -3.724142 -11.361733
0.348739 0.926887 -0.138783
255 255 255 255
0.679688 0.027466
0 0 0 0
1.000000 0.000000 0.000000 0.000000
7.989631 -3.802179 -11.433114
0.361965 0.923281 -0.128584
255 255 255 255
0.682617 0.026459
0 0 0 0
1.000000 0.000000 0.000000 0.000000
-8.428482 -5.014977 -5.982018
-0.095974 0.097205 0.990626
255 255 255 255
0.599609 0.067383
0 0 0 0
1.000000 0.000000 0.000000 0.000000
-8.959884 -3.115811 -6.219263
-0.095974 0.097205 0.990626
255 255 255 255
0.599609 0.114014
0 0 0 0
1.000000 0.000000 0.000000 0.000000
-8.277066 -4.679444 -6.000254
-0.105193 0.094641 0.989938
255 255 255 255
0.604980 0.073669
0 0 0 0
1.000000 0.000000 0.000000 0.000000
-8.665046 -3.294728 -6.173212
-0.106470 0.095210 0.989747
255 255 255 255
0.604980 0.107666
0 0 0 0
1.000000 0.000000 0.000000 0.000000
-7.891059 -4.563304 -5.967796
-0.114818 0.091885 0.989128
255 255 255 255
0.616211 0.072144
0 0 0 0
1.000000 0.000000 0.000000 0.000000
-8.290853 -3.153521 -6.142010
-0.115453 0.092894 0.988960
255 255 255 255
0.615723 0.109131
0 0 0 0
1.000000 0.000000 0.000000 0.000000
-8.647901 -4.042216 -6.453496
0.151356 -0.265562 -0.952139
255 255 255 255
0.399902 0.030609
0 0 0 0
1.000000 0.000000 0.000000 0.000000
-8.906408 -4.133908 -6.469612
0.148008 -0.252551 -0.956196
255 255 255 255
0.400146 0.024124
0 0 0 0
1.000000 0.000000 0.000000 0.000000
-8.612581 -4.168956 -6.437695
0.036719 0.063886 -0.997281
255 255 255 255
0.396973 0.030594
0 0 0 0
1.000000 0.000000 0.000000 0.000000
-8.871499 -4.259296 -6.453941
0.035542 0.071604 -0.996800
255 255 255 255
0.396973 0.024109
0 0 0 0
1.000000 0.000000 0.000000 0.000000
-8.569087 -4.299859 -6.467779
-0.102262 0.387358 -0.916240
255 255 255 255
0.393555 0.030579
0 0 0 0
1.000000 0.000000 0.000000 0.000000
-8.828283 -4.388864 -6.484235
-0.101593 0.387534 -0.916240
255 255 255 255
0.393799 0.024094
0 0 0 0
1.000000 0.000000 0.000000 0.000000
-8.776640 -4.522724 -6.561522
-0.170013 0.509719 -0.843376
255 255 255 255
0.390137 0.024078
0 0 0 0
1.000000 0.000000 0.000000 0.000000
-8.512060 -4.437314 -6.575019
-0.166991 0.508214 -0.844886
255 255 255 255
0.389893 0.030563
0 0 0 0
1.000000 0.000000 0.000000 0.000000
-8.688394 -3.803619 -6.654138
0.247003 -0.689436 -0.680931
255 255 255 255
0.406982 0.030640
0 0 0 0
1.000000 0.000000 0.000000 0.000000
-8.950853 -3.895669 -6.639882
0.246471 -0.690757 -0.679785
255 255 255 255
0.406982 0.024155
0 0 0 0
1.000000 0.000000 0.000000 0.000000
-8.674993 -3.919654 -6.515296
0.230249 -0.578877 -0.782232
255 255 255 255
0.403320 0.030624
0 0 0 0
1.000000 0.000000 0.000000 0.000000
-8.932941 -4.012646 -6.531202
0.226924 -0.562327 -0.795169
255 255 255 255
0.403320 0.024139
0 0 0 0
1.000000 0.000000 0.000000 0.000000
-8.647901 -4.042216 -6.453496
0.151356 -0.265562 -0.952139
255 255 255 255
0.399902 0.030609
0 0 0 0
1.000000 0.000000 0.000000 0.000000
-8.906408 -4.133908 -6.469612
0.148008 -0.252551 -0.956196
255 255 255 255
0.400146 0.024124
0 0 0 0
1.000000 0.000000 0.000000 0.000000
-7.024683 -4.950813 -10.453179
0.202301 -0.974350 0.098573
255 255 255 255
0.497314 0.031769
0 0 0 0
1.000000 0.000000 0.000000 0.000000
-7.522580 -5.086820 -10.500225
0.202966 -0.974142 0.099260
255 255 255 255
0.497314 0.045715
0 0 0 0
1.000000 0.000000 0.000000 0.000000
-7.078490 -4.949923 -10.048273
0.194580 -0.975264 0.104879
255 255 255 255
0.506348 0.032043
0 0 0 0
1.000000 0.000000 0.000000 0.000000
-7.722734 -4.972311 -9.235243
0.185886 -0.975395 0.118540
255 255 255 255
0.525391 0.045715
0 0 0 0
1.000000 0.000000 0.000000 0.000000
-7.747863 -4.644736 -6.501127
0.196274 -0.971330 0.134142
255 255 255 255
0.584473 0.034302
0 0 0 0
1.000000 0.000000 0.000000 0.000000
-8.063206 -4.791256 -7.235221
0.182385 -0.975719 0.121276
255 255 255 255
0.569336 0.045715
0 0 0 0
1.000000 0.000000 0.000000 0.000000
-8.277066 -4.679444 -6.000254
0.201909 -0.968678 0.144553
255 255 255 255
0.596680 0.045715
0 0 0 0
1.000000 0.000000 0.000000 0.000000
-7.891059 -4.563304 -5.967796
0.205185 -0.967586 0.147229
255 255 255 255
0.596680 0.034668
0 0 0 0
1.000000 0.000000 0.000000 0.000000
-8.548129 -4.704948 -5.333464
-0.915714 -0.206216 0.344880
255 255 255 255
0.644531 0.039917
0 0 0 0
1.000000 0.000000 0.000000 0.000000
-8.942382 -3.307946 -5.524623
-0.908464 -0.199598 0.367224
255 255 255 255
0.624512 0.039917
0 0 0 0
1.000000 0.000000 0.000000 0.000000
-8.336860 -4.643166 -5.387647
0.671155 0.283182 0.685098
255 255 255 255
0.644531 0.043365
0 0 0 0
1.000000 0.000000 0.000000 0.000000
-8.731322 -3.246216 -5.578805
0.686428 0.284714 0.669144
255 255 255 255
0.624512 0.043365
0 0 0 0
1.000000 0.000000 0.000000 0.000000
-8.213722 -4.640783 -5.696010
0.457940 0.247304 0.853892
255 255 255 255
0.644531 0.047852
0 0 0 0
1.000000 0.000000 0.000000 0.000000
-8.606954 -3.243782 -5.887229
0.434696 0.244589 0.866727
255 255 255 255
0.624512 0.047852
0 0 0 0
1.000000 0.000000 0.000000 0.000000
-7.681787 -4.473323 -5.777048
0.099805 0.164451 0.981323
255 255 255 255
0.644531 0.054718
0 0 0 0
1.000000 0.000000 0.000000 0.000000
-8.076503 -3.071155 -5.970344
0.099805 0.164451 0.981323
255 255 255 255
0.624512 0.054718
0 0 0 0
1.000000 0.000000 0.000000 0.000000
-7.540581 -4.528317 -6.464839
0.289122 -0.946378 0.144140
255 255 255 255
0.671387 0.043396
0 0 0 0
1.000000 0.000000 0.000000 0.000000
-8.062674 -4.688457 -6.508744
0.287632 -0.946891 0.143750
255 255 255 255
0.678223 0.043396
0 0 0 0
1.000000 0.000000 0.000000 0.000000
-7.625493 -4.490712 -6.083107
0.288576 -0.947787 0.135739
255 255 255 255
0.671387 0.037903
0 0 0 0
1.000000 0.000000 0.000000 0.000000
-8.223991 -4.673119 -6.058851
0.304735 -0.945361 0.115887
255 255 255 255
0.679199 0.036987
0 0 0 0
1.000000 0.000000 0.000000 0.000000
-7.681787 -4.473323 -5.777048
0.302467 -0.948248 0.096646
255 255 255 255
0.671387 0.033386
0 0 0 0
1.000000 0.000000 0.000000 0.000000
-8.507941 -4.776145 -5.899182
0.349743 -0.929919 0.113708
255 255 255 255
0.683594 0.034363
0 0 0 0
1.000000 0.000000 0.000000 0.000000
-8.213722 -4.640783 -5.696010
0.328375 -0.939117 0.101141
255 255 255 255
0.678223 0.031769
0 0 0 0
1.000000 0.000000 0.000000 0.000000
-8.548129 -4.704948 -5.333464
0.327697 -0.935037 0.135357
255 255 255 255
0.682617 0.026459
0 0 0 0
1.000000 0.000000 0.000000 0.000000
-8.336860 -4.643166 -5.387647
0.307236 -0.944691 0.114732
255 255 255 255
0.679688 0.027466
0 0 0 0
1.000000 0.000000 0.000000 0.000000
-7.912488 -3.140485 -6.655483
-0.325458 0.930200 -0.169723
255 255 255 255
0.384033 0.056854
0 0 0 0
1.000000 0.000000 0.000000 0.000000
-8.003709 -3.099258 -6.276560
-0.325128 0.930224 -0.170219
255 255 255 255
0.383789 0.051361
0 0 0 0
1.000000 0.000000 0.000000 0.000000
-8.458095 -3.334374 -6.688131
-0.325128 0.930224 -0.170219
255 255 255 255
0.376709 0.056854
0 0 0 0
1.000000 0.000000 0.000000 0.000000
-8.076503 -3.071155 -5.970344
-0.329610 0.930090 -0.162141
255 255 255 255
0.383545 0.046814
0 0 0 0
1.000000 0.000000 0.000000 0.000000
-8.596519 -3.304439 -6.250803
-0.327259 0.930745 -0.163142
255 255 255 255
0.375732 0.050446
0 0 0 0
1.000000 0.000000 0.000000 0.000000
-8.606954 -3.243782 -5.887229
-0.328369 0.932819 -0.148399
255 255 255 255
0.376709 0.045227
0 0 0 0
1.000000 0.000000 0.000000 0.000000
-8.899533 -3.379169 -6.090419
-0.326345 0.933450 -0.148896
255 255 255 255
0.371338 0.047821
0 0 0 0
1.000000 0.000000 0.000000 0.000000
-8.731322 -3.246216 -5.578805
-0.306591 0.945372 -0.110788
255 255 255 255
0.375488 0.040924
0 0 0 0
1.000000 0.000000 0.000000 0.000000
-8.942382 -3.307946 -5.524623
-0.328633 0.934757 -0.135016
255 255 255 255
0.372314 0.039917
0 0 0 0
1.000000 0.000000 0.000000 0.000000
-7.766448 -3.577019 -10.260128
-0.961244 -0.260447 0.090431
255 255 255 255
0.644531 0.020340
0 0 0 0
1.000000 0.000000 0.000000 0.000000
-7.366811 -4.994412 -10.090005
-0.961244 -0.260447 0.090431
255 255 255 255
0.624512 0.020340
0 0 0 0
1.000000 0.000000 0.000000 0.000000
-7.779430 -3.662683 -10.628336
-0.878723 -0.195592 0.435419
255 255 255 255
0.644531 0.026794
0 0 0 0
1.000000 0.000000 0.000000 0.000000
-7.384444 -5.055785 -10.460325
-0.862924 -0.189857 0.468313
255 255 255 255
0.624512 0.026794
0 0 0 0
1.000000 0.000000 0.000000 0.000000
-8.012478 -3.763231 -10.812463
-0.953142 -0.245773 0.176399
255 255 255 255
0.644531 0.031982
0 0 0 0
1.000000 0.000000 0.000000 0.000000
-7.615276 -5.180606 -10.642348
-0.956437 -0.249960 0.150829
255 255 255 255
0.624512 0.031982
0 0 0 0
1.000000 0.000000 0.000000 0.000000
-7.493587 -5.219573 -11.263009
-0.842204 -0.288103 -0.455729
255 255 255 255
0.624512 0.039917
0 0 0 0
1.000000 0.000000 0.000000 0.000000
-7.888686 -3.802179 -11.433114
-0.821587 -0.288327 -0.491796
255 255 255 255
0.644531 0.039917
0 0 0 0
1.000000 0.000000 0.000000 0.000000
-7.247810 -3.383706 -10.245688
-0.364119 0.915685 -0.170115
255 255 255 255
0.671387 0.043396
0 0 0 0
1.000000 0.000000 0.000000 0.000000
-7.766448 -3.577019 -10.260128
-0.362568 0.916424 -0.169443
255 255 255 255
0.678223 0.043396
0 0 0 0
1.000000 0.000000 0.000000 0.000000
-7.221014 -3.432401 -10.630256
-0.365598 0.916414 -0.162863
255 255 255 255
0.671387 0.037903
0 0 0 0
1.000000 0.000000 0.000000 0.000000
-7.779430 -3.662683 -10.628336
-0.359926 0.922095 -0.142102
255 255 255 255
0.679199 0.036987
0 0 0 0
1.000000 0.000000 0.000000 0.000000
-7.199813 -3.470425 -10.938627
-0.372157 0.920491 -0.119143
255 255 255 255
0.671387 0.033386
0 0 0 0
1.000000 0.000000 0.000000 0.000000
-8.012478 -3.763231 -10.812463
-0.351368 0.929913 -0.108642
255 255 255 255
0.683594 0.034363
0 0 0 0
1.000000 0.000000 0.000000 0.000000
-7.671797 -3.664419 -11.063823
-0.361602 0.926011 -0.108388
255 255 255 255
0.678223 0.031769
0 0 0 0
1.000000 0.000000 0.000000 0.000000
-7.888686 -3.802179 -11.433114
-0.363247 0.921856 -0.135032
255 255 255 255
0.682617 0.026459
0 0 0 0
1.000000 0.000000 0.000000 0.000000
-7.709656 -3.724142 -11.361733
-0.349799 0.926026 -0.141831
255 255 255 255
0.679688 0.027466
0 0 0 0
1.000000 0.000000 0.000000 0.000000
7.767027 -5.422308 -10.481973
-0.102391 -0.095423 -0.990157
255 255 255 255
0.450928 0.096252
0 0 0 0
1.000000 0.000000 0.000000 0.000000
8.278092 -3.523185 -10.719217
-0.102391 -0.095423 -0.990157
255 255 255 255
0.497559 0.096252
0 0 0 0
1.000000 0.000000 0.000000 0.000000
7.623535 -5.086820 -10.500225
-0.113598 -0.089787 -0.989461
255 255 255 255
0.457275 0.101807
0 0 0 0
1.000000 0.000000 0.000000 0.000000
7.996532 -3.702067 -10.673219
-0.115775 -0.091455 -0.989056
255 255 255 255
0.491455 0.101807
0 0 0 0
1.000000 0.000000 0.000000 0.000000
7.125637 -4.950813 -10.453179
-0.121598 -0.088307 -0.988643
255 255 255 255
0.455322 0.115601
0 0 0 0
1.000000 0.000000 0.000000 0.000000
7.536170 -3.491539 -10.637593
-0.121290 -0.088729 -0.988643
255 255 255 255
0.493164 0.115479
0 0 0 0
1.000000 0.000000 0.000000 0.000000
7.536170 -3.491539 -10.637593
0.452141 0.874432 -0.175887
255 255 255 255
0.497314 0.148804
0 0 0 0
1.000000 0.000000 0.000000 0.000000
7.996532 -3.702067 -10.673219
0.451925 0.875093 -0.173135
255 255 255 255
0.497314 0.135010
0 0 0 0
1.000000 0.000000 0.000000 0.000000
7.611433 -3.412307 -10.232024
0.459797 0.871567 -0.170169
255 255 255 255
0.506348 0.148560
0 0 0 0
1.000000 0.000000 0.000000 0.000000
8.197385 -3.587550 -9.408209
0.468279 0.869650 -0.156279
255 255 255 255
0.525391 0.134888
0 0 0 0
1.000000 0.000000 0.000000 0.000000
8.279384 -3.140407 -6.711515
0.444630 0.884601 -0.140660
255 255 255 255
0.583984 0.145874
0 0 0 0
1.000000 0.000000 0.000000 0.000000
8.546685 -3.406496 -7.408198
0.467620 0.870190 -0.155247
255 255 255 255
0.569336 0.134888
0 0 0 0
1.000000 0.000000 0.000000 0.000000
8.766000 -3.294728 -6.173212
0.421784 0.897786 -0.126804
255 255 255 255
0.596680 0.134766
0 0 0 0
1.000000 0.000000 0.000000 0.000000
8.391807 -3.153521 -6.142010
0.422419 0.897898 -0.123859
255 255 255 255
0.596680 0.145508
0 0 0 0
1.000000 0.000000 0.000000 0.000000
8.826334 -4.332657 -7.264077
0.156109 0.281626 0.946740
255 255 255 255
0.396973 0.040710
0 0 0 0
1.000000 0.000000 0.000000 0.000000
8.569790 -4.242308 -7.247856
0.152516 0.264849 0.952152
255 255 255 255
0.396973 0.034241
0 0 0 0
1.000000 0.000000 0.000000 0.000000
8.860911 -4.207251 -7.279765
0.032588 -0.073888 0.996734
255 255 255 255
0.399902 0.040710
0 0 0 0
1.000000 0.000000 0.000000 0.000000
8.604787 -4.115532 -7.263684
0.028678 -0.087107 0.995786
255 255 255 255
0.399902 0.034241
0 0 0 0
1.000000 0.000000 0.000000 0.000000
8.904449 -4.077299 -7.245658
-0.103357 -0.426687 0.898474
255 255 255 255
0.403320 0.040741
0 0 0 0
1.000000 0.000000 0.000000 0.000000
8.648603 -3.984333 -7.229760
-0.105921 -0.431734 0.895760
255 255 255 255
0.403320 0.034241
0 0 0 0
1.000000 0.000000 0.000000 0.000000
8.961015 -3.940908 -7.139856
-0.159523 -0.560912 0.812361
255 255 255 255
0.407227 0.040741
0 0 0 0
1.000000 0.000000 0.000000 0.000000
8.705230 -3.846581 -7.124107
-0.159523 -0.560912 0.812361
255 255 255 255
0.407471 0.034271
0 0 0 0
1.000000 0.000000 0.000000 0.000000
8.787786 -4.567981 -7.061549
0.286816 0.719408 0.632604
255 255 255 255
0.389404 0.040680
0 0 0 0
1.000000 0.000000 0.000000 0.000000
8.529899 -4.480277 -7.044945
0.286816 0.719408 0.632604
255 255 255 255
0.389404 0.034210
0 0 0 0
1.000000 0.000000 0.000000 0.000000
8.800665 -4.453543 -7.198664
0.256298 0.611866 0.748286
255 255 255 255
0.393555 0.040710
0 0 0 0
1.000000 0.000000 0.000000 0.000000
8.543553 -4.364530 -7.182251
0.253558 0.595648 0.762176
255 255 255 255
0.393555 0.034210
0 0 0 0
1.000000 0.000000 0.000000 0.000000
8.826334 -4.332657 -7.264077
0.156109 0.281626 0.946740
255 255 255 255
0.396973 0.040710
0 0 0 0
1.000000 0.000000 0.000000 0.000000
8.569790 -4.242308 -7.247856
0.152516 0.264849 0.952152
255 255 255 255
0.396973 0.034241
0 0 0 0
1.000000 0.000000 0.000000 0.000000
8.013442 -3.140485 -6.655483
0.320274 0.931157 -0.174272
255 255 255 255
0.384033 0.056854
0 0 0 0
1.000000 0.000000 0.000000 0.000000
8.559050 -3.334374 -6.688131
0.321986 0.930567 -0.174272
255 255 255 255
0.376709 0.056854
0 0 0 0
1.000000 0.000000 0.000000 0.000000
8.104664 -3.099258 -6.276560
0.321986 0.930567 -0.174272
255 255 255 255
0.383789 0.051361
0 0 0 0
1.000000 0.000000 0.000000 0.000000
8.697473 -3.304439 -6.250803
0.323912 0.930552 -0.170748
255 255 255 255
0.375732 0.050446
0 0 0 0
1.000000 0.000000 0.000000 0.000000
8.177458 -3.071155 -5.970344
0.326493 0.930467 -0.166236
255 255 255 255
0.383545 0.046814
0 0 0 0
1.000000 0.000000 0.000000 0.000000
9.000486 -3.379169 -6.090419
0.323235 0.933866 -0.153013
255 255 255 255
0.371338 0.047821
0 0 0 0
1.000000 0.000000 0.000000 0.000000
8.707909 -3.243782 -5.887229
0.323029 0.933347 -0.156576
255 255 255 255
0.376709 0.045227
0 0 0 0
1.000000 0.000000 0.000000 0.000000
9.043336 -3.307946 -5.524623
0.323514 0.935863 -0.139638
255 255 255 255
0.372314 0.039917
0 0 0 0
1.000000 0.000000 0.000000 0.000000
8.832267 -3.246216 -5.578805
0.303217 0.945517 -0.118563
255 255 255 255
0.375488 0.040924
0 0 0 0
1.000000 0.000000 0.000000 0.000000
7.594541 -5.219573 -11.263009
0.838465 -0.290289 -0.461204
255 255 255 255
0.624512 0.039917
0 0 0 0
1.000000 0.000000 0.000000 0.000000
7.989631 -3.802179 -11.433114
0.817689 -0.290327 -0.497087
255 255 255 255
0.644531 0.039917
0 0 0 0
1.000000 0.000000 0.000000 0.000000
7.415005 -5.141500 -11.191628
-0.810576 0.159430 -0.563514
255 255 255 255
0.624512 0.043365
0 0 0 0
1.000000 0.000000 0.000000 0.000000
7.810609 -3.724142 -11.361733
-0.834705 0.168952 -0.524139
255 255 255 255
0.644531 0.043365
0 0 0 0
1.000000 0.000000 0.000000 0.000000
7.375951 -5.081820 -10.893702
-0.632087 0.085195 -0.770200
255 255 255 255
0.624512 0.047852
0 0 0 0
1.000000 0.000000 0.000000 0.000000
7.772751 -3.664419 -11.063823
-0.599423 0.073144 -0.797083
255 255 255 255
0.644531 0.047852
0 0 0 0
1.000000 0.000000 0.000000 0.000000
6.902754 -4.887861 -10.768471
-0.274474 -0.037348 -0.960869
255 255 255 255
0.624512 0.054718
0 0 0 0
1.000000 0.000000 0.000000 0.000000
7.300767 -3.470425 -10.938627
-0.274474 -0.037348 -0.960869
255 255 255 255
0.644531 0.054718
0 0 0 0
1.000000 0.000000 0.000000 0.000000
6.941118 -4.798429 -10.075522
-0.339877 -0.930274 0.138109
255 255 255 255
0.384033 0.056854
0 0 0 0
1.000000 0.000000 0.000000 0.000000
7.467765 -4.994412 -10.090005
-0.339125 -0.930617 0.137643
255 255 255 255
0.376709 0.056854
0 0 0 0
1.000000 0.000000 0.000000 0.000000
6.919715 -4.848528 -10.459680
-0.338207 -0.931274 0.135441
255 255 255 255
0.383789 0.051361
0 0 0 0
1.000000 0.000000 0.000000 0.000000
7.485390 -5.055785 -10.460325
-0.345347 -0.928401 0.137138
255 255 255 255
0.375732 0.050446
0 0 0 0
1.000000 0.000000 0.000000 0.000000
6.902754 -4.887861 -10.768471
-0.338779 -0.930766 0.137490
255 255 255 255
0.383545 0.046814
0 0 0 0
1.000000 0.000000 0.000000 0.000000
7.716230 -5.180606 -10.642348
-0.367135 -0.919950 0.137490
255 255 255 255
0.371338 0.047821
0 0 0 0
1.000000 0.000000 0.000000 0.000000
7.375951 -5.081820 -10.893702
-0.354204 -0.925177 0.136336
255 255 255 255
0.376709 0.045227
0 0 0 0
1.000000 0.000000 0.000000 0.000000
7.594541 -5.219573 -11.263009
-0.361491 -0.923602 0.127606
255 255 255 255
0.372314 0.039917
0 0 0 0
1.000000 0.000000 0.000000 0.000000
7.415005 -5.141500 -11.191628
-0.348321 -0.927162 0.137994
255 255 255 255
0.375488 0.040924
0 0 0 0
1.000000 0.000000 0.000000 0.000000
-9.058391 -3.508004 -6.688272
-0.947654 -0.282781 -0.148280
255 255 255 255
0.579590 0.107361
0 0 0 0
1.000000 0.000000 0.000000 0.000000
-9.098448 -3.488241 -6.469934
-0.948829 -0.282461 -0.141203
255 255 255 255
0.584473 0.107361
0 0 0 0
1.000000 0.000000 0.000000 0.000000
-8.950853 -3.895669 -6.639882
-0.948829 -0.282461 -0.141203
255 255 255 255
0.579590 0.097961
0 0 0 0
1.000000 0.000000 0.000000 0.000000
-8.712755 -4.873003 -6.296959
-0.948829 -0.282461 -0.141203
255 255 255 255
0.584473 0.073669
0 0 0 0
1.000000 0.000000 0.000000 0.000000
-8.906408 -4.133908 -6.469612
-0.948342 -0.284473 -0.140439
255 255 255 255
0.582520 0.091858
0 0 0 0
1.000000 0.000000 0.000000 0.000000
-8.932941 -4.012646 -6.531202
-0.948829 -0.282461 -0.141203
255 255 255 255
0.581543 0.094910
0 0 0 0
1.000000 0.000000 0.000000 0.000000
-8.776640 -4.522724 -6.561522
-0.948342 -0.284473 -0.140439
255 255 255 255
0.579590 0.082703
0 0 0 0
1.000000 0.000000 0.000000 0.000000
-8.673666 -4.892782 -6.515288
-0.948829 -0.282461 -0.141203
255 255 255 255
0.579590 0.073669
0 0 0 0
1.000000 0.000000 0.000000 0.000000
-8.828283 -4.388864 -6.484235
-0.948829 -0.282461 -0.141203
255 255 255 255
0.581543 0.085754
0 0 0 0
1.000000 0.000000 0.000000 0.000000
-8.871499 -4.259296 -6.453941
-0.948829 -0.282461 -0.141203
255 255 255 255
0.582520 0.088806
0 0 0 0
1.000000 0.000000 0.000000 0.000000
-8.966978 -3.553287 -7.188289
-0.948829 -0.282461 -0.141203
255 255 255 255
0.563965 0.107361
0 0 0 0
1.000000 0.000000 0.000000 0.000000
-8.860061 -3.940908 -7.139856
-0.948829 -0.282461 -0.141203
255 255 255 255
0.563965 0.097900
0 0 0 0
1.000000 0.000000 0.000000 0.000000
-8.876010 -3.598536 -7.688291
-0.948829 -0.282461 -0.141203
255 255 255 255
0.553711 0.107361
0 0 0 0
1.000000 0.000000 0.000000 0.000000
-8.803496 -4.077299 -7.245658
-0.949346 -0.280719 -0.141203
255 255 255 255
0.561523 0.094849
0 0 0 0
1.000000 0.000000 0.000000 0.000000
-8.759957 -4.207251 -7.279765
-0.949346 -0.280719 -0.141203
255 255 255 255
0.560059 0.091797
0 0 0 0
1.000000 0.000000 0.000000 0.000000
-8.495701 -4.983331 -7.515281
-0.948829 -0.282461 -0.141203
255 255 255 255
0.553711 0.073669
0 0 0 0
1.000000 0.000000 0.000000 0.000000
-8.725380 -4.332657 -7.264077
-0.949314 -0.280447 -0.141960
255 255 255 255
0.560059 0.088745
0 0 0 0
1.000000 0.000000 0.000000 0.000000
-8.686832 -4.567981 -7.061549
-0.948829 -0.282461 -0.141203
255 255 255 255
0.563965 0.082642
0 0 0 0
1.000000 0.000000 0.000000 0.000000
-8.584443 -4.938039 -7.015296
-0.948829 -0.282461 -0.141203
255 255 255 255
0.563965 0.073669
0 0 0 0
1.000000 0.000000 0.000000 0.000000
-8.699711 -4.453543 -7.198664
-0.948829 -0.282461 -0.141203
255 255 255 255
0.561523 0.085693
0 0 0 0
1.000000 0.000000 0.000000 0.000000
-8.942382 -3.307946 -5.524623
-0.908464 -0.199598 0.367224
255 255 255 255
0.624512 0.039917
0 0 0 0
1.000000 0.000000 0.000000 0.000000
-8.548129 -4.704948 -5.333464
-0.915714 -0.206216 0.344880
255 255 255 255
0.644531 0.039917
0 0 0 0
1.000000 0.000000 0.000000 0.000000
-8.899533 -3.379169 -6.090419
-0.863746 -0.294652 -0.408808
255 255 255 255
0.624512 0.031982
0 0 0 0
1.000000 0.000000 0.000000 0.000000
-8.507941 -4.776145 -5.899182
-0.874349 -0.295022 -0.385325
255 255 255 255
0.644531 0.031982
0 0 0 0
1.000000 0.000000 0.000000 0.000000
-8.223991 -4.673119 -6.058851
-0.742086 -0.289301 -0.604660
255 255 255 255
0.644531 0.026794
0 0 0 0
1.000000 0.000000 0.000000 0.000000
-8.596519 -3.304439 -6.250803
-0.755101 -0.289944 -0.588008
255 255 255 255
0.624512 0.026794
0 0 0 0
1.000000 0.000000 0.000000 0.000000
-8.062674 -4.688457 -6.508744
-0.910032 -0.293944 -0.292300
255 255 255 255
0.644531 0.020340
0 0 0 0
1.000000 0.000000 0.000000 0.000000
-8.458095 -3.334374 -6.688131
-0.909488 -0.292111 -0.295808
255 255 255 255
0.624512 0.020340
0 0 0 0
1.000000 0.000000 0.000000 0.000000
9.159345 -3.508004 -6.688272
0.947273 -0.282116 -0.151938
255 255 255 255
0.579590 0.107361
0 0 0 0
1.000000 0.000000 0.000000 0.000000
9.051808 -3.895669 -6.639882
0.947878 -0.281959 -0.148414
255 255 255 255
0.579590 0.097961
0 0 0 0
1.000000 0.000000 0.000000 0.000000
9.199410 -3.488241 -6.469934
0.947878 -0.281959 -0.148414
255 255 255 255
0.584473 0.107361
0 0 0 0
1.000000 0.000000 0.000000 0.000000
9.033895 -4.012646 -6.531202
0.947878 -0.281959 -0.148414
255 255 255 255
0.581543 0.094910
0 0 0 0
1.000000 0.000000 0.000000 0.000000
9.007362 -4.133908 -6.469612
0.948471 -0.281801 -0.144882
255 255 255 255
0.582520 0.091858
0 0 0 0
1.000000 0.000000 0.000000 0.000000
8.813718 -4.873003 -6.296959
0.948471 -0.281801 -0.144882
255 255 255 255
0.584473 0.073669
0 0 0 0
1.000000 0.000000 0.000000 0.000000
8.972453 -4.259296 -6.453941
0.948471 -0.281801 -0.144882
255 255 255 255
0.582520 0.088806
0 0 0 0
1.000000 0.000000 0.000000 0.000000
8.774611 -4.892782 -6.515288
0.948471 -0.281801 -0.144882
255 255 255 255
0.579590 0.073669
0 0 0 0
1.000000 0.000000 0.000000 0.000000
8.877594 -4.522724 -6.561522
0.947878 -0.281959 -0.148414
255 255 255 255
0.579590 0.082703
0 0 0 0
1.000000 0.000000 0.000000 0.000000
8.929238 -4.388864 -6.484235
0.947878 -0.281959 -0.148414
255 255 255 255
0.581543 0.085754
0 0 0 0
1.000000 0.000000 0.000000 0.000000
9.067932 -3.553287 -7.188289
0.948837 -0.277911 -0.149915
255 255 255 255
0.563965 0.107361
0 0 0 0
1.000000 0.000000 0.000000 0.000000
8.976964 -3.598536 -7.688291
0.948837 -0.277911 -0.149915
255 255 255 255
0.553711 0.107361
0 0 0 0
1.000000 0.000000 0.000000 0.000000
8.961015 -3.940908 -7.139856
0.948837 -0.277911 -0.149915
255 255 255 255
0.563965 0.097900
0 0 0 0
1.000000 0.000000 0.000000 0.000000
8.596655 -4.983331 -7.515281
0.949432 -0.277759 -0.146383
255 255 255 255
0.553711 0.073669
0 0 0 0
1.000000 0.000000 0.000000 0.000000
8.860911 -4.207251 -7.279765
0.949343 -0.276175 -0.149915
255 255 255 255
0.560059 0.091797
0 0 0 0
1.000000 0.000000 0.000000 0.000000
8.904449 -4.077299 -7.245658
0.949343 -0.276175 -0.149915
255 255 255 255
0.561523 0.094849
0 0 0 0
1.000000 0.000000 0.000000 0.000000
8.685397 -4.938039 -7.015296
0.949432 -0.277759 -0.146383
255 255 255 255
0.563965 0.073669
0 0 0 0
1.000000 0.000000 0.000000 0.000000
8.787786 -4.567981 -7.061549
0.949432 -0.277759 -0.146383
255 255 255 255
0.563965 0.082642
0 0 0 0
1.000000 0.000000 0.000000 0.000000
8.800665 -4.453543 -7.198664
0.949432 -0.277759 -0.146383
255 255 255 255
0.561523 0.085693
0 0 0 0
1.000000 0.000000 0.000000 0.000000
8.826334 -4.332657 -7.264077
0.948837 -0.277911 -0.149915
255 255 255 255
0.560059 0.088745
0 0 0 0
1.000000 0.000000 0.000000 0.000000
9.043336 -3.307946 -5.524623
0.907842 -0.202726 0.367049
255 255 255 255
0.624512 0.039917
0 0 0 0
1.000000 0.000000 0.000000 0.000000
9.000486 -3.379169 -6.090419
0.862419 -0.301221 -0.406817
255 255 255 255
0.624512 0.031982
0 0 0 0
1.000000 0.000000 0.000000 0.000000
8.649084 -4.704948 -5.333464
0.915084 -0.209310 0.344689
255 255 255 255
0.644531 0.039917
0 0 0 0
1.000000 0.000000 0.000000 0.000000
8.697473 -3.304439 -6.250803
0.754287 -0.294078 -0.587000
255 255 255 255
0.624512 0.026794
0 0 0 0
1.000000 0.000000 0.000000 0.000000
8.324946 -4.673119 -6.058851
0.742985 -0.291585 -0.602455
255 255 255 255
0.644531 0.026794
0 0 0 0
1.000000 0.000000 0.000000 0.000000
8.608896 -4.776145 -5.899182
0.873551 -0.298632 -0.384354
255 255 255 255
0.644531 0.031982
0 0 0 0
1.000000 0.000000 0.000000 0.000000
8.559050 -3.334374 -6.688131
0.909424 -0.296057 -0.292059
255 255 255 255
0.624512 0.020340
0 0 0 0
1.000000 0.000000 0.000000 0.000000
8.163628 -4.688457 -6.508744
0.909234 -0.297329 -0.291357
255 255 255 255
0.644531 0.020340
0 0 0 0
1.000000 0.000000 0.000000 0.000000
404
100 101 102
103 102 101
294 291 292
295 294 292
286 290 291
290 292 291
242 244 245
246 245 244
246 250 245
247 245 249
250 249 245
8 9 10
11 10 9
12 13 14
15 14 13
16 17 18
19 18 17
277 278 275
276 275 278
279 278 277
274 275 276
234 233 237
235 237 233
32 33 34
35 34 33
442 444 443
48 49 50
51 50 49
269 271 272
269 272 270
273 272 271
269 270 267
268 267 270
266 267 268
64 65 66
255 257 256
260 256 257
255 256 253
254 253 256
259 256 258
260 258 256
68 69 70
71 70 69
560 559 558
560 563 559
558 559 556
557 558 556
562 559 561
563 561 559
557 556 555
554 555 556
84 85 86
87 86 85
88 89 90
91 90 89
92 93 94
95 94 93
96 97 98
99 98 97
4 5 6
7 6 5
28 29 30
31 30 29
444 445 443
446 443 445
46 45 47
437 435 436
438 437 436
433 434 435
434 436 435
104 105 106
107 106 105
108 109 110
111 110 109
569 566 568
569 568 571
564 565 566
567 566 565
567 568 566
570 571 568
548 545 547
549 545 548
553 548 547
544 545 546
549 546 545
553 547 552
551 550 547
552 547 550
430 429 428
430 431 429
426 428 427
427 428 429
432 429 431
425 426 427
419 420 421
420 422 421
423 421 422
424 423 422
288 284 287
286 287 284
283 285 284
283 284 282
286 284 285
283 282 281
280 281 282
286 285 290
289 290 285
293 290 289
466 465 468
469 470 468
460 461 458
462 461 460
456 458 457
459 457 458
459 458 461
450 452 451
453 451 452
454 453 452
450 449 448
450 451 449
447 448 449
245 247 248
251 248 247
238 239 240
240 239 242
241 242 239
243 242 241
485 483 484
482 484 483
485 484 487
486 487 484
481 482 483
486 488 487
489 487 488
473 474 475
474 476 475
475 476 477
478 477 476
480 477 479
478 479 477
0 1 2
3 2 1
82 81 83
76 77 78
79 78 77
75 74 73
72 73 74
439 440 441
442 441 440
224 225 226
226 225 228
227 228 225
229 228 227
264 262 259
259 262 263
265 263 262
60 61 62
63 62 61
57 59 58
52 53 54
55 54 53
43 42 41
36 37 38
39 38 37
27 26 25
24 25 26
230 231 232
234 232 231
23 22 21
20 21 22
296 297 298
300 298 297
300 297 299
300 299 302
301 302 299
303 302 301
304 305 306
306 305 308
307 308 305
310 308 309
307 309 308
310 309 312
311 312 309
40 41 42
44 45 46
56 57 58
66 65 67
80 81 82
470 469 472
471 472 469
467 469 468
467 468 465
464 465 466
498 499 500
128 129 130
152 153 154
168 169 170
176 177 178
179 178 177
231 233 234
235 233 236
243 244 242
252 253 254
258 261 259
264 259 261
325 328 326
400 401 398
399 398 401
338 339 337
340 337 339
378 380 381
394 396 397
441 442 443
455 456 457
461 462 463
112 113 114
115 114 113
184 185 186
187 186 185
188 189 190
191 190 189
132 133 134
135 134 133
136 137 138
139 138 137
148 149 150
151 150 149
155 154 153
540 541 538
539 538 541
540 542 541
543 541 542
536 538 537
539 537 538
535 536 537
531 532 533
534 533 532
531 529 530
531 530 532
527 528 529
528 530 529
377 378 379
381 379 378
192 193 194
195 194 193
412 411 414
410 411 412
413 414 411
413 415 414
416 414 415
416 415 418
417 418 415
164 165 166
167 166 165
496 497 498
499 498 497
491 493 492
494 492 493
495 494 493
490 491 492
336 337 334
338 337 336
333 334 335
335 334 337
170 169 171
402 403 404
404 403 406
403 405 406
409 406 405
409 405 408
407 408 405
330 326 329
331 329 326
332 330 329
328 331 326
172 173 174
175 174 173
349 348 351
348 350 351
353 351 350
347 348 349
353 350 352
355 354 350
354 352 350
591 586 585
591 585 590
587 583 586
586 583 585
590 585 589
588 589 585
587 584 583
582 583 584
339 341 340
345 340 341
345 344 340
342 340 344
381 380 384
383 384 380
393 394 395
322 324 323
327 323 324
322 323 320
321 320 323
326 323 325
327 325 323
319 320 321
212 213 214
215 214 213
208 209 210
211 210 209
204 205 206
207 206 205
200 201 202
203 202 201
196 197 198
199 198 197
507 506 505
504 505 506
507 508 506
510 508 509
507 509 508
511 510 509
180 181 182
183 182 181
499 501 500
512 513 514
513 515 514
516 514 515
517 516 515
160 161 162
163 162 161
144 145 146
147 146 145
140 141 142
143 142 141
130 129 131
124 125 126
127 126 125
120 121 122
123 122 121
352 357 353
352 356 357
353 357 358
356 359 357
360 358 357
361 359 356
362 359 361
519 521 520
518 519 520
522 520 521
522 521 524
523 524 521
526 524 525
523 525 524
388 389 386
387 386 389
388 391 389
385 386 387
392 391 390
388 390 391
374 375 372
373 372 375
376 375 374
371 372 373
364 366 367
365 364 367
370 367 366
363 364 365
370 366 369
368 369 366
395 394 397
396 398 397
399 397 398
340 342 343
346 343 342
156 157 158
159 158 157
216 217 218
219 218 217
501 502 500
503 500 502
220 221 222
223 222 221
313 314 315
315 314 317
316 317 314
318 317 316
116 117 118
119 118 117
572 573 574
575 574 573
575 576 574
576 577 574
578 577 576
578 581 577
581 580 577
579 577 580
380 382 383
592 593 594
597 594 593
597 593 596
595 596 593
595 598 596
599 596 598
